-- --------------------------------------------------------
-- Host:                         127.0.0.1
-- Server version:               10.1.36-MariaDB - mariadb.org binary distribution
-- Server OS:                    Win32
-- HeidiSQL Version:             9.5.0.5196
-- --------------------------------------------------------

/*!40101 SET @OLD_CHARACTER_SET_CLIENT=@@CHARACTER_SET_CLIENT */;
/*!40101 SET NAMES utf8 */;
/*!50503 SET NAMES utf8mb4 */;
/*!40014 SET @OLD_FOREIGN_KEY_CHECKS=@@FOREIGN_KEY_CHECKS, FOREIGN_KEY_CHECKS=0 */;
/*!40101 SET @OLD_SQL_MODE=@@SQL_MODE, SQL_MODE='NO_AUTO_VALUE_ON_ZERO' */;

-- Dumping structure for table mwss.pms_adjustments
DROP TABLE IF EXISTS `pms_adjustments`;
CREATE TABLE IF NOT EXISTS `pms_adjustments` (
  `id` int(11) NOT NULL AUTO_INCREMENT,
  `code` varchar(225) DEFAULT NULL,
  `name` varchar(225) DEFAULT NULL,
  `payroll_group` varchar(225) DEFAULT NULL,
  `tax_type` varchar(225) DEFAULT NULL,
  `itr_classification` varchar(225) DEFAULT NULL,
  `alphalist_classification` varchar(225) DEFAULT NULL,
  `amount` decimal(9,2) DEFAULT NULL,
  `remarks` varchar(225) DEFAULT NULL,
  `created_at` timestamp NULL DEFAULT NULL,
  `updated_at` timestamp NULL DEFAULT NULL,
  `updated_by` int(11) DEFAULT NULL,
  PRIMARY KEY (`id`)
) ENGINE=InnoDB DEFAULT CHARSET=latin1;

-- Dumping data for table mwss.pms_adjustments: ~0 rows (approximately)
/*!40000 ALTER TABLE `pms_adjustments` DISABLE KEYS */;
/*!40000 ALTER TABLE `pms_adjustments` ENABLE KEYS */;

-- Dumping structure for table mwss.pms_annualtax_policy
DROP TABLE IF EXISTS `pms_annualtax_policy`;
CREATE TABLE IF NOT EXISTS `pms_annualtax_policy` (
  `id` bigint(50) NOT NULL AUTO_INCREMENT,
  `from_year` varchar(225) DEFAULT NULL,
  `to_year` varchar(225) DEFAULT NULL,
  `below_amount` decimal(12,2) DEFAULT NULL,
  `above_amount` decimal(12,2) DEFAULT NULL,
  `rate_percentage` decimal(12,2) DEFAULT NULL,
  `rate_amount` decimal(12,2) DEFAULT NULL,
  `excess_amount` decimal(12,2) DEFAULT NULL,
  `effectivity_date` date DEFAULT NULL,
  `remarks` varchar(300) DEFAULT NULL,
  `created_at` timestamp NULL DEFAULT NULL,
  `updated_at` timestamp NULL DEFAULT NULL,
  `updated_by` int(11) DEFAULT NULL,
  `created_by` int(11) DEFAULT NULL,
  PRIMARY KEY (`id`)
) ENGINE=InnoDB AUTO_INCREMENT=6 DEFAULT CHARSET=latin1;

-- Dumping data for table mwss.pms_annualtax_policy: ~5 rows (approximately)
/*!40000 ALTER TABLE `pms_annualtax_policy` DISABLE KEYS */;
INSERT INTO `pms_annualtax_policy` (`id`, `from_year`, `to_year`, `below_amount`, `above_amount`, `rate_percentage`, `rate_amount`, `excess_amount`, `effectivity_date`, `remarks`, `created_at`, `updated_at`, `updated_by`, `created_by`) VALUES
	(1, '2018', '2022', 250000.00, 400000.00, 20.00, 0.00, 250000.00, '2018-10-19', NULL, '2018-10-19 12:19:26', '2018-10-19 12:19:26', NULL, 2),
	(2, '2018', '2022', 400000.00, 800000.00, 25.00, 30000.00, 400000.00, '2018-10-19', NULL, '2018-10-19 12:29:02', '2018-10-19 12:29:02', NULL, 2),
	(3, '2018', '2022', 800000.00, 2000000.00, 30.00, 130000.00, 800000.00, '2018-10-19', NULL, '2018-10-19 12:38:17', '2018-10-19 12:38:17', NULL, 2),
	(4, '2018', '2022', 2000000.00, 8000000.00, 32.00, 490000.00, 2000000.00, '2018-10-19', NULL, '2018-10-19 13:02:26', '2018-10-19 13:02:26', NULL, 2),
	(5, '2018', '2022', 8000000.00, 0.00, 35.00, 2041000.00, 8000000.00, '2018-10-19', NULL, '2018-10-19 13:07:05', '2018-10-19 13:07:05', NULL, 2);
/*!40000 ALTER TABLE `pms_annualtax_policy` ENABLE KEYS */;

-- Dumping structure for table mwss.pms_annual_tax_rates
DROP TABLE IF EXISTS `pms_annual_tax_rates`;
CREATE TABLE IF NOT EXISTS `pms_annual_tax_rates` (
  `id` int(11) NOT NULL AUTO_INCREMENT,
  `employee_number` varchar(225) DEFAULT NULL,
  `employee_id` int(11) DEFAULT NULL,
  `basic_amount` decimal(10,0) DEFAULT NULL,
  `contribution_amount` decimal(10,0) DEFAULT NULL,
  `pera_amount` decimal(10,0) DEFAULT NULL,
  `rata_amount` decimal(10,0) DEFAULT NULL,
  `longevity_amount` decimal(10,0) DEFAULT NULL,
  `hp_amount` decimal(10,0) DEFAULT NULL,
  `tax_amount` decimal(10,0) DEFAULT NULL,
  `for_month` varchar(50) DEFAULT NULL,
  `for_year` varchar(50) DEFAULT NULL,
  `created_at` timestamp NULL DEFAULT NULL,
  `updated_at` timestamp NULL DEFAULT NULL,
  `created_by` int(11) DEFAULT NULL,
  `updated_by` int(11) DEFAULT NULL,
  PRIMARY KEY (`id`)
) ENGINE=InnoDB AUTO_INCREMENT=463 DEFAULT CHARSET=latin1;

-- Dumping data for table mwss.pms_annual_tax_rates: ~24 rows (approximately)
/*!40000 ALTER TABLE `pms_annual_tax_rates` DISABLE KEYS */;
INSERT INTO `pms_annual_tax_rates` (`id`, `employee_number`, `employee_id`, `basic_amount`, `contribution_amount`, `pera_amount`, `rata_amount`, `longevity_amount`, `hp_amount`, `tax_amount`, `for_month`, `for_year`, `created_at`, `updated_at`, `created_by`, `updated_by`) VALUES
	(439, '105', 3, 42730, 4496, 2000, 0, 0, 0, 6939, '1', '2018', '2018-11-10 13:07:21', '2018-11-10 13:07:21', 2, NULL),
	(440, '105', 3, 42730, 4496, 2000, 0, 0, 0, 6939, '2', '2018', '2018-11-10 13:07:21', '2018-11-10 13:07:21', 2, NULL),
	(441, '105', 3, 42730, 4496, 2000, 0, 0, 0, 6939, '3', '2018', '2018-11-10 13:07:21', '2018-11-10 13:07:21', 2, NULL),
	(442, '105', 3, 42730, 4496, 2000, 0, 0, 0, 6939, '4', '2018', '2018-11-10 13:07:21', '2018-11-10 13:07:21', 2, NULL),
	(443, '105', 3, 42730, 4496, 2000, 0, 0, 0, 6939, '5', '2018', '2018-11-10 13:07:21', '2018-11-10 13:07:21', 2, NULL),
	(444, '105', 3, 42730, 4496, 2000, 0, 0, 0, 6939, '6', '2018', '2018-11-10 13:07:21', '2018-11-10 13:07:21', 2, NULL),
	(445, '105', 3, 42730, 4496, 2000, 0, 0, 0, 6939, '7', '2018', '2018-11-10 13:07:21', '2018-11-10 13:07:21', 2, NULL),
	(446, '105', 3, 42730, 4496, 2000, 0, 0, 0, 6939, '8', '2018', '2018-11-10 13:07:21', '2018-11-10 13:07:21', 2, NULL),
	(447, '105', 3, 42730, 4496, 2000, 0, 0, 0, 6939, '9', '2018', '2018-11-10 13:07:21', '2018-11-10 13:07:21', 2, NULL),
	(448, '105', 3, 42730, 4496, 2000, 0, 0, 0, 6939, '10', '2018', '2018-11-10 13:07:21', '2018-11-10 13:07:21', 2, NULL),
	(449, '105', 3, 42730, 4496, 2000, 0, 0, 0, 6939, '11', '2018', '2018-11-10 13:07:21', '2018-11-10 13:07:21', 2, NULL),
	(450, '105', 3, 42730, 4496, 2000, 0, 0, 0, 6939, '12', '2018', '2018-11-10 13:07:22', '2018-11-10 13:07:22', 2, NULL),
	(451, '50', 47, 114981, 6259, 2000, 0, 0, 0, 28071, '1', '2018', '2018-11-22 12:54:40', '2018-11-22 12:54:40', 2, NULL),
	(452, '50', 47, 114981, 6259, 2000, 0, 0, 0, 28071, '2', '2018', '2018-11-22 12:54:40', '2018-11-22 12:54:40', 2, NULL),
	(453, '50', 47, 114981, 6259, 2000, 0, 0, 0, 28071, '3', '2018', '2018-11-22 12:54:40', '2018-11-22 12:54:40', 2, NULL),
	(454, '50', 47, 114981, 6259, 2000, 0, 0, 0, 28071, '4', '2018', '2018-11-22 12:54:40', '2018-11-22 12:54:40', 2, NULL),
	(455, '50', 47, 114981, 6259, 2000, 0, 0, 0, 28071, '5', '2018', '2018-11-22 12:54:40', '2018-11-22 12:54:40', 2, NULL),
	(456, '50', 47, 114981, 6259, 2000, 0, 0, 0, 28071, '6', '2018', '2018-11-22 12:54:40', '2018-11-22 12:54:40', 2, NULL),
	(457, '50', 47, 114981, 6259, 2000, 0, 0, 0, 28071, '7', '2018', '2018-11-22 12:54:40', '2018-11-22 12:54:40', 2, NULL),
	(458, '50', 47, 114981, 6259, 2000, 0, 0, 0, 28071, '8', '2018', '2018-11-22 12:54:40', '2018-11-22 12:54:40', 2, NULL),
	(459, '50', 47, 114981, 6259, 2000, 0, 0, 0, 28071, '9', '2018', '2018-11-22 12:54:41', '2018-11-22 12:54:41', 2, NULL),
	(460, '50', 47, 114981, 6259, 2000, 0, 0, 0, 28071, '10', '2018', '2018-11-22 12:54:41', '2018-11-22 12:54:41', 2, NULL),
	(461, '50', 47, 114981, 6259, 2000, 0, 0, 0, 28071, '11', '2018', '2018-11-22 12:54:41', '2018-11-22 12:54:41', 2, NULL),
	(462, '50', 47, 114981, 6259, 2000, 0, 0, 0, 28071, '12', '2018', '2018-11-22 12:54:41', '2018-11-22 12:54:41', 2, NULL);
/*!40000 ALTER TABLE `pms_annual_tax_rates` ENABLE KEYS */;

-- Dumping structure for table mwss.pms_attendance_info
DROP TABLE IF EXISTS `pms_attendance_info`;
CREATE TABLE IF NOT EXISTS `pms_attendance_info` (
  `id` int(11) NOT NULL AUTO_INCREMENT,
  `employee_id` int(11) DEFAULT NULL,
  `transaction_id` int(11) DEFAULT NULL,
  `actual_workdays` int(11) DEFAULT NULL,
  `adjust_workdays` int(11) DEFAULT NULL,
  `total_workdays` decimal(9,2) DEFAULT NULL,
  `actual_absence` int(11) DEFAULT NULL,
  `adjust_absence` int(11) DEFAULT NULL,
  `total_absence` decimal(9,2) DEFAULT NULL,
  `actual_tardines` int(11) DEFAULT NULL,
  `adjust_tardines` int(11) DEFAULT NULL,
  `total_tardines` decimal(9,2) DEFAULT NULL,
  `actual_undertime` int(11) DEFAULT NULL,
  `adjust_undertime` int(11) DEFAULT NULL,
  `total_undertime` decimal(9,2) DEFAULT NULL,
  `month` varchar(225) DEFAULT NULL,
  `year` varchar(225) DEFAULT NULL,
  `employee_status` varchar(225) DEFAULT NULL,
  `created_at` timestamp NULL DEFAULT NULL,
  `updated_at` timestamp NULL DEFAULT NULL,
  `updated_by` int(11) DEFAULT NULL,
  PRIMARY KEY (`id`)
) ENGINE=InnoDB DEFAULT CHARSET=latin1;

-- Dumping data for table mwss.pms_attendance_info: ~0 rows (approximately)
/*!40000 ALTER TABLE `pms_attendance_info` DISABLE KEYS */;
/*!40000 ALTER TABLE `pms_attendance_info` ENABLE KEYS */;

-- Dumping structure for table mwss.pms_bankbranches
DROP TABLE IF EXISTS `pms_bankbranches`;
CREATE TABLE IF NOT EXISTS `pms_bankbranches` (
  `id` int(11) NOT NULL AUTO_INCREMENT,
  `code` varchar(225) DEFAULT NULL,
  `name` varchar(225) DEFAULT NULL,
  `address` varchar(225) DEFAULT NULL,
  `remarks` varchar(225) DEFAULT NULL,
  `created_at` timestamp NULL DEFAULT NULL,
  `updated_at` timestamp NULL DEFAULT NULL,
  `updated_by` int(11) DEFAULT NULL,
  PRIMARY KEY (`id`)
) ENGINE=InnoDB AUTO_INCREMENT=7 DEFAULT CHARSET=latin1;

-- Dumping data for table mwss.pms_bankbranches: ~6 rows (approximately)
/*!40000 ALTER TABLE `pms_bankbranches` DISABLE KEYS */;
INSERT INTO `pms_bankbranches` (`id`, `code`, `name`, `address`, `remarks`, `created_at`, `updated_at`, `updated_by`) VALUES
	(1, 'MANILA', 'Manila', NULL, NULL, '2018-06-09 04:45:58', '2018-06-09 04:46:24', NULL),
	(2, 'QC', 'Quezon City', NULL, NULL, '2018-06-09 04:46:14', '2018-06-09 04:46:14', NULL),
	(3, 'CALOOCAN', 'Caloocan', NULL, NULL, '2018-06-09 04:46:48', '2018-06-09 04:46:48', NULL),
	(4, 'PASAY', 'Pasay', NULL, NULL, '2018-06-09 04:47:16', '2018-06-09 04:47:16', NULL),
	(5, 'PC', 'PASIG KAPITOLYO', NULL, NULL, '2018-06-21 04:30:31', '2018-06-21 04:30:31', NULL),
	(6, 'MY', 'Mandaluyong', NULL, NULL, '2018-06-21 07:56:18', '2018-06-21 07:56:18', NULL);
/*!40000 ALTER TABLE `pms_bankbranches` ENABLE KEYS */;

-- Dumping structure for table mwss.pms_banks
DROP TABLE IF EXISTS `pms_banks`;
CREATE TABLE IF NOT EXISTS `pms_banks` (
  `id` int(11) NOT NULL AUTO_INCREMENT,
  `code` varchar(225) DEFAULT NULL,
  `name` varchar(225) DEFAULT NULL,
  `branch_name` varchar(225) DEFAULT NULL,
  `bank_accountno` varchar(225) DEFAULT NULL,
  `remarks` varchar(225) DEFAULT NULL,
  `created_at` timestamp NULL DEFAULT NULL,
  `updated_at` timestamp NULL DEFAULT NULL,
  `updated_by` int(11) DEFAULT NULL,
  PRIMARY KEY (`id`)
) ENGINE=InnoDB AUTO_INCREMENT=6 DEFAULT CHARSET=latin1;

-- Dumping data for table mwss.pms_banks: ~5 rows (approximately)
/*!40000 ALTER TABLE `pms_banks` DISABLE KEYS */;
INSERT INTO `pms_banks` (`id`, `code`, `name`, `branch_name`, `bank_accountno`, `remarks`, `created_at`, `updated_at`, `updated_by`) VALUES
	(1, 'BDO', 'Banco De Oro', 'Manila', '234567', NULL, '2018-06-09 04:43:22', '2018-06-22 12:14:56', NULL),
	(2, 'BPI', 'Bank of Philippine Islands', 'Manila', '234567', NULL, '2018-06-09 04:44:42', '2018-06-22 12:14:47', NULL),
	(3, 'MB', 'Metro Bank', 'Manila', '345678', NULL, '2018-06-09 04:45:04', '2018-06-22 12:13:58', NULL),
	(4, 'BSP', 'Bangko Sentral ng Pilipinas', 'Manila', '456756789', NULL, '2018-06-09 04:45:43', '2018-06-22 12:14:35', NULL),
	(5, 'LBP', 'Land Bank of the Philippines', 'Manila', '35645678', NULL, '2018-06-21 04:30:06', '2018-06-22 12:14:19', NULL);
/*!40000 ALTER TABLE `pms_banks` ENABLE KEYS */;

-- Dumping structure for table mwss.pms_beginning_balances
DROP TABLE IF EXISTS `pms_beginning_balances`;
CREATE TABLE IF NOT EXISTS `pms_beginning_balances` (
  `id` int(11) NOT NULL AUTO_INCREMENT,
  `employee_id` int(11) DEFAULT NULL,
  `premium_amount` decimal(9,2) DEFAULT NULL,
  `tax_witheld` decimal(9,2) DEFAULT NULL,
  `basic_pay` decimal(9,2) DEFAULT NULL,
  `overtime_pay` decimal(9,2) DEFAULT NULL,
  `thirteen_month_pay` decimal(9,2) DEFAULT NULL,
  `deminimis` decimal(9,2) DEFAULT NULL,
  `other_salaries` decimal(9,2) DEFAULT NULL,
  `taxable_basic_pay` decimal(9,2) DEFAULT NULL,
  `taxable_overtime_pay` decimal(9,2) DEFAULT NULL,
  `taxable_thirteen_month_pay` decimal(9,2) DEFAULT NULL,
  `taxable_other_salaries` decimal(9,2) DEFAULT NULL,
  `as_of_date` date DEFAULT NULL,
  `created_at` timestamp NULL DEFAULT NULL,
  `updated_at` timestamp NULL DEFAULT NULL,
  `created_by` int(11) DEFAULT NULL,
  PRIMARY KEY (`id`)
) ENGINE=InnoDB AUTO_INCREMENT=2 DEFAULT CHARSET=latin1;

-- Dumping data for table mwss.pms_beginning_balances: ~0 rows (approximately)
/*!40000 ALTER TABLE `pms_beginning_balances` DISABLE KEYS */;
INSERT INTO `pms_beginning_balances` (`id`, `employee_id`, `premium_amount`, `tax_witheld`, `basic_pay`, `overtime_pay`, `thirteen_month_pay`, `deminimis`, `other_salaries`, `taxable_basic_pay`, `taxable_overtime_pay`, `taxable_thirteen_month_pay`, `taxable_other_salaries`, `as_of_date`, `created_at`, `updated_at`, `created_by`) VALUES
	(1, 92, 30000.00, 2131232.00, 321.00, 321.00, 312.00, 312.00, 321.00, 321.00, 321.00, 312.00, 321.00, '2018-07-24', '2018-07-17 13:31:41', '2018-07-17 14:25:25', NULL);
/*!40000 ALTER TABLE `pms_beginning_balances` ENABLE KEYS */;

-- Dumping structure for table mwss.pms_benefitinfo_transactions
DROP TABLE IF EXISTS `pms_benefitinfo_transactions`;
CREATE TABLE IF NOT EXISTS `pms_benefitinfo_transactions` (
  `id` int(11) NOT NULL AUTO_INCREMENT,
  `employee_id` int(11) DEFAULT NULL,
  `employee_number` varchar(225) DEFAULT NULL,
  `transaction_id` int(11) DEFAULT NULL,
  `benefit_id` int(11) DEFAULT NULL,
  `benefit_info_id` int(11) DEFAULT NULL,
  `amount` decimal(9,2) DEFAULT NULL,
  `status` varchar(50) DEFAULT NULL,
  `year` varchar(50) DEFAULT NULL,
  `month` varchar(50) DEFAULT NULL,
  `created_by` int(11) DEFAULT NULL,
  `updated_by` int(11) DEFAULT NULL,
  `created_at` timestamp NULL DEFAULT NULL,
  `updated_at` timestamp NULL DEFAULT NULL,
  PRIMARY KEY (`id`)
) ENGINE=InnoDB AUTO_INCREMENT=110 DEFAULT CHARSET=latin1;

-- Dumping data for table mwss.pms_benefitinfo_transactions: ~0 rows (approximately)
/*!40000 ALTER TABLE `pms_benefitinfo_transactions` DISABLE KEYS */;
INSERT INTO `pms_benefitinfo_transactions` (`id`, `employee_id`, `employee_number`, `transaction_id`, `benefit_id`, `benefit_info_id`, `amount`, `status`, `year`, `month`, `created_by`, `updated_by`, `created_at`, `updated_at`) VALUES
	(1, 17, '105', NULL, 4, 41, 2000.00, 'pera', '2018', 'November', 2, NULL, '2018-11-23 05:46:28', '2018-11-23 05:46:28'),
	(2, 22, '115', NULL, 4, 46, 2000.00, 'pera', '2018', 'November', 2, NULL, '2018-11-23 05:46:28', '2018-11-23 05:46:28'),
	(3, 47, '50', NULL, 6, 3, 4500.00, 'pera', '2018', 'November', 2, NULL, '2018-11-23 05:46:29', '2018-11-23 05:46:29'),
	(4, 10, '38', NULL, 6, 9, 3750.00, 'pera', '2018', 'November', 2, NULL, '2018-11-23 05:46:29', '2018-11-23 05:46:29'),
	(5, 30, '129', NULL, 4, 54, 2000.00, 'pera', '2018', 'November', 2, NULL, '2018-11-23 05:46:29', '2018-11-23 05:46:29'),
	(6, 24, '120', NULL, 4, 48, 2000.00, 'pera', '2018', 'November', 2, NULL, '2018-11-23 05:46:30', '2018-11-23 05:46:30'),
	(7, 35, '138', NULL, 4, 59, 2000.00, 'pera', '2018', 'November', 2, NULL, '2018-11-23 05:46:30', '2018-11-23 05:46:30'),
	(8, 48, '69', NULL, 4, 61, 2000.00, 'pera', '2018', 'November', 2, NULL, '2018-11-23 05:46:30', '2018-11-23 05:46:30'),
	(9, 9, '37', NULL, 4, 33, 2000.00, 'pera', '2018', 'November', 2, NULL, '2018-11-23 05:46:31', '2018-11-23 05:46:31'),
	(10, 5, '23', NULL, 4, 29, 2000.00, 'pera', '2018', 'November', 2, NULL, '2018-11-23 05:46:31', '2018-11-23 05:46:31'),
	(11, 19, '110', NULL, 4, 43, 2000.00, 'pera', '2018', 'November', 2, NULL, '2018-11-23 05:46:31', '2018-11-23 05:46:31'),
	(12, 23, '117', NULL, 4, 47, 2000.00, 'pera', '2018', 'November', 2, NULL, '2018-11-23 05:46:31', '2018-11-23 05:46:31'),
	(13, 29, '128', NULL, 6, 8, 4500.00, 'pera', '2018', 'November', 2, NULL, '2018-11-23 05:46:32', '2018-11-23 05:46:32'),
	(14, 27, '126', NULL, 4, 51, 2000.00, 'pera', '2018', 'November', 2, NULL, '2018-11-23 05:46:32', '2018-11-23 05:46:32'),
	(15, 49, '36', NULL, 4, 62, 2000.00, 'pera', '2018', 'November', 2, NULL, '2018-11-23 05:46:32', '2018-11-23 05:46:32'),
	(16, 13, '59', NULL, 6, 6, 4500.00, 'pera', '2018', 'November', 2, NULL, '2018-11-23 05:46:32', '2018-11-23 05:46:32'),
	(17, 50, '96', NULL, 4, 63, 2000.00, 'pera', '2018', 'November', 2, NULL, '2018-11-23 05:46:33', '2018-11-23 05:46:33'),
	(18, 28, '127', NULL, 4, 52, 2000.00, 'pera', '2018', 'November', 2, NULL, '2018-11-23 05:46:33', '2018-11-23 05:46:33'),
	(19, 14, '61', NULL, 4, 38, 2000.00, 'pera', '2018', 'November', 2, NULL, '2018-11-23 05:46:33', '2018-11-23 05:46:33'),
	(20, 7, '29', NULL, 4, 31, 2000.00, 'pera', '2018', 'November', 2, NULL, '2018-11-23 05:46:33', '2018-11-23 05:46:33'),
	(21, 20, '113', NULL, 4, 44, 2000.00, 'pera', '2018', 'November', 2, NULL, '2018-11-23 05:46:34', '2018-11-23 05:46:34'),
	(22, 51, '130', NULL, 4, 64, 2000.00, 'pera', '2018', 'November', 2, NULL, '2018-11-23 05:46:34', '2018-11-23 05:46:34'),
	(23, 52, '72', NULL, 4, 65, 2000.00, 'pera', '2018', 'November', 2, NULL, '2018-11-23 05:46:34', '2018-11-23 05:46:34'),
	(24, 8, '30', NULL, 6, 4, 3750.00, 'pera', '2018', 'November', 2, NULL, '2018-11-23 05:46:35', '2018-11-23 05:46:35'),
	(25, 11, '40', NULL, 6, 10, 3750.00, 'pera', '2018', 'November', 2, NULL, '2018-11-23 05:46:36', '2018-11-23 05:46:36'),
	(26, 34, '136', NULL, 4, 58, 2000.00, 'pera', '2018', 'November', 2, NULL, '2018-11-23 05:46:36', '2018-11-23 05:46:36'),
	(27, 53, '131', NULL, 4, 66, 2000.00, 'pera', '2018', 'November', 2, NULL, '2018-11-23 05:46:36', '2018-11-23 05:46:36'),
	(28, 33, '135', NULL, 4, 57, 2000.00, 'pera', '2018', 'November', 2, NULL, '2018-11-23 05:46:37', '2018-11-23 05:46:37'),
	(29, 25, '121', NULL, 4, 49, 2000.00, 'pera', '2018', 'November', 2, NULL, '2018-11-23 05:46:37', '2018-11-23 05:46:37'),
	(30, 55, '123', NULL, 6, 11, 4500.00, 'pera', '2018', 'November', 2, NULL, '2018-11-23 05:46:37', '2018-11-23 05:46:37'),
	(31, 56, '24', NULL, 4, 68, 2000.00, 'pera', '2018', 'November', 2, NULL, '2018-11-23 05:46:38', '2018-11-23 05:46:38'),
	(32, 3, '21', NULL, 4, 27, 2000.00, 'pera', '2018', 'November', 2, NULL, '2018-11-23 05:46:38', '2018-11-23 05:46:38'),
	(33, 6, '28', NULL, 4, 30, 2000.00, 'pera', '2018', 'November', 2, NULL, '2018-11-23 05:46:39', '2018-11-23 05:46:39'),
	(34, 58, '70', NULL, 4, 69, 2000.00, 'pera', '2018', 'November', 2, NULL, '2018-11-23 05:46:39', '2018-11-23 05:46:39'),
	(35, 16, '97', NULL, 4, 40, 2000.00, 'pera', '2018', 'November', 2, NULL, '2018-11-23 05:46:40', '2018-11-23 05:46:40'),
	(36, 59, '133', NULL, 6, 5, 3750.00, 'pera', '2018', 'November', 2, NULL, '2018-11-23 05:46:40', '2018-11-23 05:46:40'),
	(37, 60, '125', NULL, 4, 71, 2000.00, 'pera', '2018', 'November', 2, NULL, '2018-11-23 05:46:41', '2018-11-23 05:46:41'),
	(38, 61, '81', NULL, 4, 72, 2000.00, 'pera', '2018', 'November', 2, NULL, '2018-11-23 05:46:42', '2018-11-23 05:46:42'),
	(39, 63, '112', NULL, 4, 73, 2000.00, 'pera', '2018', 'November', 2, NULL, '2018-11-23 05:46:43', '2018-11-23 05:46:43'),
	(40, 2, '15', NULL, 4, 26, 2000.00, 'pera', '2018', 'November', 2, NULL, '2018-11-23 05:46:43', '2018-11-23 05:46:43'),
	(41, 4, '22', NULL, 4, 28, 2000.00, 'pera', '2018', 'November', 2, NULL, '2018-11-23 05:46:44', '2018-11-23 05:46:44'),
	(42, 64, '118', NULL, 4, 74, 2000.00, 'pera', '2018', 'November', 2, NULL, '2018-11-23 05:46:44', '2018-11-23 05:46:44'),
	(43, 15, '80', NULL, 6, 13, 3750.00, 'pera', '2018', 'November', 2, NULL, '2018-11-23 05:46:44', '2018-11-23 05:46:44'),
	(44, 65, '73', NULL, 4, 75, 2000.00, 'pera', '2018', 'November', 2, NULL, '2018-11-23 05:46:44', '2018-11-23 05:46:44'),
	(45, 66, '12', NULL, 6, 12, 3750.00, 'pera', '2018', 'November', 2, NULL, '2018-11-23 05:46:45', '2018-11-23 05:46:45'),
	(46, 21, '114', NULL, 4, 45, 2000.00, 'pera', '2018', 'November', 2, NULL, '2018-11-23 05:46:45', '2018-11-23 05:46:45'),
	(47, 26, '122', NULL, 4, 50, 2000.00, 'pera', '2018', 'November', 2, NULL, '2018-11-23 05:46:45', '2018-11-23 05:46:45'),
	(48, 69, '33', NULL, 4, 77, 2000.00, 'pera', '2018', 'November', 2, NULL, '2018-11-23 05:46:46', '2018-11-23 05:46:46'),
	(49, 1, '11', NULL, 4, 84, 2000.00, 'pera', '2018', 'January', 2, NULL, '2018-11-23 05:48:17', '2018-11-23 05:48:17'),
	(50, 31, '132', NULL, 4, 55, 2000.00, 'pera', '2018', 'January', 2, NULL, '2018-11-23 05:48:17', '2018-11-23 05:48:17'),
	(51, 71, '71', NULL, 4, 78, 2000.00, 'pera', '2018', 'January', 2, NULL, '2018-11-23 05:48:17', '2018-11-23 05:48:17'),
	(52, 72, '85', NULL, 4, 79, 2000.00, 'pera', '2018', 'January', 2, NULL, '2018-11-23 05:48:18', '2018-11-23 05:48:18'),
	(53, 74, '124', NULL, 6, 1, 5000.00, 'pera', '2018', 'January', 2, NULL, '2018-11-23 05:48:18', '2018-11-23 05:48:18'),
	(54, 76, '18', NULL, 6, 7, 3750.00, 'pera', '2018', 'January', 2, NULL, '2018-11-23 05:48:18', '2018-11-23 05:48:18'),
	(55, 77, '137', NULL, 4, 82, 2000.00, 'pera', '2018', 'January', 2, NULL, '2018-11-23 05:48:18', '2018-11-23 05:48:18'),
	(56, 18, '109', NULL, 4, 42, 2000.00, 'pera', '2018', 'January', 2, NULL, '2018-11-23 05:48:19', '2018-11-23 05:48:19'),
	(57, 12, '51', NULL, 4, 36, 2000.00, 'pera', '2018', 'January', 2, NULL, '2018-11-23 05:48:19', '2018-11-23 05:48:19'),
	(58, 32, '134', NULL, 6, 2, 3750.00, 'pera', '2018', 'January', 2, NULL, '2018-11-23 05:48:20', '2018-11-23 05:48:20'),
	(59, 78, '35', NULL, 4, 83, 2000.00, 'pera', '2018', 'January', 2, NULL, '2018-11-23 05:48:20', '2018-11-23 05:48:20'),
	(60, 17, '105', NULL, 4, 41, 2000.00, 'pera', '2018', 'January', 2, NULL, '2018-11-23 05:48:38', '2018-11-23 05:48:38'),
	(62, 47, '50', NULL, 6, 3, 4500.00, 'pera', '2018', 'January', 2, NULL, '2018-11-23 05:48:38', '2018-11-23 05:48:38'),
	(63, 10, '38', NULL, 6, 9, 3750.00, 'pera', '2018', 'January', 2, NULL, '2018-11-23 05:48:39', '2018-11-23 05:48:39'),
	(64, 30, '129', NULL, 4, 54, 2000.00, 'pera', '2018', 'January', 2, NULL, '2018-11-23 05:48:39', '2018-11-23 05:48:39'),
	(65, 24, '120', NULL, 4, 48, 2000.00, 'pera', '2018', 'January', 2, NULL, '2018-11-23 05:48:39', '2018-11-23 05:48:39'),
	(66, 35, '138', NULL, 4, 59, 2000.00, 'pera', '2018', 'January', 2, NULL, '2018-11-23 05:48:39', '2018-11-23 05:48:39'),
	(67, 48, '69', NULL, 4, 61, 2000.00, 'pera', '2018', 'January', 2, NULL, '2018-11-23 05:48:39', '2018-11-23 05:48:39'),
	(68, 9, '37', NULL, 4, 33, 2000.00, 'pera', '2018', 'January', 2, NULL, '2018-11-23 05:48:40', '2018-11-23 05:48:40'),
	(69, 5, '23', NULL, 4, 29, 2000.00, 'pera', '2018', 'January', 2, NULL, '2018-11-23 05:48:40', '2018-11-23 05:48:40'),
	(70, 19, '110', NULL, 4, 43, 2000.00, 'pera', '2018', 'January', 2, NULL, '2018-11-23 05:48:41', '2018-11-23 05:48:41'),
	(71, 23, '117', NULL, 4, 47, 2000.00, 'pera', '2018', 'January', 2, NULL, '2018-11-23 05:48:41', '2018-11-23 05:48:41'),
	(72, 29, '128', NULL, 6, 8, 4500.00, 'pera', '2018', 'January', 2, NULL, '2018-11-23 05:48:42', '2018-11-23 05:48:42'),
	(73, 27, '126', NULL, 4, 51, 2000.00, 'pera', '2018', 'January', 2, NULL, '2018-11-23 05:48:42', '2018-11-23 05:48:42'),
	(74, 49, '36', NULL, 4, 62, 2000.00, 'pera', '2018', 'January', 2, NULL, '2018-11-23 05:48:43', '2018-11-23 05:48:43'),
	(75, 13, '59', NULL, 6, 6, 4500.00, 'pera', '2018', 'January', 2, NULL, '2018-11-23 05:48:43', '2018-11-23 05:48:43'),
	(76, 50, '96', NULL, 4, 63, 2000.00, 'pera', '2018', 'January', 2, NULL, '2018-11-23 05:48:43', '2018-11-23 05:48:43'),
	(77, 28, '127', NULL, 4, 52, 2000.00, 'pera', '2018', 'January', 2, NULL, '2018-11-23 05:48:44', '2018-11-23 05:48:44'),
	(78, 14, '61', NULL, 4, 38, 2000.00, 'pera', '2018', 'January', 2, NULL, '2018-11-23 05:48:44', '2018-11-23 05:48:44'),
	(79, 7, '29', NULL, 4, 31, 2000.00, 'pera', '2018', 'January', 2, NULL, '2018-11-23 05:48:45', '2018-11-23 05:48:45'),
	(80, 20, '113', NULL, 4, 44, 2000.00, 'pera', '2018', 'January', 2, NULL, '2018-11-23 05:48:45', '2018-11-23 05:48:45'),
	(81, 51, '130', NULL, 4, 64, 2000.00, 'pera', '2018', 'January', 2, NULL, '2018-11-23 05:48:45', '2018-11-23 05:48:45'),
	(82, 52, '72', NULL, 4, 65, 2000.00, 'pera', '2018', 'January', 2, NULL, '2018-11-23 05:48:46', '2018-11-23 05:48:46'),
	(83, 8, '30', NULL, 6, 4, 3750.00, 'pera', '2018', 'January', 2, NULL, '2018-11-23 05:48:46', '2018-11-23 05:48:46'),
	(84, 11, '40', NULL, 6, 10, 3750.00, 'pera', '2018', 'January', 2, NULL, '2018-11-23 05:48:47', '2018-11-23 05:48:47'),
	(85, 34, '136', NULL, 4, 58, 2000.00, 'pera', '2018', 'January', 2, NULL, '2018-11-23 05:48:47', '2018-11-23 05:48:47'),
	(86, 53, '131', NULL, 4, 66, 2000.00, 'pera', '2018', 'January', 2, NULL, '2018-11-23 05:48:47', '2018-11-23 05:48:47'),
	(87, 33, '135', NULL, 4, 57, 2000.00, 'pera', '2018', 'January', 2, NULL, '2018-11-23 05:48:47', '2018-11-23 05:48:47'),
	(88, 25, '121', NULL, 4, 49, 2000.00, 'pera', '2018', 'January', 2, NULL, '2018-11-23 05:48:48', '2018-11-23 05:48:48'),
	(89, 55, '123', NULL, 6, 11, 4500.00, 'pera', '2018', 'January', 2, NULL, '2018-11-23 05:48:48', '2018-11-23 05:48:48'),
	(90, 56, '24', NULL, 4, 68, 2000.00, 'pera', '2018', 'January', 2, NULL, '2018-11-23 05:48:48', '2018-11-23 05:48:48'),
	(91, 3, '21', NULL, 4, 27, 2000.00, 'pera', '2018', 'January', 2, NULL, '2018-11-23 05:48:49', '2018-11-23 05:48:49'),
	(92, 6, '28', NULL, 4, 30, 2000.00, 'pera', '2018', 'January', 2, NULL, '2018-11-23 05:48:50', '2018-11-23 05:48:50'),
	(93, 58, '70', NULL, 4, 69, 2000.00, 'pera', '2018', 'January', 2, NULL, '2018-11-23 05:48:50', '2018-11-23 05:48:50'),
	(94, 16, '97', NULL, 4, 40, 2000.00, 'pera', '2018', 'January', 2, NULL, '2018-11-23 05:48:51', '2018-11-23 05:48:51'),
	(95, 59, '133', NULL, 6, 5, 3750.00, 'pera', '2018', 'January', 2, NULL, '2018-11-23 05:48:51', '2018-11-23 05:48:51'),
	(96, 60, '125', NULL, 4, 71, 2000.00, 'pera', '2018', 'January', 2, NULL, '2018-11-23 05:48:52', '2018-11-23 05:48:52'),
	(97, 61, '81', NULL, 4, 72, 2000.00, 'pera', '2018', 'January', 2, NULL, '2018-11-23 05:48:53', '2018-11-23 05:48:53'),
	(98, 63, '112', NULL, 4, 73, 2000.00, 'pera', '2018', 'January', 2, NULL, '2018-11-23 05:48:53', '2018-11-23 05:48:53'),
	(99, 2, '15', NULL, 4, 26, 2000.00, 'pera', '2018', 'January', 2, NULL, '2018-11-23 05:48:54', '2018-11-23 05:48:54'),
	(100, 4, '22', NULL, 4, 28, 2000.00, 'pera', '2018', 'January', 2, NULL, '2018-11-23 05:48:55', '2018-11-23 05:48:55'),
	(101, 64, '118', NULL, 4, 74, 2000.00, 'pera', '2018', 'January', 2, NULL, '2018-11-23 05:48:55', '2018-11-23 05:48:55'),
	(102, 15, '80', NULL, 6, 13, 3750.00, 'pera', '2018', 'January', 2, NULL, '2018-11-23 05:48:55', '2018-11-23 05:48:55'),
	(103, 65, '73', NULL, 4, 75, 2000.00, 'pera', '2018', 'January', 2, NULL, '2018-11-23 05:48:56', '2018-11-23 05:48:56'),
	(104, 66, '12', NULL, 6, 12, 3750.00, 'pera', '2018', 'January', 2, NULL, '2018-11-23 05:48:57', '2018-11-23 05:48:57'),
	(105, 21, '114', NULL, 4, 45, 2000.00, 'pera', '2018', 'January', 2, NULL, '2018-11-23 05:48:57', '2018-11-23 05:48:57'),
	(106, 26, '122', NULL, 4, 50, 2000.00, 'pera', '2018', 'January', 2, NULL, '2018-11-23 05:48:58', '2018-11-23 05:48:58'),
	(107, 69, '33', NULL, 4, 77, 2000.00, 'pera', '2018', 'January', 2, NULL, '2018-11-23 05:48:59', '2018-11-23 05:48:59'),
	(109, 22, '115', NULL, 4, 46, 2000.00, 'pera', '2018', 'January', 2, NULL, '2018-11-23 05:50:12', '2018-11-23 05:50:12');
/*!40000 ALTER TABLE `pms_benefitinfo_transactions` ENABLE KEYS */;

-- Dumping structure for table mwss.pms_benefits
DROP TABLE IF EXISTS `pms_benefits`;
CREATE TABLE IF NOT EXISTS `pms_benefits` (
  `id` int(11) NOT NULL AUTO_INCREMENT,
  `code` varchar(225) DEFAULT NULL,
  `name` varchar(225) DEFAULT NULL,
  `amount` decimal(9,2) DEFAULT NULL,
  `de_minimis_type` varchar(225) DEFAULT NULL,
  `computation_type` varchar(225) DEFAULT NULL,
  `payroll_group` varchar(225) DEFAULT NULL,
  `tax_type` varchar(225) DEFAULT NULL,
  `itr_classification` varchar(225) DEFAULT NULL,
  `alphalist_classification` varchar(225) DEFAULT NULL,
  `remarks` varchar(225) DEFAULT NULL,
  `created_at` timestamp NULL DEFAULT NULL,
  `updated_at` timestamp NULL DEFAULT NULL,
  `updated_by` int(11) DEFAULT NULL,
  PRIMARY KEY (`id`)
) ENGINE=InnoDB AUTO_INCREMENT=20 DEFAULT CHARSET=latin1;

-- Dumping data for table mwss.pms_benefits: ~12 rows (approximately)
/*!40000 ALTER TABLE `pms_benefits` DISABLE KEYS */;
INSERT INTO `pms_benefits` (`id`, `code`, `name`, `amount`, `de_minimis_type`, `computation_type`, `payroll_group`, `tax_type`, `itr_classification`, `alphalist_classification`, `remarks`, `created_at`, `updated_at`, `updated_by`) VALUES
	(4, 'PERA', 'PERA', NULL, NULL, 'Based on Attendance', NULL, 'Taxable in excess of threshold', NULL, NULL, NULL, '2018-06-21 04:00:00', '2018-06-21 04:00:00', NULL),
	(5, 'REP', 'REPRESENTATION ALLOWANCE', NULL, NULL, 'Based on Attendance', NULL, 'Taxable in excess of threshold', NULL, NULL, NULL, '2018-06-21 04:01:53', '2018-06-21 04:01:53', NULL),
	(6, 'TRANSPO', 'TRANSPORTATION ALLOWANCE', NULL, NULL, 'Based on Attendance', NULL, 'Taxable in excess of threshold', NULL, NULL, NULL, '2018-06-21 04:02:43', '2018-06-21 04:02:43', NULL),
	(9, 'PEI', 'PERFORMANCE ENHANCEMENT INCENTIVE', 5000.00, NULL, 'Fixed Monthly', NULL, 'Non Taxable', NULL, NULL, NULL, '2018-07-12 01:38:03', '2018-08-01 06:51:47', NULL),
	(10, 'CEA', 'COMMUNICATIONS EXPENSE ALLOTMENT', NULL, NULL, 'Fixed Monthly', NULL, 'Non Taxable', NULL, NULL, NULL, '2018-07-12 05:08:03', '2018-07-12 05:08:03', NULL),
	(11, 'EE', 'EXTRAORDINARY EXPENSE', NULL, NULL, 'Fixed Monthly', NULL, 'Non Taxable', NULL, NULL, NULL, '2018-07-13 08:20:04', '2018-07-13 08:20:04', NULL),
	(12, 'ME', 'MISCELLANEOUS EXPENSE', NULL, NULL, 'Fixed Monthly', NULL, 'Non Taxable', NULL, NULL, NULL, '2018-07-13 08:20:29', '2018-07-13 08:20:29', NULL),
	(15, 'CG', 'CASH GIFT', 5000.00, NULL, 'Fixed Monthly', NULL, 'Non Taxable', NULL, NULL, NULL, '2018-07-14 12:04:38', '2018-07-24 09:58:04', NULL),
	(16, 'YEB', 'Year End Bonus', 0.00, NULL, 'Based on Attendance', NULL, 'Non Taxable', NULL, NULL, NULL, '2018-08-01 15:12:25', '2018-08-01 15:12:53', NULL),
	(17, 'MYB', 'Mid Year Bonus', NULL, NULL, 'Based on Attendance', NULL, 'Non Taxable', NULL, NULL, NULL, '2018-08-01 15:13:13', '2018-08-01 15:13:13', NULL),
	(18, 'PBB', 'Performance Base Bonus', 5000.00, NULL, 'Based on Attendance', NULL, 'Non Taxable', NULL, NULL, NULL, '2018-08-01 15:14:40', '2018-08-01 15:16:42', NULL),
	(19, 'TA', 'TRAVEL ALLOWANCE', 0.00, NULL, 'Fixed Monthly', NULL, 'Taxable', NULL, NULL, 'allowance', '2018-09-11 09:49:02', '2018-09-11 09:49:02', NULL);
/*!40000 ALTER TABLE `pms_benefits` ENABLE KEYS */;

-- Dumping structure for table mwss.pms_benefitsinfo
DROP TABLE IF EXISTS `pms_benefitsinfo`;
CREATE TABLE IF NOT EXISTS `pms_benefitsinfo` (
  `id` int(11) NOT NULL AUTO_INCREMENT,
  `employee_id` int(11) DEFAULT NULL,
  `employee_number` varchar(225) DEFAULT NULL,
  `employeeinfo_id` int(11) DEFAULT NULL,
  `benefit_id` int(11) DEFAULT NULL,
  `benefit_description` varchar(225) DEFAULT NULL,
  `benefit_amount` decimal(9,2) DEFAULT NULL,
  `benefit_pay_period` varchar(225) DEFAULT NULL,
  `benefit_pay_sub` varchar(225) DEFAULT NULL,
  `benefit_effectivity_date` date DEFAULT NULL,
  `date_from` date DEFAULT NULL,
  `date_to` date DEFAULT NULL,
  `created_at` timestamp NULL DEFAULT NULL,
  `updated_at` timestamp NULL DEFAULT NULL,
  `updated_by` int(11) DEFAULT NULL,
  PRIMARY KEY (`id`)
) ENGINE=InnoDB AUTO_INCREMENT=86 DEFAULT CHARSET=latin1;

-- Dumping data for table mwss.pms_benefitsinfo: ~83 rows (approximately)
/*!40000 ALTER TABLE `pms_benefitsinfo` DISABLE KEYS */;
INSERT INTO `pms_benefitsinfo` (`id`, `employee_id`, `employee_number`, `employeeinfo_id`, `benefit_id`, `benefit_description`, `benefit_amount`, `benefit_pay_period`, `benefit_pay_sub`, `benefit_effectivity_date`, `date_from`, `date_to`, `created_at`, `updated_at`, `updated_by`) VALUES
	(1, 74, '124', NULL, 6, NULL, 5000.00, NULL, NULL, NULL, NULL, NULL, NULL, NULL, NULL),
	(2, 32, '134', NULL, 6, NULL, 3750.00, NULL, NULL, NULL, NULL, NULL, NULL, NULL, NULL),
	(3, 47, '50', NULL, 6, NULL, 4500.00, NULL, NULL, NULL, NULL, NULL, NULL, NULL, NULL),
	(4, 8, '30', NULL, 6, NULL, 3750.00, NULL, NULL, NULL, NULL, NULL, NULL, NULL, NULL),
	(5, 59, '133', NULL, 6, NULL, 3750.00, NULL, NULL, NULL, NULL, NULL, NULL, NULL, NULL),
	(6, 13, '59', NULL, 6, NULL, 4500.00, NULL, NULL, NULL, NULL, NULL, NULL, NULL, NULL),
	(7, 76, '18', NULL, 6, NULL, 3750.00, NULL, NULL, NULL, NULL, NULL, NULL, NULL, NULL),
	(8, 29, '128', NULL, 6, NULL, 4500.00, NULL, NULL, NULL, NULL, NULL, NULL, NULL, NULL),
	(9, 10, '38', NULL, 6, NULL, 3750.00, NULL, NULL, NULL, NULL, NULL, NULL, NULL, NULL),
	(10, 11, '40', NULL, 6, NULL, 3750.00, NULL, NULL, NULL, NULL, NULL, NULL, NULL, NULL),
	(11, 55, '123', NULL, 6, NULL, 4500.00, NULL, NULL, NULL, NULL, NULL, NULL, NULL, NULL),
	(12, 66, '12', NULL, 6, NULL, 3750.00, NULL, NULL, NULL, NULL, NULL, NULL, NULL, NULL),
	(13, 15, '80', NULL, 6, NULL, 3750.00, NULL, NULL, NULL, NULL, NULL, NULL, NULL, NULL),
	(14, 32, '134', NULL, 5, NULL, 3750.00, NULL, NULL, NULL, NULL, NULL, NULL, NULL, NULL),
	(15, 47, '50', NULL, 5, NULL, 4500.00, NULL, NULL, NULL, NULL, NULL, NULL, NULL, NULL),
	(16, 8, '30', NULL, 5, NULL, 3750.00, NULL, NULL, NULL, NULL, NULL, NULL, NULL, NULL),
	(17, 59, '133', NULL, 5, NULL, 3750.00, NULL, NULL, NULL, NULL, NULL, NULL, NULL, NULL),
	(18, 13, '59', NULL, 5, NULL, 4500.00, NULL, NULL, NULL, NULL, NULL, NULL, NULL, NULL),
	(19, 76, '18', NULL, 5, NULL, 3750.00, NULL, NULL, NULL, NULL, NULL, NULL, NULL, NULL),
	(20, 29, '128', NULL, 5, NULL, 4500.00, NULL, NULL, NULL, NULL, NULL, NULL, NULL, NULL),
	(21, 10, '38', NULL, 5, NULL, 3750.00, NULL, NULL, NULL, NULL, NULL, NULL, NULL, NULL),
	(22, 11, '40', NULL, 5, NULL, 3750.00, NULL, NULL, NULL, NULL, NULL, NULL, NULL, NULL),
	(23, 55, '123', NULL, 5, NULL, 4500.00, NULL, NULL, NULL, NULL, NULL, NULL, NULL, NULL),
	(24, 66, '12', NULL, 5, NULL, 3750.00, NULL, NULL, NULL, NULL, NULL, NULL, NULL, NULL),
	(25, 15, '80', NULL, 5, NULL, 3750.00, NULL, NULL, NULL, NULL, NULL, NULL, NULL, NULL),
	(26, 2, '15', NULL, 4, NULL, 2000.00, NULL, NULL, NULL, NULL, NULL, NULL, NULL, NULL),
	(27, 3, '21', NULL, 4, NULL, 2000.00, NULL, NULL, NULL, NULL, NULL, NULL, NULL, NULL),
	(28, 4, '22', NULL, 4, NULL, 2000.00, NULL, NULL, NULL, NULL, NULL, NULL, NULL, NULL),
	(29, 5, '23', NULL, 4, NULL, 2000.00, NULL, NULL, NULL, NULL, NULL, NULL, NULL, NULL),
	(30, 6, '28', NULL, 4, NULL, 2000.00, NULL, NULL, NULL, NULL, NULL, NULL, NULL, NULL),
	(31, 7, '29', NULL, 4, NULL, 2000.00, NULL, NULL, NULL, NULL, NULL, NULL, NULL, NULL),
	(32, 8, '30', NULL, 4, NULL, 2000.00, NULL, NULL, NULL, NULL, NULL, NULL, NULL, NULL),
	(33, 9, '37', NULL, 4, NULL, 2000.00, NULL, NULL, NULL, NULL, NULL, NULL, NULL, NULL),
	(34, 10, '38', NULL, 4, NULL, 2000.00, NULL, NULL, NULL, NULL, NULL, NULL, NULL, NULL),
	(35, 11, '40', NULL, 4, NULL, 2000.00, NULL, NULL, NULL, NULL, NULL, NULL, NULL, NULL),
	(36, 12, '51', NULL, 4, NULL, 2000.00, NULL, NULL, NULL, NULL, NULL, NULL, NULL, NULL),
	(37, 13, '59', NULL, 4, NULL, 2000.00, NULL, NULL, NULL, NULL, NULL, NULL, NULL, NULL),
	(38, 14, '61', NULL, 4, NULL, 2000.00, NULL, NULL, NULL, NULL, NULL, NULL, NULL, NULL),
	(39, 15, '80', NULL, 4, NULL, 2000.00, NULL, NULL, NULL, NULL, NULL, NULL, NULL, NULL),
	(40, 16, '97', NULL, 4, NULL, 2000.00, NULL, NULL, NULL, NULL, NULL, NULL, NULL, NULL),
	(41, 17, '105', NULL, 4, NULL, 2000.00, NULL, NULL, NULL, NULL, NULL, NULL, NULL, NULL),
	(42, 18, '109', NULL, 4, NULL, 2000.00, NULL, NULL, NULL, NULL, NULL, NULL, NULL, NULL),
	(43, 19, '110', NULL, 4, NULL, 2000.00, NULL, NULL, NULL, NULL, NULL, NULL, NULL, NULL),
	(44, 20, '113', NULL, 4, NULL, 2000.00, NULL, NULL, NULL, NULL, NULL, NULL, NULL, NULL),
	(45, 21, '114', NULL, 4, NULL, 2000.00, NULL, NULL, NULL, NULL, NULL, NULL, NULL, NULL),
	(46, 22, '115', NULL, 4, NULL, 2000.00, NULL, NULL, NULL, NULL, NULL, NULL, NULL, NULL),
	(47, 23, '117', NULL, 4, NULL, 2000.00, NULL, NULL, NULL, NULL, NULL, NULL, NULL, NULL),
	(48, 24, '120', NULL, 4, NULL, 2000.00, NULL, NULL, NULL, NULL, NULL, NULL, NULL, NULL),
	(49, 25, '121', NULL, 4, NULL, 2000.00, NULL, NULL, NULL, NULL, NULL, NULL, NULL, NULL),
	(50, 26, '122', NULL, 4, NULL, 2000.00, NULL, NULL, NULL, NULL, NULL, NULL, NULL, NULL),
	(51, 27, '126', NULL, 4, NULL, 2000.00, NULL, NULL, NULL, NULL, NULL, NULL, NULL, NULL),
	(52, 28, '127', NULL, 4, NULL, 2000.00, NULL, NULL, NULL, NULL, NULL, NULL, NULL, NULL),
	(53, 29, '128', NULL, 4, NULL, 2000.00, NULL, NULL, NULL, NULL, NULL, NULL, NULL, NULL),
	(54, 30, '129', NULL, 4, NULL, 2000.00, NULL, NULL, NULL, NULL, NULL, NULL, NULL, NULL),
	(55, 31, '132', NULL, 4, NULL, 2000.00, NULL, NULL, NULL, NULL, NULL, NULL, NULL, NULL),
	(56, 32, '134', NULL, 4, NULL, 2000.00, NULL, NULL, NULL, NULL, NULL, NULL, NULL, NULL),
	(57, 33, '135', NULL, 4, NULL, 2000.00, NULL, NULL, NULL, NULL, NULL, NULL, NULL, NULL),
	(58, 34, '136', NULL, 4, NULL, 2000.00, NULL, NULL, NULL, NULL, NULL, NULL, NULL, NULL),
	(59, 35, '138', NULL, 4, NULL, 2000.00, NULL, NULL, NULL, NULL, NULL, NULL, NULL, NULL),
	(60, 47, '50', NULL, 4, NULL, 2000.00, NULL, NULL, NULL, NULL, NULL, NULL, NULL, NULL),
	(61, 48, '69', NULL, 4, NULL, 2000.00, NULL, NULL, NULL, NULL, NULL, NULL, NULL, NULL),
	(62, 49, '36', NULL, 4, NULL, 2000.00, NULL, NULL, NULL, NULL, NULL, NULL, NULL, NULL),
	(63, 50, '96', NULL, 4, NULL, 2000.00, NULL, NULL, NULL, NULL, NULL, NULL, NULL, NULL),
	(64, 51, '130', NULL, 4, NULL, 2000.00, NULL, NULL, NULL, NULL, NULL, NULL, NULL, NULL),
	(65, 52, '72', NULL, 4, NULL, 2000.00, NULL, NULL, NULL, NULL, NULL, NULL, NULL, NULL),
	(66, 53, '131', NULL, 4, NULL, 2000.00, NULL, NULL, NULL, NULL, NULL, NULL, NULL, NULL),
	(67, 55, '123', NULL, 4, NULL, 2000.00, NULL, NULL, NULL, NULL, NULL, NULL, NULL, NULL),
	(68, 56, '24', NULL, 4, NULL, 2000.00, NULL, NULL, NULL, NULL, NULL, NULL, NULL, NULL),
	(69, 58, '70', NULL, 4, NULL, 2000.00, NULL, NULL, NULL, NULL, NULL, NULL, NULL, NULL),
	(70, 59, '133', NULL, 4, NULL, 2000.00, NULL, NULL, NULL, NULL, NULL, NULL, NULL, NULL),
	(71, 60, '125', NULL, 4, NULL, 2000.00, NULL, NULL, NULL, NULL, NULL, NULL, NULL, NULL),
	(72, 61, '81', NULL, 4, NULL, 2000.00, NULL, NULL, NULL, NULL, NULL, NULL, NULL, NULL),
	(73, 63, '112', NULL, 4, NULL, 2000.00, NULL, NULL, NULL, NULL, NULL, NULL, NULL, NULL),
	(74, 64, '118', NULL, 4, NULL, 2000.00, NULL, NULL, NULL, NULL, NULL, NULL, NULL, NULL),
	(75, 65, '73', NULL, 4, NULL, 2000.00, NULL, NULL, NULL, NULL, NULL, NULL, NULL, NULL),
	(76, 66, '12', NULL, 4, NULL, 2000.00, NULL, NULL, NULL, NULL, NULL, NULL, NULL, NULL),
	(77, 69, '33', NULL, 4, NULL, 2000.00, NULL, NULL, NULL, NULL, NULL, NULL, NULL, NULL),
	(78, 71, '71', NULL, 4, NULL, 2000.00, NULL, NULL, NULL, NULL, NULL, NULL, NULL, NULL),
	(79, 72, '85', NULL, 4, NULL, 2000.00, NULL, NULL, NULL, NULL, NULL, NULL, NULL, NULL),
	(80, 74, '124', NULL, 4, NULL, 2000.00, NULL, NULL, NULL, NULL, NULL, NULL, NULL, NULL),
	(81, 76, '18', NULL, 4, NULL, 2000.00, NULL, NULL, NULL, NULL, NULL, NULL, NULL, NULL),
	(82, 77, '137', NULL, 4, NULL, 2000.00, NULL, NULL, NULL, NULL, NULL, NULL, NULL, NULL),
	(83, 78, '35', NULL, 4, NULL, 2000.00, NULL, NULL, NULL, NULL, NULL, NULL, NULL, NULL),
	(84, 1, NULL, 49, 4, NULL, 2000.00, NULL, NULL, '2018-11-23', NULL, NULL, '2018-11-23 05:47:52', '2018-11-23 05:47:52', NULL);
/*!40000 ALTER TABLE `pms_benefitsinfo` ENABLE KEYS */;

-- Dumping structure for table mwss.pms_deductioninfo
DROP TABLE IF EXISTS `pms_deductioninfo`;
CREATE TABLE IF NOT EXISTS `pms_deductioninfo` (
  `id` int(11) NOT NULL AUTO_INCREMENT,
  `employeeinfo_id` int(11) DEFAULT NULL,
  `employee_number` varchar(225) DEFAULT NULL,
  `employee_id` int(11) DEFAULT NULL,
  `deduction_id` int(11) DEFAULT NULL,
  `deduct_pay_period` varchar(225) DEFAULT NULL,
  `deduct_amount` decimal(9,2) DEFAULT NULL,
  `deduct_date_start` date DEFAULT NULL,
  `deduct_date_end` date DEFAULT NULL,
  `deduct_date_terminated` date DEFAULT NULL,
  `created_at` timestamp NULL DEFAULT NULL,
  `updated_at` timestamp NULL DEFAULT NULL,
  `updated_by` int(11) DEFAULT NULL,
  PRIMARY KEY (`id`)
) ENGINE=InnoDB AUTO_INCREMENT=78 DEFAULT CHARSET=latin1;

-- Dumping data for table mwss.pms_deductioninfo: ~77 rows (approximately)
/*!40000 ALTER TABLE `pms_deductioninfo` DISABLE KEYS */;
INSERT INTO `pms_deductioninfo` (`id`, `employeeinfo_id`, `employee_number`, `employee_id`, `deduction_id`, `deduct_pay_period`, `deduct_amount`, `deduct_date_start`, `deduct_date_end`, `deduct_date_terminated`, `created_at`, `updated_at`, `updated_by`) VALUES
	(1, NULL, '128', 29, 1, NULL, 1760.00, NULL, NULL, NULL, NULL, NULL, NULL),
	(2, NULL, '121', 25, 1, NULL, 495.00, NULL, NULL, NULL, NULL, NULL, NULL),
	(3, NULL, '21', 3, 1, NULL, 1760.00, NULL, NULL, NULL, NULL, NULL, NULL),
	(4, NULL, '11', 1, 1, NULL, 1760.00, NULL, NULL, NULL, NULL, NULL, NULL),
	(5, NULL, '132', 31, 1, NULL, 330.00, NULL, NULL, NULL, NULL, NULL, NULL),
	(6, NULL, '124', 74, 1, NULL, 1760.00, NULL, NULL, NULL, NULL, NULL, NULL),
	(7, NULL, '50', 47, 2, NULL, 100.00, NULL, NULL, NULL, NULL, NULL, NULL),
	(8, NULL, '38', 10, 2, NULL, 100.00, NULL, NULL, NULL, NULL, NULL, NULL),
	(9, NULL, '69', 48, 2, NULL, 100.00, NULL, NULL, NULL, NULL, NULL, NULL),
	(10, NULL, '37', 9, 2, NULL, 100.00, NULL, NULL, NULL, NULL, NULL, NULL),
	(11, NULL, '23', 5, 2, NULL, 100.00, NULL, NULL, NULL, NULL, NULL, NULL),
	(12, NULL, '36', 49, 2, NULL, 100.00, NULL, NULL, NULL, NULL, NULL, NULL),
	(13, NULL, '96', 50, 2, NULL, 100.00, NULL, NULL, NULL, NULL, NULL, NULL),
	(14, NULL, '59', 13, 2, NULL, 100.00, NULL, NULL, NULL, NULL, NULL, NULL),
	(15, NULL, '61', 14, 2, NULL, 100.00, NULL, NULL, NULL, NULL, NULL, NULL),
	(16, NULL, '29', 7, 2, NULL, 100.00, NULL, NULL, NULL, NULL, NULL, NULL),
	(17, NULL, '72', 52, 2, NULL, 100.00, NULL, NULL, NULL, NULL, NULL, NULL),
	(18, NULL, '30', 8, 2, NULL, 100.00, NULL, NULL, NULL, NULL, NULL, NULL),
	(19, NULL, '40', 11, 2, NULL, 100.00, NULL, NULL, NULL, NULL, NULL, NULL),
	(20, NULL, '24', 56, 2, NULL, 100.00, NULL, NULL, NULL, NULL, NULL, NULL),
	(21, NULL, '21', 3, 2, NULL, 100.00, NULL, NULL, NULL, NULL, NULL, NULL),
	(22, NULL, '28', 6, 2, NULL, 100.00, NULL, NULL, NULL, NULL, NULL, NULL),
	(23, NULL, '70', 58, 2, NULL, 100.00, NULL, NULL, NULL, NULL, NULL, NULL),
	(24, NULL, '97', 16, 2, NULL, 100.00, NULL, NULL, NULL, NULL, NULL, NULL),
	(25, NULL, '81', 61, 2, NULL, 100.00, NULL, NULL, NULL, NULL, NULL, NULL),
	(26, NULL, '15', 2, 2, NULL, 100.00, NULL, NULL, NULL, NULL, NULL, NULL),
	(27, NULL, '22', 4, 2, NULL, 100.00, NULL, NULL, NULL, NULL, NULL, NULL),
	(28, NULL, '80', 15, 2, NULL, 100.00, NULL, NULL, NULL, NULL, NULL, NULL),
	(29, NULL, '73', 65, 2, NULL, 100.00, NULL, NULL, NULL, NULL, NULL, NULL),
	(30, NULL, '12', 66, 2, NULL, 100.00, NULL, NULL, NULL, NULL, NULL, NULL),
	(31, NULL, '33', 69, 2, NULL, 100.00, NULL, NULL, NULL, NULL, NULL, NULL),
	(32, NULL, '11', 1, 2, NULL, 100.00, NULL, NULL, NULL, NULL, NULL, NULL),
	(33, NULL, '71', 71, 2, NULL, 100.00, NULL, NULL, NULL, NULL, NULL, NULL),
	(34, NULL, '85', 72, 2, NULL, 100.00, NULL, NULL, NULL, NULL, NULL, NULL),
	(35, NULL, '18', 76, 2, NULL, 100.00, NULL, NULL, NULL, NULL, NULL, NULL),
	(36, NULL, '51', 12, 2, NULL, 100.00, NULL, NULL, NULL, NULL, NULL, NULL),
	(37, NULL, '35', 78, 2, NULL, 100.00, NULL, NULL, NULL, NULL, NULL, NULL),
	(38, NULL, '50', 47, 5, NULL, 2253.00, NULL, NULL, NULL, NULL, NULL, NULL),
	(39, NULL, '38', 10, 5, NULL, 10036.00, NULL, NULL, NULL, NULL, NULL, NULL),
	(40, NULL, '120', 24, 5, NULL, 1568.00, NULL, NULL, NULL, NULL, NULL, NULL),
	(41, NULL, '69', 48, 5, NULL, 1500.00, NULL, NULL, NULL, NULL, NULL, NULL),
	(42, NULL, '37', 9, 5, NULL, 3000.00, NULL, NULL, NULL, NULL, NULL, NULL),
	(43, NULL, '23', 5, 5, NULL, 2000.00, NULL, NULL, NULL, NULL, NULL, NULL),
	(44, NULL, '110', 19, 5, NULL, 1200.00, NULL, NULL, NULL, NULL, NULL, NULL),
	(45, NULL, '117', 23, 5, NULL, 700.00, NULL, NULL, NULL, NULL, NULL, NULL),
	(46, NULL, '36', 49, 5, NULL, 2000.00, NULL, NULL, NULL, NULL, NULL, NULL),
	(47, NULL, '96', 50, 5, NULL, 2500.00, NULL, NULL, NULL, NULL, NULL, NULL),
	(48, NULL, '59', 13, 5, NULL, 3000.00, NULL, NULL, NULL, NULL, NULL, NULL),
	(49, NULL, '61', 14, 5, NULL, 1500.00, NULL, NULL, NULL, NULL, NULL, NULL),
	(50, NULL, '29', 7, 5, NULL, 2000.00, NULL, NULL, NULL, NULL, NULL, NULL),
	(51, NULL, '72', 52, 5, NULL, 1300.00, NULL, NULL, NULL, NULL, NULL, NULL),
	(52, NULL, '30', 8, 5, NULL, 1656.00, NULL, NULL, NULL, NULL, NULL, NULL),
	(53, NULL, '40', 11, 5, NULL, 834.00, NULL, NULL, NULL, NULL, NULL, NULL),
	(54, NULL, '131', 53, 5, NULL, 2000.00, NULL, NULL, NULL, NULL, NULL, NULL),
	(55, NULL, '121', 25, 5, NULL, 695.00, NULL, NULL, NULL, NULL, NULL, NULL),
	(56, NULL, '24', 56, 5, NULL, 1656.00, NULL, NULL, NULL, NULL, NULL, NULL),
	(57, NULL, '21', 3, 5, NULL, 2204.00, NULL, NULL, NULL, NULL, NULL, NULL),
	(58, NULL, '28', 6, 5, NULL, 850.00, NULL, NULL, NULL, NULL, NULL, NULL),
	(59, NULL, '70', 58, 5, NULL, 1000.00, NULL, NULL, NULL, NULL, NULL, NULL),
	(60, NULL, '97', 16, 5, NULL, 1110.00, NULL, NULL, NULL, NULL, NULL, NULL),
	(61, NULL, '81', 61, 5, NULL, 4000.00, NULL, NULL, NULL, NULL, NULL, NULL),
	(62, NULL, '112', 63, 5, NULL, 3226.00, NULL, NULL, NULL, NULL, NULL, NULL),
	(63, NULL, '15', 2, 5, NULL, 1000.00, NULL, NULL, NULL, NULL, NULL, NULL),
	(64, NULL, '22', 4, 5, NULL, 1200.00, NULL, NULL, NULL, NULL, NULL, NULL),
	(65, NULL, '80', 15, 5, NULL, 4600.00, NULL, NULL, NULL, NULL, NULL, NULL),
	(66, NULL, '73', 65, 5, NULL, 1000.00, NULL, NULL, NULL, NULL, NULL, NULL),
	(67, NULL, '12', 66, 5, NULL, 5000.00, NULL, NULL, NULL, NULL, NULL, NULL),
	(68, NULL, '114', 21, 5, NULL, 2137.00, NULL, NULL, NULL, NULL, NULL, NULL),
	(69, NULL, '122', 26, 5, NULL, 6212.00, NULL, NULL, NULL, NULL, NULL, NULL),
	(70, NULL, '33', 69, 5, NULL, 3000.00, NULL, NULL, NULL, NULL, NULL, NULL),
	(71, NULL, '11', 1, 5, NULL, 2500.00, NULL, NULL, NULL, NULL, NULL, NULL),
	(72, NULL, '71', 71, 5, NULL, 1500.00, NULL, NULL, NULL, NULL, NULL, NULL),
	(73, NULL, '85', 72, 5, NULL, 500.00, NULL, NULL, NULL, NULL, NULL, NULL),
	(74, NULL, '18', 76, 5, NULL, 2500.00, NULL, NULL, NULL, NULL, NULL, NULL),
	(75, NULL, '109', 18, 5, NULL, 700.00, NULL, NULL, NULL, NULL, NULL, NULL),
	(76, NULL, '51', 12, 5, NULL, 1700.00, NULL, NULL, NULL, NULL, NULL, NULL),
	(77, NULL, '35', 78, 5, NULL, 3500.00, NULL, NULL, NULL, NULL, NULL, NULL);
/*!40000 ALTER TABLE `pms_deductioninfo` ENABLE KEYS */;

-- Dumping structure for table mwss.pms_deductioninfo_transactions
DROP TABLE IF EXISTS `pms_deductioninfo_transactions`;
CREATE TABLE IF NOT EXISTS `pms_deductioninfo_transactions` (
  `id` int(11) NOT NULL AUTO_INCREMENT,
  `employee_id` int(11) DEFAULT NULL,
  `employee_number` varchar(225) DEFAULT NULL,
  `transaction_id` int(11) DEFAULT NULL,
  `deduction_id` int(11) DEFAULT NULL,
  `deduction_info_id` int(11) DEFAULT NULL,
  `amount` decimal(9,2) DEFAULT NULL,
  `status` varchar(50) DEFAULT NULL,
  `year` varchar(50) DEFAULT NULL,
  `month` varchar(50) DEFAULT NULL,
  `created_by` int(11) DEFAULT NULL,
  `updated_by` int(11) DEFAULT NULL,
  `created_at` timestamp NULL DEFAULT NULL,
  `updated_at` timestamp NULL DEFAULT NULL,
  PRIMARY KEY (`id`)
) ENGINE=InnoDB AUTO_INCREMENT=142 DEFAULT CHARSET=latin1;

-- Dumping data for table mwss.pms_deductioninfo_transactions: ~0 rows (approximately)
/*!40000 ALTER TABLE `pms_deductioninfo_transactions` DISABLE KEYS */;
INSERT INTO `pms_deductioninfo_transactions` (`id`, `employee_id`, `employee_number`, `transaction_id`, `deduction_id`, `deduction_info_id`, `amount`, `status`, `year`, `month`, `created_by`, `updated_by`, `created_at`, `updated_at`) VALUES
	(1, 47, '50', NULL, 2, 7, 100.00, 'deductions', '2018', 'November', 2, NULL, '2018-11-23 05:46:28', '2018-11-23 05:46:28'),
	(2, 47, '50', NULL, 5, 38, 2253.00, 'deductions', '2018', 'November', 2, NULL, '2018-11-23 05:46:28', '2018-11-23 05:46:28'),
	(3, 10, '38', NULL, 2, 8, 100.00, 'deductions', '2018', 'November', 2, NULL, '2018-11-23 05:46:29', '2018-11-23 05:46:29'),
	(4, 10, '38', NULL, 5, 39, 10036.00, 'deductions', '2018', 'November', 2, NULL, '2018-11-23 05:46:29', '2018-11-23 05:46:29'),
	(5, 24, '120', NULL, 5, 40, 1568.00, 'deductions', '2018', 'November', 2, NULL, '2018-11-23 05:46:30', '2018-11-23 05:46:30'),
	(6, 48, '69', NULL, 2, 9, 100.00, 'deductions', '2018', 'November', 2, NULL, '2018-11-23 05:46:30', '2018-11-23 05:46:30'),
	(7, 48, '69', NULL, 5, 41, 1500.00, 'deductions', '2018', 'November', 2, NULL, '2018-11-23 05:46:30', '2018-11-23 05:46:30'),
	(8, 9, '37', NULL, 2, 10, 100.00, 'deductions', '2018', 'November', 2, NULL, '2018-11-23 05:46:31', '2018-11-23 05:46:31'),
	(9, 9, '37', NULL, 5, 42, 3000.00, 'deductions', '2018', 'November', 2, NULL, '2018-11-23 05:46:31', '2018-11-23 05:46:31'),
	(10, 5, '23', NULL, 2, 11, 100.00, 'deductions', '2018', 'November', 2, NULL, '2018-11-23 05:46:31', '2018-11-23 05:46:31'),
	(11, 5, '23', NULL, 5, 43, 2000.00, 'deductions', '2018', 'November', 2, NULL, '2018-11-23 05:46:31', '2018-11-23 05:46:31'),
	(12, 19, '110', NULL, 5, 44, 1200.00, 'deductions', '2018', 'November', 2, NULL, '2018-11-23 05:46:31', '2018-11-23 05:46:31'),
	(13, 23, '117', NULL, 5, 45, 700.00, 'deductions', '2018', 'November', 2, NULL, '2018-11-23 05:46:31', '2018-11-23 05:46:31'),
	(14, 29, '128', NULL, 1, 1, 1760.00, 'deductions', '2018', 'November', 2, NULL, '2018-11-23 05:46:31', '2018-11-23 05:46:31'),
	(15, 49, '36', NULL, 2, 12, 100.00, 'deductions', '2018', 'November', 2, NULL, '2018-11-23 05:46:32', '2018-11-23 05:46:32'),
	(16, 49, '36', NULL, 5, 46, 2000.00, 'deductions', '2018', 'November', 2, NULL, '2018-11-23 05:46:32', '2018-11-23 05:46:32'),
	(17, 13, '59', NULL, 2, 14, 100.00, 'deductions', '2018', 'November', 2, NULL, '2018-11-23 05:46:32', '2018-11-23 05:46:32'),
	(18, 13, '59', NULL, 5, 48, 3000.00, 'deductions', '2018', 'November', 2, NULL, '2018-11-23 05:46:32', '2018-11-23 05:46:32'),
	(19, 50, '96', NULL, 2, 13, 100.00, 'deductions', '2018', 'November', 2, NULL, '2018-11-23 05:46:32', '2018-11-23 05:46:32'),
	(20, 50, '96', NULL, 5, 47, 2500.00, 'deductions', '2018', 'November', 2, NULL, '2018-11-23 05:46:33', '2018-11-23 05:46:33'),
	(21, 14, '61', NULL, 2, 15, 100.00, 'deductions', '2018', 'November', 2, NULL, '2018-11-23 05:46:33', '2018-11-23 05:46:33'),
	(22, 14, '61', NULL, 5, 49, 1500.00, 'deductions', '2018', 'November', 2, NULL, '2018-11-23 05:46:33', '2018-11-23 05:46:33'),
	(23, 7, '29', NULL, 2, 16, 100.00, 'deductions', '2018', 'November', 2, NULL, '2018-11-23 05:46:33', '2018-11-23 05:46:33'),
	(24, 7, '29', NULL, 5, 50, 2000.00, 'deductions', '2018', 'November', 2, NULL, '2018-11-23 05:46:33', '2018-11-23 05:46:33'),
	(25, 52, '72', NULL, 2, 17, 100.00, 'deductions', '2018', 'November', 2, NULL, '2018-11-23 05:46:34', '2018-11-23 05:46:34'),
	(26, 52, '72', NULL, 5, 51, 1300.00, 'deductions', '2018', 'November', 2, NULL, '2018-11-23 05:46:34', '2018-11-23 05:46:34'),
	(27, 8, '30', NULL, 2, 18, 100.00, 'deductions', '2018', 'November', 2, NULL, '2018-11-23 05:46:35', '2018-11-23 05:46:35'),
	(28, 8, '30', NULL, 5, 52, 1656.00, 'deductions', '2018', 'November', 2, NULL, '2018-11-23 05:46:35', '2018-11-23 05:46:35'),
	(29, 11, '40', NULL, 2, 19, 100.00, 'deductions', '2018', 'November', 2, NULL, '2018-11-23 05:46:36', '2018-11-23 05:46:36'),
	(30, 11, '40', NULL, 5, 53, 834.00, 'deductions', '2018', 'November', 2, NULL, '2018-11-23 05:46:36', '2018-11-23 05:46:36'),
	(31, 53, '131', NULL, 5, 54, 2000.00, 'deductions', '2018', 'November', 2, NULL, '2018-11-23 05:46:36', '2018-11-23 05:46:36'),
	(32, 25, '121', NULL, 1, 2, 495.00, 'deductions', '2018', 'November', 2, NULL, '2018-11-23 05:46:37', '2018-11-23 05:46:37'),
	(33, 25, '121', NULL, 5, 55, 695.00, 'deductions', '2018', 'November', 2, NULL, '2018-11-23 05:46:37', '2018-11-23 05:46:37'),
	(34, 56, '24', NULL, 2, 20, 100.00, 'deductions', '2018', 'November', 2, NULL, '2018-11-23 05:46:38', '2018-11-23 05:46:38'),
	(35, 56, '24', NULL, 5, 56, 1656.00, 'deductions', '2018', 'November', 2, NULL, '2018-11-23 05:46:38', '2018-11-23 05:46:38'),
	(36, 3, '21', NULL, 1, 3, 1760.00, 'deductions', '2018', 'November', 2, NULL, '2018-11-23 05:46:38', '2018-11-23 05:46:38'),
	(37, 3, '21', NULL, 2, 21, 100.00, 'deductions', '2018', 'November', 2, NULL, '2018-11-23 05:46:38', '2018-11-23 05:46:38'),
	(38, 3, '21', NULL, 5, 57, 2204.00, 'deductions', '2018', 'November', 2, NULL, '2018-11-23 05:46:38', '2018-11-23 05:46:38'),
	(39, 6, '28', NULL, 2, 22, 100.00, 'deductions', '2018', 'November', 2, NULL, '2018-11-23 05:46:39', '2018-11-23 05:46:39'),
	(40, 6, '28', NULL, 5, 58, 850.00, 'deductions', '2018', 'November', 2, NULL, '2018-11-23 05:46:39', '2018-11-23 05:46:39'),
	(41, 58, '70', NULL, 2, 23, 100.00, 'deductions', '2018', 'November', 2, NULL, '2018-11-23 05:46:39', '2018-11-23 05:46:39'),
	(42, 58, '70', NULL, 5, 59, 1000.00, 'deductions', '2018', 'November', 2, NULL, '2018-11-23 05:46:39', '2018-11-23 05:46:39'),
	(43, 16, '97', NULL, 2, 24, 100.00, 'deductions', '2018', 'November', 2, NULL, '2018-11-23 05:46:39', '2018-11-23 05:46:39'),
	(44, 16, '97', NULL, 5, 60, 1110.00, 'deductions', '2018', 'November', 2, NULL, '2018-11-23 05:46:39', '2018-11-23 05:46:39'),
	(45, 61, '81', NULL, 2, 25, 100.00, 'deductions', '2018', 'November', 2, NULL, '2018-11-23 05:46:42', '2018-11-23 05:46:42'),
	(46, 61, '81', NULL, 5, 61, 4000.00, 'deductions', '2018', 'November', 2, NULL, '2018-11-23 05:46:42', '2018-11-23 05:46:42'),
	(47, 63, '112', NULL, 5, 62, 3226.00, 'deductions', '2018', 'November', 2, NULL, '2018-11-23 05:46:42', '2018-11-23 05:46:42'),
	(48, 2, '15', NULL, 2, 26, 100.00, 'deductions', '2018', 'November', 2, NULL, '2018-11-23 05:46:43', '2018-11-23 05:46:43'),
	(49, 2, '15', NULL, 5, 63, 1000.00, 'deductions', '2018', 'November', 2, NULL, '2018-11-23 05:46:43', '2018-11-23 05:46:43'),
	(50, 4, '22', NULL, 2, 27, 100.00, 'deductions', '2018', 'November', 2, NULL, '2018-11-23 05:46:44', '2018-11-23 05:46:44'),
	(51, 4, '22', NULL, 5, 64, 1200.00, 'deductions', '2018', 'November', 2, NULL, '2018-11-23 05:46:44', '2018-11-23 05:46:44'),
	(52, 15, '80', NULL, 2, 28, 100.00, 'deductions', '2018', 'November', 2, NULL, '2018-11-23 05:46:44', '2018-11-23 05:46:44'),
	(53, 15, '80', NULL, 5, 65, 4600.00, 'deductions', '2018', 'November', 2, NULL, '2018-11-23 05:46:44', '2018-11-23 05:46:44'),
	(54, 65, '73', NULL, 2, 29, 100.00, 'deductions', '2018', 'November', 2, NULL, '2018-11-23 05:46:44', '2018-11-23 05:46:44'),
	(55, 65, '73', NULL, 5, 66, 1000.00, 'deductions', '2018', 'November', 2, NULL, '2018-11-23 05:46:44', '2018-11-23 05:46:44'),
	(56, 66, '12', NULL, 2, 30, 100.00, 'deductions', '2018', 'November', 2, NULL, '2018-11-23 05:46:45', '2018-11-23 05:46:45'),
	(57, 66, '12', NULL, 5, 67, 5000.00, 'deductions', '2018', 'November', 2, NULL, '2018-11-23 05:46:45', '2018-11-23 05:46:45'),
	(58, 21, '114', NULL, 5, 68, 2137.00, 'deductions', '2018', 'November', 2, NULL, '2018-11-23 05:46:45', '2018-11-23 05:46:45'),
	(59, 26, '122', NULL, 5, 69, 6212.00, 'deductions', '2018', 'November', 2, NULL, '2018-11-23 05:46:45', '2018-11-23 05:46:45'),
	(60, 69, '33', NULL, 2, 31, 100.00, 'deductions', '2018', 'November', 2, NULL, '2018-11-23 05:46:46', '2018-11-23 05:46:46'),
	(61, 69, '33', NULL, 5, 70, 3000.00, 'deductions', '2018', 'November', 2, NULL, '2018-11-23 05:46:46', '2018-11-23 05:46:46'),
	(62, 1, '11', NULL, 1, 4, 1760.00, 'deductions', '2018', 'November', 2, NULL, '2018-11-23 05:46:46', '2018-11-23 05:46:46'),
	(63, 1, '11', NULL, 2, 32, 100.00, 'deductions', '2018', 'November', 2, NULL, '2018-11-23 05:46:46', '2018-11-23 05:46:46'),
	(64, 1, '11', NULL, 5, 71, 2500.00, 'deductions', '2018', 'November', 2, NULL, '2018-11-23 05:46:46', '2018-11-23 05:46:46'),
	(65, 1, '11', NULL, 1, 4, 1760.00, 'deductions', '2018', 'January', 2, NULL, '2018-11-23 05:48:16', '2018-11-23 05:48:16'),
	(66, 1, '11', NULL, 2, 32, 100.00, 'deductions', '2018', 'January', 2, NULL, '2018-11-23 05:48:16', '2018-11-23 05:48:16'),
	(67, 1, '11', NULL, 5, 71, 2500.00, 'deductions', '2018', 'January', 2, NULL, '2018-11-23 05:48:17', '2018-11-23 05:48:17'),
	(68, 31, '132', NULL, 1, 5, 330.00, 'deductions', '2018', 'January', 2, NULL, '2018-11-23 05:48:17', '2018-11-23 05:48:17'),
	(69, 71, '71', NULL, 2, 33, 100.00, 'deductions', '2018', 'January', 2, NULL, '2018-11-23 05:48:17', '2018-11-23 05:48:17'),
	(70, 71, '71', NULL, 5, 72, 1500.00, 'deductions', '2018', 'January', 2, NULL, '2018-11-23 05:48:17', '2018-11-23 05:48:17'),
	(71, 72, '85', NULL, 2, 34, 100.00, 'deductions', '2018', 'January', 2, NULL, '2018-11-23 05:48:17', '2018-11-23 05:48:17'),
	(72, 72, '85', NULL, 5, 73, 500.00, 'deductions', '2018', 'January', 2, NULL, '2018-11-23 05:48:17', '2018-11-23 05:48:17'),
	(73, 74, '124', NULL, 1, 6, 1760.00, 'deductions', '2018', 'January', 2, NULL, '2018-11-23 05:48:18', '2018-11-23 05:48:18'),
	(74, 76, '18', NULL, 2, 35, 100.00, 'deductions', '2018', 'January', 2, NULL, '2018-11-23 05:48:18', '2018-11-23 05:48:18'),
	(75, 76, '18', NULL, 5, 74, 2500.00, 'deductions', '2018', 'January', 2, NULL, '2018-11-23 05:48:18', '2018-11-23 05:48:18'),
	(76, 18, '109', NULL, 5, 75, 700.00, 'deductions', '2018', 'January', 2, NULL, '2018-11-23 05:48:19', '2018-11-23 05:48:19'),
	(77, 12, '51', NULL, 2, 36, 100.00, 'deductions', '2018', 'January', 2, NULL, '2018-11-23 05:48:19', '2018-11-23 05:48:19'),
	(78, 12, '51', NULL, 5, 76, 1700.00, 'deductions', '2018', 'January', 2, NULL, '2018-11-23 05:48:19', '2018-11-23 05:48:19'),
	(79, 78, '35', NULL, 2, 37, 100.00, 'deductions', '2018', 'January', 2, NULL, '2018-11-23 05:48:20', '2018-11-23 05:48:20'),
	(80, 78, '35', NULL, 5, 77, 3500.00, 'deductions', '2018', 'January', 2, NULL, '2018-11-23 05:48:20', '2018-11-23 05:48:20'),
	(81, 47, '50', NULL, 2, 7, 100.00, 'deductions', '2018', 'January', 2, NULL, '2018-11-23 05:48:38', '2018-11-23 05:48:38'),
	(82, 47, '50', NULL, 5, 38, 2253.00, 'deductions', '2018', 'January', 2, NULL, '2018-11-23 05:48:38', '2018-11-23 05:48:38'),
	(83, 10, '38', NULL, 2, 8, 100.00, 'deductions', '2018', 'January', 2, NULL, '2018-11-23 05:48:38', '2018-11-23 05:48:38'),
	(84, 10, '38', NULL, 5, 39, 10036.00, 'deductions', '2018', 'January', 2, NULL, '2018-11-23 05:48:38', '2018-11-23 05:48:38'),
	(85, 24, '120', NULL, 5, 40, 1568.00, 'deductions', '2018', 'January', 2, NULL, '2018-11-23 05:48:39', '2018-11-23 05:48:39'),
	(86, 48, '69', NULL, 2, 9, 100.00, 'deductions', '2018', 'January', 2, NULL, '2018-11-23 05:48:39', '2018-11-23 05:48:39'),
	(87, 48, '69', NULL, 5, 41, 1500.00, 'deductions', '2018', 'January', 2, NULL, '2018-11-23 05:48:39', '2018-11-23 05:48:39'),
	(88, 9, '37', NULL, 2, 10, 100.00, 'deductions', '2018', 'January', 2, NULL, '2018-11-23 05:48:40', '2018-11-23 05:48:40'),
	(89, 9, '37', NULL, 5, 42, 3000.00, 'deductions', '2018', 'January', 2, NULL, '2018-11-23 05:48:40', '2018-11-23 05:48:40'),
	(90, 5, '23', NULL, 2, 11, 100.00, 'deductions', '2018', 'January', 2, NULL, '2018-11-23 05:48:40', '2018-11-23 05:48:40'),
	(91, 5, '23', NULL, 5, 43, 2000.00, 'deductions', '2018', 'January', 2, NULL, '2018-11-23 05:48:40', '2018-11-23 05:48:40'),
	(92, 19, '110', NULL, 5, 44, 1200.00, 'deductions', '2018', 'January', 2, NULL, '2018-11-23 05:48:41', '2018-11-23 05:48:41'),
	(93, 23, '117', NULL, 5, 45, 700.00, 'deductions', '2018', 'January', 2, NULL, '2018-11-23 05:48:41', '2018-11-23 05:48:41'),
	(94, 29, '128', NULL, 1, 1, 1760.00, 'deductions', '2018', 'January', 2, NULL, '2018-11-23 05:48:41', '2018-11-23 05:48:41'),
	(95, 49, '36', NULL, 2, 12, 100.00, 'deductions', '2018', 'January', 2, NULL, '2018-11-23 05:48:42', '2018-11-23 05:48:42'),
	(96, 49, '36', NULL, 5, 46, 2000.00, 'deductions', '2018', 'January', 2, NULL, '2018-11-23 05:48:42', '2018-11-23 05:48:42'),
	(97, 13, '59', NULL, 2, 14, 100.00, 'deductions', '2018', 'January', 2, NULL, '2018-11-23 05:48:43', '2018-11-23 05:48:43'),
	(98, 13, '59', NULL, 5, 48, 3000.00, 'deductions', '2018', 'January', 2, NULL, '2018-11-23 05:48:43', '2018-11-23 05:48:43'),
	(99, 50, '96', NULL, 2, 13, 100.00, 'deductions', '2018', 'January', 2, NULL, '2018-11-23 05:48:43', '2018-11-23 05:48:43'),
	(100, 50, '96', NULL, 5, 47, 2500.00, 'deductions', '2018', 'January', 2, NULL, '2018-11-23 05:48:43', '2018-11-23 05:48:43'),
	(101, 14, '61', NULL, 2, 15, 100.00, 'deductions', '2018', 'January', 2, NULL, '2018-11-23 05:48:44', '2018-11-23 05:48:44'),
	(102, 14, '61', NULL, 5, 49, 1500.00, 'deductions', '2018', 'January', 2, NULL, '2018-11-23 05:48:44', '2018-11-23 05:48:44'),
	(103, 7, '29', NULL, 2, 16, 100.00, 'deductions', '2018', 'January', 2, NULL, '2018-11-23 05:48:45', '2018-11-23 05:48:45'),
	(104, 7, '29', NULL, 5, 50, 2000.00, 'deductions', '2018', 'January', 2, NULL, '2018-11-23 05:48:45', '2018-11-23 05:48:45'),
	(105, 52, '72', NULL, 2, 17, 100.00, 'deductions', '2018', 'January', 2, NULL, '2018-11-23 05:48:45', '2018-11-23 05:48:45'),
	(106, 52, '72', NULL, 5, 51, 1300.00, 'deductions', '2018', 'January', 2, NULL, '2018-11-23 05:48:45', '2018-11-23 05:48:45'),
	(107, 8, '30', NULL, 2, 18, 100.00, 'deductions', '2018', 'January', 2, NULL, '2018-11-23 05:48:46', '2018-11-23 05:48:46'),
	(108, 8, '30', NULL, 5, 52, 1656.00, 'deductions', '2018', 'January', 2, NULL, '2018-11-23 05:48:46', '2018-11-23 05:48:46'),
	(109, 11, '40', NULL, 2, 19, 100.00, 'deductions', '2018', 'January', 2, NULL, '2018-11-23 05:48:47', '2018-11-23 05:48:47'),
	(110, 11, '40', NULL, 5, 53, 834.00, 'deductions', '2018', 'January', 2, NULL, '2018-11-23 05:48:47', '2018-11-23 05:48:47'),
	(111, 53, '131', NULL, 5, 54, 2000.00, 'deductions', '2018', 'January', 2, NULL, '2018-11-23 05:48:47', '2018-11-23 05:48:47'),
	(112, 25, '121', NULL, 1, 2, 495.00, 'deductions', '2018', 'January', 2, NULL, '2018-11-23 05:48:48', '2018-11-23 05:48:48'),
	(113, 25, '121', NULL, 5, 55, 695.00, 'deductions', '2018', 'January', 2, NULL, '2018-11-23 05:48:48', '2018-11-23 05:48:48'),
	(114, 56, '24', NULL, 2, 20, 100.00, 'deductions', '2018', 'January', 2, NULL, '2018-11-23 05:48:48', '2018-11-23 05:48:48'),
	(115, 56, '24', NULL, 5, 56, 1656.00, 'deductions', '2018', 'January', 2, NULL, '2018-11-23 05:48:48', '2018-11-23 05:48:48'),
	(116, 3, '21', NULL, 1, 3, 1760.00, 'deductions', '2018', 'January', 2, NULL, '2018-11-23 05:48:49', '2018-11-23 05:48:49'),
	(117, 3, '21', NULL, 2, 21, 100.00, 'deductions', '2018', 'January', 2, NULL, '2018-11-23 05:48:49', '2018-11-23 05:48:49'),
	(118, 3, '21', NULL, 5, 57, 2204.00, 'deductions', '2018', 'January', 2, NULL, '2018-11-23 05:48:49', '2018-11-23 05:48:49'),
	(119, 6, '28', NULL, 2, 22, 100.00, 'deductions', '2018', 'January', 2, NULL, '2018-11-23 05:48:49', '2018-11-23 05:48:49'),
	(120, 6, '28', NULL, 5, 58, 850.00, 'deductions', '2018', 'January', 2, NULL, '2018-11-23 05:48:49', '2018-11-23 05:48:49'),
	(121, 58, '70', NULL, 2, 23, 100.00, 'deductions', '2018', 'January', 2, NULL, '2018-11-23 05:48:50', '2018-11-23 05:48:50'),
	(122, 58, '70', NULL, 5, 59, 1000.00, 'deductions', '2018', 'January', 2, NULL, '2018-11-23 05:48:50', '2018-11-23 05:48:50'),
	(123, 16, '97', NULL, 2, 24, 100.00, 'deductions', '2018', 'January', 2, NULL, '2018-11-23 05:48:51', '2018-11-23 05:48:51'),
	(124, 16, '97', NULL, 5, 60, 1110.00, 'deductions', '2018', 'January', 2, NULL, '2018-11-23 05:48:51', '2018-11-23 05:48:51'),
	(125, 61, '81', NULL, 2, 25, 100.00, 'deductions', '2018', 'January', 2, NULL, '2018-11-23 05:48:52', '2018-11-23 05:48:52'),
	(126, 61, '81', NULL, 5, 61, 4000.00, 'deductions', '2018', 'January', 2, NULL, '2018-11-23 05:48:53', '2018-11-23 05:48:53'),
	(127, 63, '112', NULL, 5, 62, 3226.00, 'deductions', '2018', 'January', 2, NULL, '2018-11-23 05:48:53', '2018-11-23 05:48:53'),
	(128, 2, '15', NULL, 2, 26, 100.00, 'deductions', '2018', 'January', 2, NULL, '2018-11-23 05:48:54', '2018-11-23 05:48:54'),
	(129, 2, '15', NULL, 5, 63, 1000.00, 'deductions', '2018', 'January', 2, NULL, '2018-11-23 05:48:54', '2018-11-23 05:48:54'),
	(130, 4, '22', NULL, 2, 27, 100.00, 'deductions', '2018', 'January', 2, NULL, '2018-11-23 05:48:55', '2018-11-23 05:48:55'),
	(131, 4, '22', NULL, 5, 64, 1200.00, 'deductions', '2018', 'January', 2, NULL, '2018-11-23 05:48:55', '2018-11-23 05:48:55'),
	(132, 15, '80', NULL, 2, 28, 100.00, 'deductions', '2018', 'January', 2, NULL, '2018-11-23 05:48:55', '2018-11-23 05:48:55'),
	(133, 15, '80', NULL, 5, 65, 4600.00, 'deductions', '2018', 'January', 2, NULL, '2018-11-23 05:48:55', '2018-11-23 05:48:55'),
	(134, 65, '73', NULL, 2, 29, 100.00, 'deductions', '2018', 'January', 2, NULL, '2018-11-23 05:48:56', '2018-11-23 05:48:56'),
	(135, 65, '73', NULL, 5, 66, 1000.00, 'deductions', '2018', 'January', 2, NULL, '2018-11-23 05:48:56', '2018-11-23 05:48:56'),
	(136, 66, '12', NULL, 2, 30, 100.00, 'deductions', '2018', 'January', 2, NULL, '2018-11-23 05:48:56', '2018-11-23 05:48:56'),
	(137, 66, '12', NULL, 5, 67, 5000.00, 'deductions', '2018', 'January', 2, NULL, '2018-11-23 05:48:56', '2018-11-23 05:48:56'),
	(138, 21, '114', NULL, 5, 68, 2137.00, 'deductions', '2018', 'January', 2, NULL, '2018-11-23 05:48:57', '2018-11-23 05:48:57'),
	(139, 26, '122', NULL, 5, 69, 6212.00, 'deductions', '2018', 'January', 2, NULL, '2018-11-23 05:48:58', '2018-11-23 05:48:58'),
	(140, 69, '33', NULL, 2, 31, 100.00, 'deductions', '2018', 'January', 2, NULL, '2018-11-23 05:48:58', '2018-11-23 05:48:58'),
	(141, 69, '33', NULL, 5, 70, 3000.00, 'deductions', '2018', 'January', 2, NULL, '2018-11-23 05:48:58', '2018-11-23 05:48:58');
/*!40000 ALTER TABLE `pms_deductioninfo_transactions` ENABLE KEYS */;

-- Dumping structure for table mwss.pms_deductions
DROP TABLE IF EXISTS `pms_deductions`;
CREATE TABLE IF NOT EXISTS `pms_deductions` (
  `id` int(11) NOT NULL AUTO_INCREMENT,
  `code` varchar(225) DEFAULT NULL,
  `name` varchar(225) DEFAULT NULL,
  `payroll_group` varchar(225) DEFAULT NULL,
  `tax_type` varchar(225) DEFAULT NULL,
  `itr_classification` varchar(225) DEFAULT NULL,
  `alphalist_classification` varchar(225) DEFAULT NULL,
  `amount` decimal(9,2) DEFAULT NULL,
  `remarks` varchar(225) DEFAULT NULL,
  `created_at` timestamp NULL DEFAULT NULL,
  `updated_at` timestamp NULL DEFAULT NULL,
  `updated_by` int(11) DEFAULT NULL,
  PRIMARY KEY (`id`)
) ENGINE=InnoDB AUTO_INCREMENT=9 DEFAULT CHARSET=latin1;

-- Dumping data for table mwss.pms_deductions: ~8 rows (approximately)
/*!40000 ALTER TABLE `pms_deductions` DISABLE KEYS */;
INSERT INTO `pms_deductions` (`id`, `code`, `name`, `payroll_group`, `tax_type`, `itr_classification`, `alphalist_classification`, `amount`, `remarks`, `created_at`, `updated_at`, `updated_by`) VALUES
	(1, 'SSS CONT', 'SSS CONTRIBUTION', NULL, 'Taxable', NULL, NULL, 0.00, NULL, '2018-08-16 12:15:15', '2018-08-16 12:38:27', NULL),
	(2, 'MPCC', 'MULTI-PURPOSE COOPERATIVE CONTRIBUTION', NULL, 'Taxable', NULL, NULL, 0.00, NULL, '2018-08-16 12:16:30', '2018-08-16 12:17:27', NULL),
	(3, 'UD', 'UNION DUES', NULL, 'Taxable', NULL, NULL, 0.00, NULL, '2018-08-16 12:18:18', '2018-08-16 12:18:18', NULL),
	(4, 'WF', 'WELFARE FUND', NULL, 'Taxable', NULL, NULL, 0.00, NULL, '2018-08-16 15:55:43', '2018-08-16 15:55:43', NULL),
	(5, 'WD', 'WASSSLAI  Capital Contribution', NULL, 'Taxable', NULL, NULL, 0.00, NULL, '2018-08-17 04:08:59', '2018-08-17 04:08:59', NULL),
	(6, 'SB', 'SMART BILL', NULL, 'Taxable', NULL, NULL, 0.00, 'bill', '2018-09-11 14:00:39', '2018-09-11 14:00:39', NULL),
	(7, 'GB', 'GLOBE BILL', NULL, 'Taxable', NULL, NULL, 0.00, 'bill', '2018-09-11 14:00:58', '2018-09-11 14:00:58', NULL),
	(8, 'WASSLAI', 'WASSLAI', 'rata', 'Taxable', NULL, NULL, 0.00, NULL, '2018-10-06 08:19:17', '2018-10-06 08:19:17', NULL);
/*!40000 ALTER TABLE `pms_deductions` ENABLE KEYS */;

-- Dumping structure for table mwss.pms_departments
DROP TABLE IF EXISTS `pms_departments`;
CREATE TABLE IF NOT EXISTS `pms_departments` (
  `id` int(11) NOT NULL AUTO_INCREMENT,
  `code` varchar(50) DEFAULT NULL,
  `name` varchar(225) DEFAULT NULL,
  `created_at` timestamp NULL DEFAULT NULL,
  `updated_at` timestamp NULL DEFAULT NULL,
  `created_by` int(11) DEFAULT NULL,
  `updated_by` int(11) DEFAULT NULL,
  PRIMARY KEY (`id`)
) ENGINE=InnoDB DEFAULT CHARSET=latin1;

-- Dumping data for table mwss.pms_departments: ~0 rows (approximately)
/*!40000 ALTER TABLE `pms_departments` DISABLE KEYS */;
/*!40000 ALTER TABLE `pms_departments` ENABLE KEYS */;

-- Dumping structure for table mwss.pms_divisions
DROP TABLE IF EXISTS `pms_divisions`;
CREATE TABLE IF NOT EXISTS `pms_divisions` (
  `id` int(11) NOT NULL AUTO_INCREMENT,
  `code` varchar(50) DEFAULT NULL,
  `name` varchar(225) DEFAULT NULL,
  `created_at` timestamp NULL DEFAULT NULL,
  `updated_at` timestamp NULL DEFAULT NULL,
  `created_by` int(11) DEFAULT NULL,
  `updated_by` int(11) DEFAULT NULL,
  PRIMARY KEY (`id`)
) ENGINE=InnoDB AUTO_INCREMENT=37 DEFAULT CHARSET=latin1;

-- Dumping data for table mwss.pms_divisions: ~35 rows (approximately)
/*!40000 ALTER TABLE `pms_divisions` DISABLE KEYS */;
INSERT INTO `pms_divisions` (`id`, `code`, `name`, `created_at`, `updated_at`, `created_by`, `updated_by`) VALUES
	(1, '', 'Office of Chair AMB', NULL, NULL, NULL, NULL),
	(2, '', 'Office of Comm JRB', NULL, NULL, NULL, NULL),
	(3, '', 'Office of Comm SAQ', NULL, NULL, NULL, NULL),
	(4, '', 'Office of the Director', NULL, NULL, NULL, NULL),
	(5, '', 'Agency-to-Agency', NULL, NULL, NULL, NULL),
	(6, '', 'Economic Investigation Division', NULL, NULL, NULL, NULL),
	(7, 'LID', 'Litigation Division', NULL, '2018-07-25 05:04:22', NULL, 2),
	(8, '', 'General Services Division', NULL, NULL, NULL, NULL),
	(9, '', 'Notification Division', NULL, NULL, NULL, NULL),
	(10, '', 'Monitoring and Investigation Division', NULL, NULL, NULL, NULL),
	(11, '', 'Corporate Planning and Management Division', NULL, NULL, NULL, NULL),
	(12, '', 'M & A Review Division', NULL, NULL, NULL, NULL),
	(13, 'IMD', 'Information Management Division', NULL, '2018-07-25 04:55:47', NULL, NULL),
	(14, '', 'Policy and Markets Division', NULL, NULL, NULL, NULL),
	(15, '', 'Human Resources Development Division', NULL, NULL, NULL, NULL),
	(16, '', 'Training and Advocacy Division', NULL, NULL, NULL, NULL),
	(17, '', 'CKMO', NULL, NULL, NULL, NULL),
	(18, '', 'Budget Division', NULL, NULL, NULL, NULL),
	(19, '', 'Internal Legal Services', NULL, NULL, NULL, NULL),
	(20, '', 'Office of Comm ERB', NULL, NULL, NULL, NULL),
	(21, '', 'Accounting Division', NULL, NULL, NULL, NULL),
	(22, '', 'Policy Research Division', NULL, NULL, NULL, NULL),
	(23, '', 'Information and Communications Technology Division', NULL, NULL, NULL, NULL),
	(24, '', 'Office of Comm ACA', NULL, NULL, NULL, NULL),
	(25, '', 'Office of the Executive Director', NULL, NULL, NULL, NULL),
	(26, '', 'ALO', NULL, NULL, NULL, NULL),
	(27, '', 'Office of the Chairman', NULL, NULL, NULL, NULL),
	(28, '', 'EO', NULL, NULL, NULL, NULL),
	(29, '', 'Training Division', NULL, NULL, NULL, NULL),
	(30, '', 'Policy Research and Development Division', NULL, NULL, NULL, NULL),
	(31, '', 'Adjudication Division', NULL, NULL, NULL, NULL),
	(32, '', 'Merger and Acquisition Division', NULL, NULL, NULL, NULL),
	(33, '', 'Knowledge Management Division', NULL, NULL, NULL, NULL),
	(34, '', 'Legal Division', NULL, NULL, NULL, NULL),
	(36, 'LD', 'Legal Division', '2018-07-25 05:06:09', '2018-07-25 05:06:09', 2, NULL);
/*!40000 ALTER TABLE `pms_divisions` ENABLE KEYS */;

-- Dumping structure for table mwss.pms_employees
DROP TABLE IF EXISTS `pms_employees`;
CREATE TABLE IF NOT EXISTS `pms_employees` (
  `id` int(10) unsigned NOT NULL AUTO_INCREMENT,
  `employee_number` varchar(225) COLLATE utf8mb4_unicode_ci DEFAULT NULL,
  `company_id` int(11) DEFAULT NULL,
  `branch_id` int(11) DEFAULT NULL,
  `lastname` varchar(255) COLLATE utf8mb4_unicode_ci DEFAULT NULL,
  `firstname` varchar(255) COLLATE utf8mb4_unicode_ci DEFAULT NULL,
  `middlename` varchar(255) COLLATE utf8mb4_unicode_ci DEFAULT NULL,
  `extension_name` varchar(255) COLLATE utf8mb4_unicode_ci DEFAULT NULL,
  `nickname` varchar(255) COLLATE utf8mb4_unicode_ci DEFAULT NULL,
  `contact_number` varchar(255) COLLATE utf8mb4_unicode_ci DEFAULT NULL,
  `mobile_number` varchar(255) COLLATE utf8mb4_unicode_ci DEFAULT NULL,
  `telephone_number` varchar(255) COLLATE utf8mb4_unicode_ci DEFAULT NULL,
  `birthday` date DEFAULT NULL,
  `birth_place` varchar(255) COLLATE utf8mb4_unicode_ci DEFAULT NULL,
  `email_address` varchar(255) COLLATE utf8mb4_unicode_ci DEFAULT NULL,
  `gender` varchar(255) COLLATE utf8mb4_unicode_ci DEFAULT NULL,
  `civil_status` varchar(255) COLLATE utf8mb4_unicode_ci DEFAULT NULL,
  `citizenship_id` int(11) DEFAULT NULL,
  `citizenship_country_id` int(11) DEFAULT NULL,
  `filipino` tinyint(1) DEFAULT NULL,
  `naturalized` tinyint(1) DEFAULT NULL,
  `height` decimal(4,2) DEFAULT NULL,
  `weight` decimal(4,2) DEFAULT NULL,
  `blood_type` varchar(255) COLLATE utf8mb4_unicode_ci DEFAULT NULL,
  `pagibig` varchar(255) COLLATE utf8mb4_unicode_ci DEFAULT NULL,
  `gsis` varchar(255) COLLATE utf8mb4_unicode_ci DEFAULT NULL,
  `philhealth` varchar(255) COLLATE utf8mb4_unicode_ci NOT NULL,
  `tin` varchar(255) COLLATE utf8mb4_unicode_ci DEFAULT NULL,
  `sss` varchar(255) COLLATE utf8mb4_unicode_ci DEFAULT NULL,
  `govt_issued_id` varchar(255) COLLATE utf8mb4_unicode_ci DEFAULT NULL,
  `govt_issued_id_number` varchar(255) COLLATE utf8mb4_unicode_ci DEFAULT NULL,
  `govt_issued_id_place` varchar(255) COLLATE utf8mb4_unicode_ci DEFAULT NULL,
  `govt_issued_id_date_issued` date DEFAULT NULL,
  `govt_issued_valid_until` date DEFAULT NULL,
  `agency_employee_number` varchar(255) COLLATE utf8mb4_unicode_ci DEFAULT NULL,
  `biometrics` varchar(255) COLLATE utf8mb4_unicode_ci DEFAULT NULL,
  `house_number` varchar(255) COLLATE utf8mb4_unicode_ci DEFAULT NULL,
  `street` varchar(255) COLLATE utf8mb4_unicode_ci DEFAULT NULL,
  `subdivision` varchar(255) COLLATE utf8mb4_unicode_ci DEFAULT NULL,
  `brgy` varchar(255) COLLATE utf8mb4_unicode_ci DEFAULT NULL,
  `city_id` varchar(255) COLLATE utf8mb4_unicode_ci DEFAULT NULL,
  `province_id` varchar(255) COLLATE utf8mb4_unicode_ci DEFAULT NULL,
  `country_id` int(11) DEFAULT NULL,
  `permanent_house_number` varchar(255) COLLATE utf8mb4_unicode_ci DEFAULT NULL,
  `permanent_street` varchar(255) COLLATE utf8mb4_unicode_ci DEFAULT NULL,
  `permanent_subdivision` varchar(255) COLLATE utf8mb4_unicode_ci DEFAULT NULL,
  `permanent_brgy` varchar(255) COLLATE utf8mb4_unicode_ci DEFAULT NULL,
  `permanent_city_id` varchar(255) COLLATE utf8mb4_unicode_ci DEFAULT NULL,
  `permanent_province_id` varchar(255) COLLATE utf8mb4_unicode_ci DEFAULT NULL,
  `permanent_country_id` varchar(255) COLLATE utf8mb4_unicode_ci DEFAULT NULL,
  `permanent_telephone_number` varchar(255) COLLATE utf8mb4_unicode_ci DEFAULT NULL,
  `image_path` varchar(255) COLLATE utf8mb4_unicode_ci DEFAULT NULL,
  `active` int(11) DEFAULT NULL,
  `with_setup` int(11) DEFAULT NULL,
  `remarks` varchar(255) COLLATE utf8mb4_unicode_ci DEFAULT NULL,
  `created_by` int(11) NOT NULL,
  `updated_by` int(11) DEFAULT NULL,
  `created_at` timestamp NULL DEFAULT NULL,
  `updated_at` timestamp NULL DEFAULT NULL,
  `deleted_at` timestamp NULL DEFAULT NULL,
  PRIMARY KEY (`id`)
) ENGINE=InnoDB AUTO_INCREMENT=79 DEFAULT CHARSET=utf8mb4 COLLATE=utf8mb4_unicode_ci;

-- Dumping data for table mwss.pms_employees: ~78 rows (approximately)
/*!40000 ALTER TABLE `pms_employees` DISABLE KEYS */;
INSERT INTO `pms_employees` (`id`, `employee_number`, `company_id`, `branch_id`, `lastname`, `firstname`, `middlename`, `extension_name`, `nickname`, `contact_number`, `mobile_number`, `telephone_number`, `birthday`, `birth_place`, `email_address`, `gender`, `civil_status`, `citizenship_id`, `citizenship_country_id`, `filipino`, `naturalized`, `height`, `weight`, `blood_type`, `pagibig`, `gsis`, `philhealth`, `tin`, `sss`, `govt_issued_id`, `govt_issued_id_number`, `govt_issued_id_place`, `govt_issued_id_date_issued`, `govt_issued_valid_until`, `agency_employee_number`, `biometrics`, `house_number`, `street`, `subdivision`, `brgy`, `city_id`, `province_id`, `country_id`, `permanent_house_number`, `permanent_street`, `permanent_subdivision`, `permanent_brgy`, `permanent_city_id`, `permanent_province_id`, `permanent_country_id`, `permanent_telephone_number`, `image_path`, `active`, `with_setup`, `remarks`, `created_by`, `updated_by`, `created_at`, `updated_at`, `deleted_at`) VALUES
	(1, '11', 14, 1, 'RUELOS', 'VINCENT', 'ARBOLEDA', NULL, NULL, NULL, NULL, NULL, NULL, NULL, NULL, NULL, NULL, NULL, NULL, NULL, NULL, NULL, NULL, NULL, NULL, NULL, '', '200-685-570', NULL, NULL, NULL, NULL, NULL, NULL, NULL, NULL, NULL, NULL, NULL, NULL, NULL, NULL, NULL, NULL, NULL, NULL, NULL, NULL, NULL, NULL, NULL, NULL, 1, NULL, NULL, 0, NULL, NULL, NULL, NULL),
	(2, '15', 14, 1, 'MARCELINO', 'CHRISTIAN BERNARD', 'DELA CRUZ', NULL, NULL, NULL, NULL, NULL, NULL, NULL, NULL, NULL, NULL, NULL, NULL, NULL, NULL, NULL, NULL, NULL, NULL, NULL, '', NULL, NULL, NULL, NULL, NULL, NULL, NULL, NULL, NULL, NULL, NULL, NULL, NULL, NULL, NULL, NULL, NULL, NULL, NULL, NULL, NULL, NULL, NULL, NULL, NULL, 1, NULL, NULL, 0, NULL, NULL, NULL, NULL),
	(3, '21', 14, 1, 'JAVIER', 'RAMON', 'ASANTOR', NULL, NULL, NULL, NULL, NULL, NULL, NULL, NULL, NULL, NULL, NULL, NULL, NULL, NULL, NULL, NULL, NULL, NULL, NULL, '', '102-126-709', NULL, NULL, NULL, NULL, NULL, NULL, NULL, NULL, NULL, NULL, NULL, NULL, NULL, NULL, NULL, NULL, NULL, NULL, NULL, NULL, NULL, NULL, NULL, NULL, 1, NULL, NULL, 0, NULL, NULL, NULL, NULL),
	(4, '22', 14, 1, 'MEDINA', 'LORNA', 'CHAPOCO', NULL, NULL, NULL, NULL, NULL, NULL, NULL, NULL, NULL, NULL, NULL, NULL, NULL, NULL, NULL, NULL, NULL, NULL, NULL, '', '146-831-893', NULL, NULL, NULL, NULL, NULL, NULL, NULL, NULL, NULL, NULL, NULL, NULL, NULL, NULL, NULL, NULL, NULL, NULL, NULL, NULL, NULL, NULL, NULL, NULL, 1, NULL, NULL, 0, NULL, NULL, NULL, NULL),
	(5, '23', 14, 1, 'BAGAPORO', 'ISABEL', 'VISAYA', NULL, NULL, NULL, NULL, NULL, NULL, NULL, NULL, NULL, NULL, NULL, NULL, NULL, NULL, NULL, NULL, NULL, NULL, NULL, '', '102-941-952', NULL, NULL, NULL, NULL, NULL, NULL, NULL, NULL, NULL, NULL, NULL, NULL, NULL, NULL, NULL, NULL, NULL, NULL, NULL, NULL, NULL, NULL, NULL, NULL, 1, NULL, NULL, 0, NULL, NULL, NULL, NULL),
	(6, '28', 14, 1, 'LEIDO', 'STEVE', 'PANGILINAN', NULL, NULL, NULL, NULL, NULL, NULL, NULL, NULL, NULL, NULL, NULL, NULL, NULL, NULL, NULL, NULL, NULL, NULL, NULL, '', '118-343-236', NULL, NULL, NULL, NULL, NULL, NULL, NULL, NULL, NULL, NULL, NULL, NULL, NULL, NULL, NULL, NULL, NULL, NULL, NULL, NULL, NULL, NULL, NULL, NULL, 1, NULL, NULL, 0, NULL, NULL, NULL, NULL),
	(7, '29', 14, 1, 'CORDOVA', 'MELCHOR', 'SUYAO', NULL, NULL, NULL, NULL, NULL, NULL, NULL, NULL, NULL, NULL, NULL, NULL, NULL, NULL, NULL, NULL, NULL, NULL, NULL, '', '118-331-064', NULL, NULL, NULL, NULL, NULL, NULL, NULL, NULL, NULL, NULL, NULL, NULL, NULL, NULL, NULL, NULL, NULL, NULL, NULL, NULL, NULL, NULL, NULL, NULL, 1, NULL, NULL, 0, NULL, NULL, NULL, NULL),
	(8, '30', 14, 1, 'DOMINGUEZ', 'JOEL', 'AQUINO', NULL, NULL, NULL, NULL, NULL, NULL, NULL, NULL, NULL, NULL, NULL, NULL, NULL, NULL, NULL, NULL, NULL, NULL, NULL, '', '120-356-221', NULL, NULL, NULL, NULL, NULL, NULL, NULL, NULL, NULL, NULL, NULL, NULL, NULL, NULL, NULL, NULL, NULL, NULL, NULL, NULL, NULL, NULL, NULL, NULL, 1, NULL, NULL, 0, NULL, NULL, NULL, NULL),
	(9, '37', 14, 1, 'AYAPANA', 'FRANCIS EDUARDO', 'PASAMBA', 'JR.', NULL, NULL, NULL, NULL, NULL, NULL, NULL, NULL, NULL, NULL, NULL, NULL, NULL, NULL, NULL, NULL, NULL, NULL, '', '109-353-301', NULL, NULL, NULL, NULL, NULL, NULL, NULL, NULL, NULL, NULL, NULL, NULL, NULL, NULL, NULL, NULL, NULL, NULL, NULL, NULL, NULL, NULL, NULL, NULL, 1, NULL, NULL, 0, NULL, NULL, NULL, NULL),
	(10, '38', 14, 1, 'ALEGRE', 'ROSENDO', 'ORITO', NULL, NULL, NULL, NULL, NULL, NULL, NULL, NULL, NULL, NULL, NULL, NULL, NULL, NULL, NULL, NULL, NULL, NULL, NULL, '', '133-353-788', NULL, NULL, NULL, NULL, NULL, NULL, NULL, NULL, NULL, NULL, NULL, NULL, NULL, NULL, NULL, NULL, NULL, NULL, NULL, NULL, NULL, NULL, NULL, NULL, 1, NULL, NULL, 0, NULL, NULL, NULL, NULL),
	(11, '40', 14, 1, 'ESPALLARDO', 'CARLITO', 'ESCOPETE', NULL, NULL, NULL, NULL, NULL, NULL, NULL, NULL, NULL, NULL, NULL, NULL, NULL, NULL, NULL, NULL, NULL, NULL, NULL, '', '102-979-605', NULL, NULL, NULL, NULL, NULL, NULL, NULL, NULL, NULL, NULL, NULL, NULL, NULL, NULL, NULL, NULL, NULL, NULL, NULL, NULL, NULL, NULL, NULL, NULL, 1, NULL, NULL, 0, NULL, NULL, NULL, NULL),
	(12, '51', 14, 1, 'VILLARBA', 'MA. VICTORIA', 'MAMARIL', NULL, NULL, NULL, NULL, NULL, NULL, NULL, NULL, NULL, NULL, NULL, NULL, NULL, NULL, NULL, NULL, NULL, NULL, NULL, '', '138-548-798', NULL, NULL, NULL, NULL, NULL, NULL, NULL, NULL, NULL, NULL, NULL, NULL, NULL, NULL, NULL, NULL, NULL, NULL, NULL, NULL, NULL, NULL, NULL, NULL, 1, NULL, NULL, 0, NULL, NULL, NULL, NULL),
	(13, '59', 14, 1, 'CHUEGAN', 'CHRISTOPHER', 'DY', NULL, NULL, NULL, NULL, NULL, NULL, NULL, NULL, NULL, NULL, NULL, NULL, NULL, NULL, NULL, NULL, NULL, NULL, NULL, '', '127-384-723-000', NULL, NULL, NULL, NULL, NULL, NULL, NULL, NULL, NULL, NULL, NULL, NULL, NULL, NULL, NULL, NULL, NULL, NULL, NULL, NULL, NULL, NULL, NULL, NULL, 1, NULL, NULL, 0, NULL, NULL, NULL, NULL),
	(14, '61', 14, 1, 'COLOSO', 'ROBERTO', 'UMALI', NULL, NULL, NULL, NULL, NULL, NULL, NULL, NULL, NULL, NULL, NULL, NULL, NULL, NULL, NULL, NULL, NULL, NULL, NULL, '', '148-100-787', NULL, NULL, NULL, NULL, NULL, NULL, NULL, NULL, NULL, NULL, NULL, NULL, NULL, NULL, NULL, NULL, NULL, NULL, NULL, NULL, NULL, NULL, NULL, NULL, 1, NULL, NULL, 0, NULL, NULL, NULL, NULL),
	(15, '80', 14, 1, 'MINAS', 'CRESCENCIANO', 'BALDINO', 'JR.', NULL, NULL, NULL, NULL, NULL, NULL, NULL, NULL, NULL, NULL, NULL, NULL, NULL, NULL, NULL, NULL, NULL, NULL, '', '188-303-707-000', NULL, NULL, NULL, NULL, NULL, NULL, NULL, NULL, NULL, NULL, NULL, NULL, NULL, NULL, NULL, NULL, NULL, NULL, NULL, NULL, NULL, NULL, NULL, NULL, 1, NULL, NULL, 0, NULL, NULL, NULL, NULL),
	(16, '97', 14, 1, 'LUZ', 'KLEA REJOICE', 'M', NULL, NULL, NULL, NULL, NULL, NULL, NULL, NULL, NULL, NULL, NULL, NULL, NULL, NULL, NULL, NULL, NULL, NULL, NULL, '', '235-956-218-000', NULL, NULL, NULL, NULL, NULL, NULL, NULL, NULL, NULL, NULL, NULL, NULL, NULL, NULL, NULL, NULL, NULL, NULL, NULL, NULL, NULL, NULL, NULL, NULL, 1, NULL, NULL, 0, NULL, NULL, NULL, NULL),
	(17, '105', 14, 1, 'ABALOYAN', 'LEO JAMES', 'BAUTISTA', NULL, NULL, NULL, NULL, NULL, NULL, NULL, NULL, NULL, NULL, NULL, NULL, NULL, NULL, NULL, NULL, NULL, NULL, NULL, '', '236-652-938', NULL, NULL, NULL, NULL, NULL, NULL, NULL, NULL, NULL, NULL, NULL, NULL, NULL, NULL, NULL, NULL, NULL, NULL, NULL, NULL, NULL, NULL, NULL, NULL, 1, NULL, NULL, 0, NULL, NULL, NULL, NULL),
	(18, '109', 14, 1, 'VILLANUEVA', 'CHRISTINE AGATHA', 'REYES', NULL, NULL, NULL, NULL, NULL, NULL, NULL, NULL, NULL, NULL, NULL, NULL, NULL, NULL, NULL, NULL, NULL, NULL, NULL, '', '297165556', NULL, NULL, NULL, NULL, NULL, NULL, NULL, NULL, NULL, NULL, NULL, NULL, NULL, NULL, NULL, NULL, NULL, NULL, NULL, NULL, NULL, NULL, NULL, NULL, 1, NULL, NULL, 0, NULL, NULL, NULL, NULL),
	(19, '110', 14, 1, 'BALINGIT', 'LORNA', 'CRUZ', NULL, NULL, NULL, NULL, NULL, NULL, NULL, NULL, NULL, NULL, NULL, NULL, NULL, NULL, NULL, NULL, NULL, NULL, NULL, '', '208-628-963', NULL, NULL, NULL, NULL, NULL, NULL, NULL, NULL, NULL, NULL, NULL, NULL, NULL, NULL, NULL, NULL, NULL, NULL, NULL, NULL, NULL, NULL, NULL, NULL, 1, NULL, NULL, 0, NULL, NULL, NULL, NULL),
	(20, '113', 14, 1, 'DAGSA', 'JORIEL', 'MIRANDA', NULL, NULL, NULL, NULL, NULL, NULL, NULL, NULL, NULL, NULL, NULL, NULL, NULL, NULL, NULL, NULL, NULL, NULL, NULL, '', '410-635-514', NULL, NULL, NULL, NULL, NULL, NULL, NULL, NULL, NULL, NULL, NULL, NULL, NULL, NULL, NULL, NULL, NULL, NULL, NULL, NULL, NULL, NULL, NULL, NULL, 1, NULL, NULL, 0, NULL, NULL, NULL, NULL),
	(21, '114', 14, 1, 'PENA', 'MARY ANN MONIC', 'MANUSIG', NULL, NULL, NULL, NULL, NULL, NULL, NULL, NULL, NULL, NULL, NULL, NULL, NULL, NULL, NULL, NULL, NULL, NULL, NULL, '', '424-028-892', NULL, NULL, NULL, NULL, NULL, NULL, NULL, NULL, NULL, NULL, NULL, NULL, NULL, NULL, NULL, NULL, NULL, NULL, NULL, NULL, NULL, NULL, NULL, NULL, 1, NULL, NULL, 0, NULL, NULL, NULL, NULL),
	(22, '115', 14, 1, 'ABIA', 'CHARMAINE SHIELA', 'RAMIREZ', NULL, NULL, NULL, NULL, NULL, NULL, NULL, NULL, NULL, NULL, NULL, NULL, NULL, NULL, NULL, NULL, NULL, NULL, NULL, '', '410-635-636', NULL, NULL, NULL, NULL, NULL, NULL, NULL, NULL, NULL, NULL, NULL, NULL, NULL, NULL, NULL, NULL, NULL, NULL, NULL, NULL, NULL, NULL, NULL, NULL, 1, NULL, NULL, 0, NULL, NULL, NULL, NULL),
	(23, '117', 14, 1, 'BENITO', 'MA. CARLA', 'NAPURAN', NULL, NULL, NULL, NULL, NULL, NULL, NULL, NULL, NULL, NULL, NULL, NULL, NULL, NULL, NULL, NULL, NULL, NULL, NULL, '', '436-529-344', NULL, NULL, NULL, NULL, NULL, NULL, NULL, NULL, NULL, NULL, NULL, NULL, NULL, NULL, NULL, NULL, NULL, NULL, NULL, NULL, NULL, NULL, NULL, NULL, 1, NULL, NULL, 0, NULL, NULL, NULL, NULL),
	(24, '120', 14, 1, 'ANTONIO', 'MARK BILLY', 'BERNARDO', NULL, NULL, NULL, NULL, NULL, NULL, NULL, NULL, NULL, NULL, NULL, NULL, NULL, NULL, NULL, NULL, NULL, NULL, NULL, '', '424-495-075', NULL, NULL, NULL, NULL, NULL, NULL, NULL, NULL, NULL, NULL, NULL, NULL, NULL, NULL, NULL, NULL, NULL, NULL, NULL, NULL, NULL, NULL, NULL, NULL, 1, NULL, NULL, 0, NULL, NULL, NULL, NULL),
	(25, '121', 14, 1, 'IGNACIO', 'JUSTINE IRISH', 'CARLOS', NULL, NULL, NULL, NULL, NULL, NULL, NULL, NULL, NULL, NULL, NULL, NULL, NULL, NULL, NULL, NULL, NULL, NULL, NULL, '', '337-254-519-0000', NULL, NULL, NULL, NULL, NULL, NULL, NULL, NULL, NULL, NULL, NULL, NULL, NULL, NULL, NULL, NULL, NULL, NULL, NULL, NULL, NULL, NULL, NULL, NULL, 1, NULL, NULL, 0, NULL, NULL, NULL, NULL),
	(26, '122', 14, 1, 'RODRIGUEZ', 'RENATO', 'LACAO', 'JR.', NULL, NULL, NULL, NULL, NULL, NULL, NULL, NULL, NULL, NULL, NULL, NULL, NULL, NULL, NULL, NULL, NULL, NULL, '', '275-908-758-000', NULL, NULL, NULL, NULL, NULL, NULL, NULL, NULL, NULL, NULL, NULL, NULL, NULL, NULL, NULL, NULL, NULL, NULL, NULL, NULL, NULL, NULL, NULL, NULL, 1, NULL, NULL, 0, NULL, NULL, NULL, NULL),
	(27, '126', 14, 1, 'BUENO', 'MA. KARMELA', 'B.', NULL, NULL, NULL, NULL, NULL, NULL, NULL, NULL, NULL, NULL, NULL, NULL, NULL, NULL, NULL, NULL, NULL, NULL, NULL, '', '315-611-105', NULL, NULL, NULL, NULL, NULL, NULL, NULL, NULL, NULL, NULL, NULL, NULL, NULL, NULL, NULL, NULL, NULL, NULL, NULL, NULL, NULL, NULL, NULL, NULL, 1, NULL, NULL, 0, NULL, NULL, NULL, NULL),
	(28, '127', 14, 1, 'CO', 'MARIA ELOISA', 'A.', NULL, NULL, NULL, NULL, NULL, NULL, NULL, NULL, NULL, NULL, NULL, NULL, NULL, NULL, NULL, NULL, NULL, NULL, NULL, '', '4.4055E+11', NULL, NULL, NULL, NULL, NULL, NULL, NULL, NULL, NULL, NULL, NULL, NULL, NULL, NULL, NULL, NULL, NULL, NULL, NULL, NULL, NULL, NULL, NULL, NULL, 1, NULL, NULL, 0, NULL, NULL, NULL, NULL),
	(29, '128', 14, 1, 'BRITANICO', 'LEE ROBERT', 'MARTINEZ', NULL, NULL, NULL, NULL, NULL, NULL, NULL, NULL, NULL, NULL, NULL, NULL, NULL, NULL, NULL, NULL, NULL, NULL, NULL, '', '432 687 828', NULL, NULL, NULL, NULL, NULL, NULL, NULL, NULL, NULL, NULL, NULL, NULL, NULL, NULL, NULL, NULL, NULL, NULL, NULL, NULL, NULL, NULL, NULL, NULL, 1, NULL, NULL, 0, NULL, NULL, NULL, NULL),
	(30, '129', 14, 1, 'ALONG', 'ANGELA SIGRID', 'J.', NULL, NULL, NULL, NULL, NULL, NULL, NULL, NULL, NULL, NULL, NULL, NULL, NULL, NULL, NULL, NULL, NULL, NULL, NULL, '', '232-021-542', NULL, NULL, NULL, NULL, NULL, NULL, NULL, NULL, NULL, NULL, NULL, NULL, NULL, NULL, NULL, NULL, NULL, NULL, NULL, NULL, NULL, NULL, NULL, NULL, 1, NULL, NULL, 0, NULL, NULL, NULL, NULL),
	(31, '132', 14, 1, 'SOLIVEN', 'KIMBERLY', 'O.', NULL, NULL, NULL, NULL, NULL, NULL, NULL, NULL, NULL, NULL, NULL, NULL, NULL, NULL, NULL, NULL, NULL, NULL, NULL, '', '338167450', NULL, NULL, NULL, NULL, NULL, NULL, NULL, NULL, NULL, NULL, NULL, NULL, NULL, NULL, NULL, NULL, NULL, NULL, NULL, NULL, NULL, NULL, NULL, NULL, 1, NULL, NULL, 0, NULL, NULL, NULL, NULL),
	(32, '134', 14, 1, 'ZAPANTA', 'KARL MARK', 'N.', NULL, NULL, NULL, NULL, NULL, NULL, NULL, NULL, NULL, NULL, NULL, NULL, NULL, NULL, NULL, NULL, NULL, NULL, NULL, '', '219-318-943', NULL, NULL, NULL, NULL, NULL, NULL, NULL, NULL, NULL, NULL, NULL, NULL, NULL, NULL, NULL, NULL, NULL, NULL, NULL, NULL, NULL, NULL, NULL, NULL, 1, NULL, NULL, 0, NULL, NULL, NULL, NULL),
	(33, '135', 14, 1, 'GARCIA', 'RANJEV', 'E', NULL, NULL, NULL, NULL, NULL, NULL, NULL, NULL, NULL, NULL, NULL, NULL, NULL, NULL, NULL, NULL, NULL, NULL, NULL, '', '315013599', NULL, NULL, NULL, NULL, NULL, NULL, NULL, NULL, NULL, NULL, NULL, NULL, NULL, NULL, NULL, NULL, NULL, NULL, NULL, NULL, NULL, NULL, NULL, NULL, 1, NULL, NULL, 0, NULL, NULL, NULL, NULL),
	(34, '136', 14, 1, 'FULGUERAS', 'EMYL ANGLIQUE', 'CRUZ', NULL, NULL, NULL, NULL, NULL, NULL, NULL, NULL, NULL, NULL, NULL, NULL, NULL, NULL, NULL, NULL, NULL, NULL, NULL, '', '337-656-436', NULL, NULL, NULL, NULL, NULL, NULL, NULL, NULL, NULL, NULL, NULL, NULL, NULL, NULL, NULL, NULL, NULL, NULL, NULL, NULL, NULL, NULL, NULL, NULL, 1, NULL, NULL, 0, NULL, NULL, NULL, NULL),
	(35, '138', 14, 1, 'APARATO', 'MANUELITO', 'M.', NULL, NULL, NULL, NULL, NULL, NULL, NULL, NULL, NULL, NULL, NULL, NULL, NULL, NULL, NULL, NULL, NULL, NULL, NULL, '', '259-771-418', NULL, NULL, NULL, NULL, NULL, NULL, NULL, NULL, NULL, NULL, NULL, NULL, NULL, NULL, NULL, NULL, NULL, NULL, NULL, NULL, NULL, NULL, NULL, NULL, 1, NULL, NULL, 0, NULL, NULL, NULL, NULL),
	(36, 'COS1001', 14, 1, 'QUINAJON', 'ALJOHN DEO', 'E.', NULL, NULL, NULL, NULL, NULL, NULL, NULL, NULL, NULL, NULL, NULL, NULL, NULL, NULL, NULL, NULL, NULL, NULL, NULL, '', '475 131 653 0000', NULL, NULL, NULL, NULL, NULL, NULL, NULL, NULL, NULL, NULL, NULL, NULL, NULL, NULL, NULL, NULL, NULL, NULL, NULL, NULL, NULL, NULL, NULL, NULL, 1, NULL, NULL, 0, NULL, NULL, NULL, NULL),
	(37, 'COS1003', 14, 1, 'AQUINO', 'AL', 'P.', NULL, NULL, NULL, NULL, NULL, NULL, NULL, NULL, NULL, NULL, NULL, NULL, NULL, NULL, NULL, NULL, NULL, NULL, NULL, '', NULL, NULL, NULL, NULL, NULL, NULL, NULL, NULL, NULL, NULL, NULL, NULL, NULL, NULL, NULL, NULL, NULL, NULL, NULL, NULL, NULL, NULL, NULL, NULL, NULL, 1, NULL, NULL, 0, NULL, NULL, NULL, NULL),
	(38, 'COS1004', 14, 1, 'AQUINO', 'JOSHUA PATRICK', 'V.', NULL, NULL, NULL, NULL, NULL, NULL, NULL, NULL, NULL, NULL, NULL, NULL, NULL, NULL, NULL, NULL, NULL, NULL, NULL, '', '346-272-309-000', NULL, NULL, NULL, NULL, NULL, NULL, NULL, NULL, NULL, NULL, NULL, NULL, NULL, NULL, NULL, NULL, NULL, NULL, NULL, NULL, NULL, NULL, NULL, NULL, 1, NULL, NULL, 0, NULL, NULL, NULL, NULL),
	(39, 'COS1005', 14, 1, 'GUINALING', 'SHEENA', 'L.', NULL, NULL, NULL, NULL, NULL, NULL, NULL, NULL, NULL, NULL, NULL, NULL, NULL, NULL, NULL, NULL, NULL, NULL, NULL, '', '702-876-769-000', NULL, NULL, NULL, NULL, NULL, NULL, NULL, NULL, NULL, NULL, NULL, NULL, NULL, NULL, NULL, NULL, NULL, NULL, NULL, NULL, NULL, NULL, NULL, NULL, 1, NULL, NULL, 0, NULL, NULL, NULL, NULL),
	(40, 'COS1006', 14, 1, 'SAUSA', 'SHERYL', 'D.', NULL, NULL, NULL, NULL, NULL, NULL, NULL, NULL, NULL, NULL, NULL, NULL, NULL, NULL, NULL, NULL, NULL, NULL, NULL, '', '722-572-284-000', NULL, NULL, NULL, NULL, NULL, NULL, NULL, NULL, NULL, NULL, NULL, NULL, NULL, NULL, NULL, NULL, NULL, NULL, NULL, NULL, NULL, NULL, NULL, NULL, 1, NULL, NULL, 0, NULL, NULL, NULL, NULL),
	(41, 'COS1007', 14, 1, 'TANTE', 'VERLINE GAY', 'BACANI', NULL, NULL, NULL, NULL, NULL, NULL, NULL, NULL, NULL, NULL, NULL, NULL, NULL, NULL, NULL, NULL, NULL, NULL, NULL, '', '346-710-984-000', NULL, NULL, NULL, NULL, NULL, NULL, NULL, NULL, NULL, NULL, NULL, NULL, NULL, NULL, NULL, NULL, NULL, NULL, NULL, NULL, NULL, NULL, NULL, NULL, 1, NULL, NULL, 0, NULL, NULL, NULL, NULL),
	(42, 'COS1008', 14, 1, 'TEJERO', 'SHERYL', 'EVANGELISTA', NULL, NULL, NULL, NULL, NULL, NULL, NULL, NULL, NULL, NULL, NULL, NULL, NULL, NULL, NULL, NULL, NULL, NULL, NULL, '', '230-023-668-000', NULL, NULL, NULL, NULL, NULL, NULL, NULL, NULL, NULL, NULL, NULL, NULL, NULL, NULL, NULL, NULL, NULL, NULL, NULL, NULL, NULL, NULL, NULL, NULL, 1, NULL, NULL, 0, NULL, NULL, NULL, NULL),
	(43, 'COS1011', 14, 1, 'CHENG', 'ELENA', 'TRIGUEROS', NULL, NULL, NULL, NULL, NULL, NULL, NULL, NULL, NULL, NULL, NULL, NULL, NULL, NULL, NULL, NULL, NULL, NULL, NULL, '', '319094906', NULL, NULL, NULL, NULL, NULL, NULL, NULL, NULL, NULL, NULL, NULL, NULL, NULL, NULL, NULL, NULL, NULL, NULL, NULL, NULL, NULL, NULL, NULL, NULL, 1, NULL, NULL, 0, NULL, NULL, NULL, NULL),
	(44, 'COS1014', 14, 1, 'PAMATMAT', 'RACHELLE RUTH', 'VALERO', NULL, NULL, NULL, NULL, NULL, NULL, NULL, NULL, NULL, NULL, NULL, NULL, NULL, NULL, NULL, NULL, NULL, NULL, NULL, '', '3.50515E+11', NULL, NULL, NULL, NULL, NULL, NULL, NULL, NULL, NULL, NULL, NULL, NULL, NULL, NULL, NULL, NULL, NULL, NULL, NULL, NULL, NULL, NULL, NULL, NULL, 1, NULL, NULL, 0, NULL, NULL, NULL, NULL),
	(45, 'COS1015', 14, 1, 'BOLIMA', 'NOEL ADRIAN', 'B', NULL, NULL, NULL, NULL, NULL, NULL, NULL, NULL, NULL, NULL, NULL, NULL, NULL, NULL, NULL, NULL, NULL, NULL, NULL, '', '343 120 603 0000', NULL, NULL, NULL, NULL, NULL, NULL, NULL, NULL, NULL, NULL, NULL, NULL, NULL, NULL, NULL, NULL, NULL, NULL, NULL, NULL, NULL, NULL, NULL, NULL, 1, NULL, NULL, 0, NULL, NULL, NULL, NULL),
	(46, 'COS1000', 14, 1, 'Abaoag', 'Ronnie', NULL, NULL, NULL, NULL, NULL, NULL, NULL, NULL, NULL, NULL, NULL, NULL, NULL, NULL, NULL, NULL, NULL, NULL, NULL, NULL, '', NULL, NULL, NULL, NULL, NULL, NULL, NULL, NULL, NULL, NULL, NULL, NULL, NULL, NULL, NULL, NULL, NULL, NULL, NULL, NULL, NULL, NULL, NULL, NULL, NULL, 1, NULL, NULL, 0, NULL, NULL, NULL, NULL),
	(47, '50', 14, 1, 'Agustin', 'Evelyn', NULL, NULL, NULL, NULL, NULL, NULL, NULL, NULL, NULL, NULL, NULL, NULL, NULL, NULL, NULL, NULL, NULL, NULL, NULL, NULL, '', NULL, NULL, NULL, NULL, NULL, NULL, NULL, NULL, NULL, NULL, NULL, NULL, NULL, NULL, NULL, NULL, NULL, NULL, NULL, NULL, NULL, NULL, NULL, NULL, NULL, 1, NULL, NULL, 0, NULL, NULL, NULL, NULL),
	(48, '69', 14, 1, 'Avila III', 'Vicente', NULL, NULL, NULL, NULL, NULL, NULL, NULL, NULL, NULL, NULL, NULL, NULL, NULL, NULL, NULL, NULL, NULL, NULL, NULL, NULL, '', NULL, NULL, NULL, NULL, NULL, NULL, NULL, NULL, NULL, NULL, NULL, NULL, NULL, NULL, NULL, NULL, NULL, NULL, NULL, NULL, NULL, NULL, NULL, NULL, NULL, 1, NULL, NULL, 0, NULL, NULL, NULL, NULL),
	(49, '36', 14, 1, 'Castasus', 'Candelaria', NULL, NULL, NULL, NULL, NULL, NULL, NULL, NULL, NULL, NULL, NULL, NULL, NULL, NULL, NULL, NULL, NULL, NULL, NULL, NULL, '', NULL, NULL, NULL, NULL, NULL, NULL, NULL, NULL, NULL, NULL, NULL, NULL, NULL, NULL, NULL, NULL, NULL, NULL, NULL, NULL, NULL, NULL, NULL, NULL, NULL, 1, NULL, NULL, 0, NULL, NULL, NULL, NULL),
	(50, '96', 14, 1, 'Chuegan', 'Alan', NULL, NULL, NULL, NULL, NULL, NULL, NULL, NULL, NULL, NULL, NULL, NULL, NULL, NULL, NULL, NULL, NULL, NULL, NULL, NULL, '', NULL, NULL, NULL, NULL, NULL, NULL, NULL, NULL, NULL, NULL, NULL, NULL, NULL, NULL, NULL, NULL, NULL, NULL, NULL, NULL, NULL, NULL, NULL, NULL, NULL, 1, NULL, NULL, 0, NULL, NULL, NULL, NULL),
	(51, '130', 14, 1, 'Dans', 'Ana Maria', NULL, NULL, NULL, NULL, NULL, NULL, NULL, NULL, NULL, NULL, NULL, NULL, NULL, NULL, NULL, NULL, NULL, NULL, NULL, NULL, '', NULL, NULL, NULL, NULL, NULL, NULL, NULL, NULL, NULL, NULL, NULL, NULL, NULL, NULL, NULL, NULL, NULL, NULL, NULL, NULL, NULL, NULL, NULL, NULL, NULL, 1, NULL, NULL, 0, NULL, NULL, NULL, NULL),
	(52, '72', 14, 1, 'Diala', 'Roberto', NULL, NULL, NULL, NULL, NULL, NULL, NULL, NULL, NULL, NULL, NULL, NULL, NULL, NULL, NULL, NULL, NULL, NULL, NULL, NULL, '', NULL, NULL, NULL, NULL, NULL, NULL, NULL, NULL, NULL, NULL, NULL, NULL, NULL, NULL, NULL, NULL, NULL, NULL, NULL, NULL, NULL, NULL, NULL, NULL, NULL, 1, NULL, NULL, 0, NULL, NULL, NULL, NULL),
	(53, '131', 14, 1, 'Gacula', 'Manuel', NULL, NULL, NULL, NULL, NULL, NULL, NULL, NULL, NULL, NULL, NULL, NULL, NULL, NULL, NULL, NULL, NULL, NULL, NULL, NULL, '', NULL, NULL, NULL, NULL, NULL, NULL, NULL, NULL, NULL, NULL, NULL, NULL, NULL, NULL, NULL, NULL, NULL, NULL, NULL, NULL, NULL, NULL, NULL, NULL, NULL, 1, NULL, NULL, 0, NULL, NULL, NULL, NULL),
	(54, 'COS1009', 14, 1, 'Gravador', 'Daniel', NULL, NULL, NULL, NULL, NULL, NULL, NULL, NULL, NULL, NULL, NULL, NULL, NULL, NULL, NULL, NULL, NULL, NULL, NULL, NULL, '', NULL, NULL, NULL, NULL, NULL, NULL, NULL, NULL, NULL, NULL, NULL, NULL, NULL, NULL, NULL, NULL, NULL, NULL, NULL, NULL, NULL, NULL, NULL, NULL, NULL, 1, NULL, NULL, 0, NULL, NULL, NULL, NULL),
	(55, '123', 14, 1, 'Isorena', 'Claudine', NULL, NULL, NULL, NULL, NULL, NULL, NULL, NULL, NULL, NULL, NULL, NULL, NULL, NULL, NULL, NULL, NULL, NULL, NULL, NULL, '', NULL, NULL, NULL, NULL, NULL, NULL, NULL, NULL, NULL, NULL, NULL, NULL, NULL, NULL, NULL, NULL, NULL, NULL, NULL, NULL, NULL, NULL, NULL, NULL, NULL, 1, NULL, NULL, 0, NULL, NULL, NULL, NULL),
	(56, '24', 14, 1, 'Jallorina', 'Clarissa', NULL, NULL, NULL, NULL, NULL, NULL, NULL, NULL, NULL, NULL, NULL, NULL, NULL, NULL, NULL, NULL, NULL, NULL, NULL, NULL, '', NULL, NULL, NULL, NULL, NULL, NULL, NULL, NULL, NULL, NULL, NULL, NULL, NULL, NULL, NULL, NULL, NULL, NULL, NULL, NULL, NULL, NULL, NULL, NULL, NULL, 1, NULL, NULL, 0, NULL, NULL, NULL, NULL),
	(57, 'COS1013', 14, 1, 'Limin', 'Alex', NULL, NULL, NULL, NULL, NULL, NULL, NULL, NULL, NULL, NULL, NULL, NULL, NULL, NULL, NULL, NULL, NULL, NULL, NULL, NULL, '', NULL, NULL, NULL, NULL, NULL, NULL, NULL, NULL, NULL, NULL, NULL, NULL, NULL, NULL, NULL, NULL, NULL, NULL, NULL, NULL, NULL, NULL, NULL, NULL, NULL, 1, NULL, NULL, 0, NULL, NULL, NULL, NULL),
	(58, '70', 14, 1, 'Lumbres', 'Edgar', NULL, NULL, NULL, NULL, NULL, NULL, NULL, NULL, NULL, NULL, NULL, NULL, NULL, NULL, NULL, NULL, NULL, NULL, NULL, NULL, '', NULL, NULL, NULL, NULL, NULL, NULL, NULL, NULL, NULL, NULL, NULL, NULL, NULL, NULL, NULL, NULL, NULL, NULL, NULL, NULL, NULL, NULL, NULL, NULL, NULL, 1, NULL, NULL, 0, NULL, NULL, NULL, NULL),
	(59, '133', 14, 1, 'Macatangay', 'Mario', NULL, NULL, NULL, NULL, NULL, NULL, NULL, NULL, NULL, NULL, NULL, NULL, NULL, NULL, NULL, NULL, NULL, NULL, NULL, NULL, '', NULL, NULL, NULL, NULL, NULL, NULL, NULL, NULL, NULL, NULL, NULL, NULL, NULL, NULL, NULL, NULL, NULL, NULL, NULL, NULL, NULL, NULL, NULL, NULL, NULL, 1, NULL, NULL, 0, NULL, NULL, NULL, NULL),
	(60, '125', 14, 1, 'Magsambol', 'Darrell John', NULL, NULL, NULL, NULL, NULL, NULL, NULL, NULL, NULL, NULL, NULL, NULL, NULL, NULL, NULL, NULL, NULL, NULL, NULL, NULL, '', NULL, NULL, NULL, NULL, NULL, NULL, NULL, NULL, NULL, NULL, NULL, NULL, NULL, NULL, NULL, NULL, NULL, NULL, NULL, NULL, NULL, NULL, NULL, NULL, NULL, 1, NULL, NULL, 0, NULL, NULL, NULL, NULL),
	(61, '81', 14, 1, 'Makiling', 'Maria Theresa', NULL, NULL, NULL, NULL, NULL, NULL, NULL, NULL, NULL, NULL, NULL, NULL, NULL, NULL, NULL, NULL, NULL, NULL, NULL, NULL, '', NULL, NULL, NULL, NULL, NULL, NULL, NULL, NULL, NULL, NULL, NULL, NULL, NULL, NULL, NULL, NULL, NULL, NULL, NULL, NULL, NULL, NULL, NULL, NULL, NULL, 1, NULL, NULL, 0, NULL, NULL, NULL, NULL),
	(62, 'COS1012', 14, 1, 'Manuyag', 'Francis', NULL, NULL, NULL, NULL, NULL, NULL, NULL, NULL, NULL, NULL, NULL, NULL, NULL, NULL, NULL, NULL, NULL, NULL, NULL, NULL, '', NULL, NULL, NULL, NULL, NULL, NULL, NULL, NULL, NULL, NULL, NULL, NULL, NULL, NULL, NULL, NULL, NULL, NULL, NULL, NULL, NULL, NULL, NULL, NULL, NULL, 1, NULL, NULL, 0, NULL, NULL, NULL, NULL),
	(63, '112', 14, 1, 'Maravilla', 'Sir Gil', NULL, NULL, NULL, NULL, NULL, NULL, NULL, NULL, NULL, NULL, NULL, NULL, NULL, NULL, NULL, NULL, NULL, NULL, NULL, NULL, '', NULL, NULL, NULL, NULL, NULL, NULL, NULL, NULL, NULL, NULL, NULL, NULL, NULL, NULL, NULL, NULL, NULL, NULL, NULL, NULL, NULL, NULL, NULL, NULL, NULL, 1, NULL, NULL, 0, NULL, NULL, NULL, NULL),
	(64, '118', 14, 1, 'Medina', 'John Oliver', NULL, NULL, NULL, NULL, NULL, NULL, NULL, NULL, NULL, NULL, NULL, NULL, NULL, NULL, NULL, NULL, NULL, NULL, NULL, NULL, '', NULL, NULL, NULL, NULL, NULL, NULL, NULL, NULL, NULL, NULL, NULL, NULL, NULL, NULL, NULL, NULL, NULL, NULL, NULL, NULL, NULL, NULL, NULL, NULL, NULL, 1, NULL, NULL, 0, NULL, NULL, NULL, NULL),
	(65, '73', 14, 1, 'Nagtalon', 'Crisanto', NULL, NULL, NULL, NULL, NULL, NULL, NULL, NULL, NULL, NULL, NULL, NULL, NULL, NULL, NULL, NULL, NULL, NULL, NULL, NULL, '', NULL, NULL, NULL, NULL, NULL, NULL, NULL, NULL, NULL, NULL, NULL, NULL, NULL, NULL, NULL, NULL, NULL, NULL, NULL, NULL, NULL, NULL, NULL, NULL, NULL, 1, NULL, NULL, 0, NULL, NULL, NULL, NULL),
	(66, '12', 14, 1, 'Octa', 'Virginia V', NULL, NULL, NULL, NULL, NULL, NULL, NULL, NULL, NULL, NULL, NULL, NULL, NULL, NULL, NULL, NULL, NULL, NULL, NULL, NULL, '', NULL, NULL, NULL, NULL, NULL, NULL, NULL, NULL, NULL, NULL, NULL, NULL, NULL, NULL, NULL, NULL, NULL, NULL, NULL, NULL, NULL, NULL, NULL, NULL, NULL, 1, NULL, NULL, 0, NULL, NULL, NULL, NULL),
	(67, 'COS1016', 14, 1, 'Paderna', 'Rommel', NULL, NULL, NULL, NULL, NULL, NULL, NULL, NULL, NULL, NULL, NULL, NULL, NULL, NULL, NULL, NULL, NULL, NULL, NULL, NULL, '', NULL, NULL, NULL, NULL, NULL, NULL, NULL, NULL, NULL, NULL, NULL, NULL, NULL, NULL, NULL, NULL, NULL, NULL, NULL, NULL, NULL, NULL, NULL, NULL, NULL, 1, NULL, NULL, 0, NULL, NULL, NULL, NULL),
	(68, 'COS1002', 14, 1, 'Pura', 'Blessa Marie', NULL, NULL, NULL, NULL, NULL, NULL, NULL, NULL, NULL, NULL, NULL, NULL, NULL, NULL, NULL, NULL, NULL, NULL, NULL, NULL, '', NULL, NULL, NULL, NULL, NULL, NULL, NULL, NULL, NULL, NULL, NULL, NULL, NULL, NULL, NULL, NULL, NULL, NULL, NULL, NULL, NULL, NULL, NULL, NULL, NULL, 1, NULL, NULL, 0, NULL, NULL, NULL, NULL),
	(69, '33', 14, 1, 'Romero', 'Emelita', NULL, NULL, NULL, NULL, NULL, NULL, NULL, NULL, NULL, NULL, NULL, NULL, NULL, NULL, NULL, NULL, NULL, NULL, NULL, NULL, '', NULL, NULL, NULL, NULL, NULL, NULL, NULL, NULL, NULL, NULL, NULL, NULL, NULL, NULL, NULL, NULL, NULL, NULL, NULL, NULL, NULL, NULL, NULL, NULL, NULL, 1, NULL, NULL, 0, NULL, NULL, NULL, NULL),
	(70, 'COS1017', 14, 1, 'Tabes', 'Mark', NULL, NULL, NULL, NULL, NULL, NULL, NULL, NULL, NULL, NULL, NULL, NULL, NULL, NULL, NULL, NULL, NULL, NULL, NULL, NULL, '', NULL, NULL, NULL, NULL, NULL, NULL, NULL, NULL, NULL, NULL, NULL, NULL, NULL, NULL, NULL, NULL, NULL, NULL, NULL, NULL, NULL, NULL, NULL, NULL, NULL, 1, NULL, NULL, 0, NULL, NULL, NULL, NULL),
	(71, '71', 14, 1, 'Talplacido', 'Lamberto', NULL, NULL, NULL, NULL, NULL, NULL, NULL, NULL, NULL, NULL, NULL, NULL, NULL, NULL, NULL, NULL, NULL, NULL, NULL, NULL, '', NULL, NULL, NULL, NULL, NULL, NULL, NULL, NULL, NULL, NULL, NULL, NULL, NULL, NULL, NULL, NULL, NULL, NULL, NULL, NULL, NULL, NULL, NULL, NULL, NULL, 1, NULL, NULL, 0, NULL, NULL, NULL, NULL),
	(72, '85', 14, 1, 'Tolentino', 'Olivia', NULL, NULL, NULL, NULL, NULL, NULL, NULL, NULL, NULL, NULL, NULL, NULL, NULL, NULL, NULL, NULL, NULL, NULL, NULL, NULL, '', NULL, NULL, NULL, NULL, NULL, NULL, NULL, NULL, NULL, NULL, NULL, NULL, NULL, NULL, NULL, NULL, NULL, NULL, NULL, NULL, NULL, NULL, NULL, NULL, NULL, 1, NULL, NULL, 0, NULL, NULL, NULL, NULL),
	(73, 'COS1010', 14, 1, 'Torres', 'Joshua Rene', NULL, NULL, NULL, NULL, NULL, NULL, NULL, NULL, NULL, NULL, NULL, NULL, NULL, NULL, NULL, NULL, NULL, NULL, NULL, NULL, '', NULL, NULL, NULL, NULL, NULL, NULL, NULL, NULL, NULL, NULL, NULL, NULL, NULL, NULL, NULL, NULL, NULL, NULL, NULL, NULL, NULL, NULL, NULL, NULL, NULL, 1, NULL, NULL, 0, NULL, NULL, NULL, NULL),
	(74, '124', 14, 1, 'Ty', 'Patrick Lester', NULL, NULL, NULL, NULL, NULL, NULL, NULL, NULL, NULL, NULL, NULL, NULL, NULL, NULL, NULL, NULL, NULL, NULL, NULL, NULL, '', NULL, NULL, NULL, NULL, NULL, NULL, NULL, NULL, NULL, NULL, NULL, NULL, NULL, NULL, NULL, NULL, NULL, NULL, NULL, NULL, NULL, NULL, NULL, NULL, NULL, 1, NULL, NULL, 0, NULL, NULL, NULL, NULL),
	(75, 'COS1018', 14, 1, 'Ubaldo', 'Jefferson', NULL, NULL, NULL, NULL, NULL, NULL, NULL, NULL, NULL, NULL, NULL, NULL, NULL, NULL, NULL, NULL, NULL, NULL, NULL, NULL, '', NULL, NULL, NULL, NULL, NULL, NULL, NULL, NULL, NULL, NULL, NULL, NULL, NULL, NULL, NULL, NULL, NULL, NULL, NULL, NULL, NULL, NULL, NULL, NULL, NULL, 1, NULL, NULL, 0, NULL, NULL, NULL, NULL),
	(76, '18', 14, 1, 'Valdez', 'Rosalinda', NULL, NULL, NULL, NULL, NULL, NULL, NULL, NULL, NULL, NULL, NULL, NULL, NULL, NULL, NULL, NULL, NULL, NULL, NULL, NULL, '', NULL, NULL, NULL, NULL, NULL, NULL, NULL, NULL, NULL, NULL, NULL, NULL, NULL, NULL, NULL, NULL, NULL, NULL, NULL, NULL, NULL, NULL, NULL, NULL, NULL, 1, NULL, NULL, 0, NULL, NULL, NULL, NULL),
	(77, '137', 14, 1, 'Vicente', 'Yolanda', NULL, NULL, NULL, NULL, NULL, NULL, NULL, NULL, NULL, NULL, NULL, NULL, NULL, NULL, NULL, NULL, NULL, NULL, NULL, NULL, '', NULL, NULL, NULL, NULL, NULL, NULL, NULL, NULL, NULL, NULL, NULL, NULL, NULL, NULL, NULL, NULL, NULL, NULL, NULL, NULL, NULL, NULL, NULL, NULL, NULL, 1, NULL, NULL, 0, NULL, NULL, NULL, NULL),
	(78, '35', 14, 1, 'Zausa', 'Maria Sharlene', NULL, NULL, NULL, NULL, NULL, NULL, NULL, NULL, NULL, NULL, NULL, NULL, NULL, NULL, NULL, NULL, NULL, NULL, NULL, NULL, '', NULL, NULL, NULL, NULL, NULL, NULL, NULL, NULL, NULL, NULL, NULL, NULL, NULL, NULL, NULL, NULL, NULL, NULL, NULL, NULL, NULL, NULL, NULL, NULL, NULL, 1, NULL, NULL, 0, NULL, NULL, NULL, NULL);
/*!40000 ALTER TABLE `pms_employees` ENABLE KEYS */;

-- Dumping structure for table mwss.pms_employee_information
DROP TABLE IF EXISTS `pms_employee_information`;
CREATE TABLE IF NOT EXISTS `pms_employee_information` (
  `id` int(10) unsigned NOT NULL AUTO_INCREMENT,
  `employee_id` int(11) DEFAULT NULL,
  `employee_number` varchar(225) COLLATE utf8mb4_unicode_ci DEFAULT NULL,
  `company_id` int(11) DEFAULT NULL,
  `division_id` int(11) DEFAULT NULL,
  `department_id` int(11) DEFAULT NULL,
  `office_id` int(11) DEFAULT NULL,
  `employee_status_id` int(11) DEFAULT NULL,
  `position_id` int(11) DEFAULT NULL,
  `unit_id` int(11) DEFAULT NULL,
  `position_item_id` int(11) DEFAULT NULL,
  `hired_date` date DEFAULT NULL,
  `assumption_date` date DEFAULT NULL,
  `resigned_date` date DEFAULT NULL,
  `rehired_date` date DEFAULT NULL,
  `start_date` date DEFAULT NULL,
  `end_date` date DEFAULT NULL,
  `pay_period` varchar(255) COLLATE utf8mb4_unicode_ci DEFAULT NULL,
  `pay_rate_id` int(11) DEFAULT NULL,
  `work_schedule_id` int(11) DEFAULT NULL,
  `appointment_status_id` int(11) DEFAULT NULL,
  `designation_id` int(11) DEFAULT NULL,
  `created_by` int(11) DEFAULT NULL,
  `updated_by` int(11) DEFAULT NULL,
  `created_at` timestamp NULL DEFAULT NULL,
  `updated_at` timestamp NULL DEFAULT NULL,
  `deleted_at` timestamp NULL DEFAULT NULL,
  PRIMARY KEY (`id`)
) ENGINE=InnoDB AUTO_INCREMENT=79 DEFAULT CHARSET=utf8mb4 COLLATE=utf8mb4_unicode_ci;

-- Dumping data for table mwss.pms_employee_information: ~78 rows (approximately)
/*!40000 ALTER TABLE `pms_employee_information` DISABLE KEYS */;
INSERT INTO `pms_employee_information` (`id`, `employee_id`, `employee_number`, `company_id`, `division_id`, `department_id`, `office_id`, `employee_status_id`, `position_id`, `unit_id`, `position_item_id`, `hired_date`, `assumption_date`, `resigned_date`, `rehired_date`, `start_date`, `end_date`, `pay_period`, `pay_rate_id`, `work_schedule_id`, `appointment_status_id`, `designation_id`, `created_by`, `updated_by`, `created_at`, `updated_at`, `deleted_at`) VALUES
	(1, 1, NULL, NULL, 0, 0, 0, 3, 61, 0, 0, NULL, '2018-10-01', NULL, NULL, NULL, NULL, NULL, NULL, NULL, NULL, NULL, 0, NULL, NULL, NULL, NULL),
	(2, 2, NULL, NULL, 0, 0, 0, 3, 62, 0, 0, NULL, '2018-10-01', NULL, NULL, NULL, NULL, NULL, NULL, NULL, NULL, NULL, 0, NULL, NULL, NULL, NULL),
	(3, 3, NULL, NULL, 0, 0, 0, 3, 63, 0, 0, NULL, '2018-10-01', NULL, NULL, NULL, NULL, NULL, NULL, NULL, NULL, NULL, 0, NULL, NULL, NULL, NULL),
	(4, 4, NULL, NULL, 0, 0, 0, 3, 22, 0, 0, NULL, '2018-10-01', NULL, NULL, NULL, NULL, NULL, NULL, NULL, NULL, NULL, 0, NULL, NULL, NULL, NULL),
	(5, 5, NULL, NULL, 0, 0, 0, 3, 13, 0, 0, NULL, '2018-10-01', NULL, NULL, NULL, NULL, NULL, NULL, NULL, NULL, NULL, 0, NULL, NULL, NULL, NULL),
	(6, 6, NULL, NULL, 0, 0, 0, 3, 11, 0, 0, NULL, '2018-10-01', NULL, NULL, NULL, NULL, NULL, NULL, NULL, NULL, NULL, 0, NULL, NULL, NULL, NULL),
	(7, 7, NULL, NULL, 0, 0, 0, 3, 64, 0, 0, NULL, '2018-10-01', NULL, NULL, NULL, NULL, NULL, NULL, NULL, NULL, NULL, 0, NULL, NULL, NULL, NULL),
	(8, 8, NULL, NULL, 0, 0, 0, 3, 65, 0, 0, NULL, '2018-10-01', NULL, NULL, NULL, NULL, NULL, NULL, NULL, NULL, NULL, 0, NULL, NULL, NULL, NULL),
	(9, 9, NULL, NULL, 0, 0, 0, 3, 66, 0, 0, NULL, '2018-10-01', NULL, NULL, NULL, NULL, NULL, NULL, NULL, NULL, NULL, 0, NULL, NULL, NULL, NULL),
	(10, 10, NULL, NULL, 0, 0, 0, 3, 67, 0, 0, NULL, '2018-10-01', NULL, NULL, NULL, NULL, NULL, NULL, NULL, NULL, NULL, 0, NULL, NULL, NULL, NULL),
	(11, 11, NULL, NULL, 0, 0, 0, 3, 68, 0, 0, NULL, '2018-10-01', NULL, NULL, NULL, NULL, NULL, NULL, NULL, NULL, NULL, 0, NULL, NULL, NULL, NULL),
	(12, 12, NULL, NULL, 0, 0, 0, 3, 69, 0, 0, NULL, '2018-10-01', NULL, NULL, NULL, NULL, NULL, NULL, NULL, NULL, NULL, 0, NULL, NULL, NULL, NULL),
	(13, 13, NULL, NULL, 0, 0, 0, 3, 14, 0, 0, NULL, '2018-10-01', NULL, NULL, NULL, NULL, NULL, NULL, NULL, NULL, NULL, 0, NULL, NULL, NULL, NULL),
	(14, 14, NULL, NULL, 0, 0, 0, 3, 70, 0, 0, NULL, '2018-10-01', NULL, NULL, NULL, NULL, NULL, NULL, NULL, NULL, NULL, 0, NULL, NULL, NULL, NULL),
	(15, 15, NULL, NULL, 0, 0, 0, 3, 71, 0, 0, NULL, '2018-10-01', NULL, NULL, NULL, NULL, NULL, NULL, NULL, NULL, NULL, 0, NULL, NULL, NULL, NULL),
	(16, 16, NULL, NULL, 0, 0, 0, 3, 72, 0, 0, NULL, '2018-10-01', NULL, NULL, NULL, NULL, NULL, NULL, NULL, NULL, NULL, 0, NULL, NULL, NULL, NULL),
	(17, 17, NULL, NULL, 0, 0, 1, 3, 73, 0, 0, NULL, '2018-10-01', NULL, NULL, NULL, NULL, NULL, NULL, NULL, NULL, NULL, 0, NULL, NULL, NULL, NULL),
	(18, 18, NULL, NULL, 0, 0, 0, 3, 74, 0, 0, NULL, '2018-10-01', NULL, NULL, NULL, NULL, NULL, NULL, NULL, NULL, NULL, 0, NULL, NULL, NULL, NULL),
	(19, 19, NULL, NULL, 0, 0, 0, 3, 74, 0, 0, NULL, '2018-10-01', NULL, NULL, NULL, NULL, NULL, NULL, NULL, NULL, NULL, 0, NULL, NULL, NULL, NULL),
	(20, 20, NULL, NULL, 0, 0, 0, 3, 18, 0, 0, NULL, '2018-10-01', NULL, NULL, NULL, NULL, NULL, NULL, NULL, NULL, NULL, 0, NULL, NULL, NULL, NULL),
	(21, 21, NULL, NULL, 0, 0, 0, 3, 27, 0, 0, NULL, '2018-10-01', NULL, NULL, NULL, NULL, NULL, NULL, NULL, NULL, NULL, 0, NULL, NULL, NULL, NULL),
	(22, 22, NULL, NULL, 0, 0, 0, 3, 64, 0, 0, NULL, '2018-10-01', NULL, NULL, NULL, NULL, NULL, NULL, NULL, NULL, NULL, 0, NULL, NULL, NULL, NULL),
	(23, 23, NULL, NULL, 0, 0, 0, 3, 74, 0, 0, NULL, '2018-10-01', NULL, NULL, NULL, NULL, NULL, NULL, NULL, NULL, NULL, 0, NULL, NULL, NULL, NULL),
	(24, 24, NULL, NULL, 0, 0, 0, 3, 61, 0, 0, NULL, '2018-10-01', NULL, NULL, NULL, NULL, NULL, NULL, NULL, NULL, NULL, 0, NULL, NULL, NULL, NULL),
	(25, 25, NULL, NULL, 0, 0, 0, 3, 74, 0, 0, NULL, '2018-10-01', NULL, NULL, NULL, NULL, NULL, NULL, NULL, NULL, NULL, 0, NULL, NULL, NULL, NULL),
	(26, 26, NULL, NULL, 0, 0, 0, 3, 4, 0, 0, NULL, '2018-10-01', NULL, NULL, NULL, NULL, NULL, NULL, NULL, NULL, NULL, 0, NULL, NULL, NULL, NULL),
	(27, 27, NULL, NULL, 0, 0, 0, 3, 74, 0, 0, NULL, '2018-10-01', NULL, NULL, NULL, NULL, NULL, NULL, NULL, NULL, NULL, 0, NULL, NULL, NULL, NULL),
	(28, 28, NULL, NULL, 0, 0, 0, 3, 61, 0, 0, NULL, '2018-10-01', NULL, NULL, NULL, NULL, NULL, NULL, NULL, NULL, NULL, 0, NULL, NULL, NULL, NULL),
	(29, 29, NULL, NULL, 0, 0, 0, 3, 75, 0, 0, NULL, '2018-10-01', NULL, NULL, NULL, NULL, NULL, NULL, NULL, NULL, NULL, 0, NULL, NULL, NULL, NULL),
	(30, 30, NULL, NULL, 0, 0, 0, 3, 23, 0, 0, NULL, '2018-10-01', NULL, NULL, NULL, NULL, NULL, NULL, NULL, NULL, NULL, 0, NULL, NULL, NULL, NULL),
	(31, 31, NULL, NULL, 0, 0, 0, 3, 74, 0, 0, NULL, '2018-10-01', NULL, NULL, NULL, NULL, NULL, NULL, NULL, NULL, NULL, 0, NULL, NULL, NULL, NULL),
	(32, 32, NULL, NULL, 0, 0, 0, 3, 76, 0, 0, NULL, '2018-10-01', NULL, NULL, NULL, NULL, NULL, NULL, NULL, NULL, NULL, 0, NULL, NULL, NULL, NULL),
	(33, 33, NULL, NULL, 0, 0, 0, 3, 77, 0, 0, NULL, '2018-10-01', NULL, NULL, NULL, NULL, NULL, NULL, NULL, NULL, NULL, 0, NULL, NULL, NULL, NULL),
	(34, 34, NULL, NULL, 0, 0, 0, 3, 74, 0, 0, NULL, '2018-10-01', NULL, NULL, NULL, NULL, NULL, NULL, NULL, NULL, NULL, 0, NULL, NULL, NULL, NULL),
	(35, 35, NULL, NULL, 0, 0, 0, 3, 64, 0, 0, NULL, '2018-10-01', NULL, NULL, NULL, NULL, NULL, NULL, NULL, NULL, NULL, 0, NULL, NULL, NULL, NULL),
	(36, 36, NULL, NULL, 0, 0, 0, 4, 0, 0, 0, NULL, '2018-10-01', NULL, NULL, NULL, NULL, NULL, NULL, NULL, NULL, NULL, 0, NULL, NULL, NULL, NULL),
	(37, 37, NULL, NULL, 0, 0, 0, 4, 0, 0, 0, NULL, '2018-10-01', NULL, NULL, NULL, NULL, NULL, NULL, NULL, NULL, NULL, 0, NULL, NULL, NULL, NULL),
	(38, 38, NULL, NULL, 0, 0, 0, 4, 0, 0, 0, NULL, '2018-10-01', NULL, NULL, NULL, NULL, NULL, NULL, NULL, NULL, NULL, 0, NULL, NULL, NULL, NULL),
	(39, 39, NULL, NULL, 0, 0, 0, 4, 0, 0, 0, NULL, '2018-10-01', NULL, NULL, NULL, NULL, NULL, NULL, NULL, NULL, NULL, 0, NULL, NULL, NULL, NULL),
	(40, 40, NULL, NULL, 0, 0, 0, 4, 0, 0, 0, NULL, '2018-10-01', NULL, NULL, NULL, NULL, NULL, NULL, NULL, NULL, NULL, 0, NULL, NULL, NULL, NULL),
	(41, 41, NULL, NULL, 0, 0, 0, 4, 0, 0, 0, NULL, '2018-10-01', NULL, NULL, NULL, NULL, NULL, NULL, NULL, NULL, NULL, 0, NULL, NULL, NULL, NULL),
	(42, 42, NULL, NULL, 0, 0, 0, 4, 0, 0, 0, NULL, '2018-10-01', NULL, NULL, NULL, NULL, NULL, NULL, NULL, NULL, NULL, 0, NULL, NULL, NULL, NULL),
	(43, 43, NULL, NULL, 0, 0, 0, 4, 0, 0, 0, NULL, '2018-10-01', NULL, NULL, NULL, NULL, NULL, NULL, NULL, NULL, NULL, 0, NULL, NULL, NULL, NULL),
	(44, 44, NULL, NULL, 0, 0, 0, 4, 0, 0, 0, NULL, '2018-10-01', NULL, NULL, NULL, NULL, NULL, NULL, NULL, NULL, NULL, 0, NULL, NULL, NULL, NULL),
	(45, 45, NULL, NULL, 0, 0, 0, 4, 0, 0, 0, NULL, '2018-10-01', NULL, NULL, NULL, NULL, NULL, NULL, NULL, NULL, NULL, 0, NULL, NULL, NULL, NULL),
	(46, 46, NULL, NULL, 4, 0, 3, 4, 29, 0, 0, NULL, '2000-12-02', NULL, NULL, '2000-12-02', NULL, NULL, NULL, NULL, NULL, NULL, 0, NULL, NULL, NULL, NULL),
	(47, 47, NULL, NULL, 0, 0, 2, 3, 10, 0, 1, NULL, '2017-08-10', NULL, NULL, NULL, NULL, NULL, NULL, NULL, NULL, NULL, 0, NULL, NULL, NULL, NULL),
	(48, 48, NULL, NULL, 4, 0, 3, 3, 17, 0, 2, NULL, '1998-01-19', NULL, NULL, NULL, NULL, NULL, NULL, NULL, NULL, NULL, 0, NULL, NULL, NULL, NULL),
	(49, 49, NULL, NULL, 7, 0, 4, 3, 12, 0, 3, NULL, '1997-10-01', NULL, NULL, NULL, NULL, NULL, NULL, NULL, NULL, NULL, 0, NULL, NULL, NULL, NULL),
	(50, 50, NULL, NULL, 4, 0, 3, 3, 14, 0, 4, NULL, '2009-02-23', NULL, NULL, NULL, NULL, NULL, NULL, NULL, NULL, NULL, 0, NULL, NULL, NULL, NULL),
	(51, 51, NULL, NULL, 1, 0, 1, 3, 8, 0, 5, NULL, '2017-11-20', NULL, NULL, NULL, NULL, NULL, NULL, NULL, NULL, NULL, 0, NULL, NULL, NULL, NULL),
	(52, 52, NULL, NULL, 4, 0, 3, 3, 17, 0, 6, NULL, '1999-03-03', NULL, NULL, NULL, NULL, NULL, NULL, NULL, NULL, NULL, 0, NULL, NULL, NULL, NULL),
	(53, 53, NULL, NULL, 5, 0, 3, 3, 24, 0, 7, NULL, '2017-11-20', NULL, NULL, NULL, NULL, NULL, NULL, NULL, NULL, NULL, 0, NULL, NULL, NULL, NULL),
	(54, 54, NULL, NULL, 0, 0, 2, 4, 30, 0, 0, NULL, '2018-06-04', NULL, NULL, '2018-06-04', NULL, NULL, NULL, NULL, NULL, NULL, 0, NULL, NULL, NULL, NULL),
	(55, 55, NULL, NULL, 0, 0, 3, 3, 10, 0, 8, NULL, '2016-03-16', NULL, NULL, NULL, NULL, NULL, NULL, NULL, NULL, NULL, 0, NULL, NULL, NULL, NULL),
	(56, 56, NULL, NULL, 3, 0, 2, 3, 12, 0, 9, NULL, '1997-09-29', NULL, NULL, NULL, NULL, NULL, NULL, NULL, NULL, NULL, 0, NULL, NULL, NULL, NULL),
	(57, 57, NULL, NULL, 0, 0, 4, 4, 57, 0, 0, NULL, '2018-08-13', NULL, NULL, '2018-08-13', NULL, NULL, NULL, NULL, NULL, NULL, 0, NULL, NULL, NULL, NULL),
	(58, 58, NULL, NULL, 4, 0, 3, 3, 17, 0, 10, NULL, '1998-02-16', NULL, NULL, NULL, NULL, NULL, NULL, NULL, NULL, NULL, 0, NULL, NULL, NULL, NULL),
	(59, 59, NULL, NULL, 2, 0, 2, 3, 6, 0, 11, NULL, '2018-01-03', NULL, NULL, NULL, NULL, NULL, NULL, NULL, NULL, NULL, 0, NULL, NULL, NULL, NULL),
	(60, 60, NULL, NULL, 0, 0, 1, 3, 2, 0, 12, NULL, '2017-08-01', NULL, NULL, NULL, NULL, NULL, NULL, NULL, NULL, NULL, 0, NULL, NULL, NULL, NULL),
	(61, 61, NULL, NULL, 4, 0, 3, 3, 14, 0, 13, NULL, '2003-12-01', NULL, NULL, NULL, NULL, NULL, NULL, NULL, NULL, NULL, 0, NULL, NULL, NULL, NULL),
	(62, 62, NULL, NULL, 0, 0, 3, 4, 57, 0, 0, NULL, '2018-06-08', NULL, NULL, '2018-06-08', NULL, NULL, NULL, NULL, NULL, NULL, 0, NULL, NULL, NULL, NULL),
	(63, 63, NULL, NULL, 4, 0, 3, 3, 58, 0, 14, NULL, '2014-06-01', NULL, NULL, NULL, NULL, NULL, NULL, NULL, NULL, NULL, 0, NULL, NULL, NULL, NULL),
	(64, 64, NULL, NULL, 4, 0, 3, 3, 17, 0, 15, NULL, '2015-07-27', NULL, NULL, NULL, NULL, NULL, NULL, NULL, NULL, NULL, 0, NULL, NULL, NULL, NULL),
	(65, 65, NULL, NULL, 4, 0, 3, 3, 17, 0, 16, NULL, '1998-11-16', NULL, NULL, NULL, NULL, NULL, NULL, NULL, NULL, NULL, 0, NULL, NULL, NULL, NULL),
	(66, 66, NULL, NULL, 4, 0, 3, 3, 6, 0, 17, NULL, '1997-09-01', NULL, NULL, NULL, NULL, NULL, NULL, NULL, NULL, NULL, 0, NULL, NULL, NULL, NULL),
	(67, 67, NULL, NULL, 0, 0, 5, 4, 57, 0, 0, NULL, '2018-09-25', NULL, NULL, '2018-09-25', NULL, NULL, NULL, NULL, NULL, NULL, 0, NULL, NULL, NULL, NULL),
	(68, 68, NULL, NULL, 0, 0, 2, 4, 30, 0, 0, NULL, '2018-05-02', NULL, NULL, '2018-05-02', NULL, NULL, NULL, NULL, NULL, NULL, 0, NULL, NULL, NULL, NULL),
	(69, 69, NULL, NULL, 0, 0, 4, 3, 11, 0, 18, NULL, '1997-10-01', NULL, NULL, NULL, NULL, NULL, NULL, NULL, NULL, NULL, 0, NULL, NULL, NULL, NULL),
	(70, 70, NULL, NULL, 0, 0, 1, 4, 57, 0, 0, NULL, '2018-10-01', NULL, NULL, '2018-10-01', NULL, NULL, NULL, NULL, NULL, NULL, 0, NULL, NULL, NULL, NULL),
	(71, 71, NULL, NULL, 0, 0, 1, 3, 59, 0, 19, NULL, '2015-07-16', NULL, NULL, NULL, NULL, NULL, NULL, NULL, NULL, NULL, 0, NULL, NULL, NULL, NULL),
	(72, 72, NULL, NULL, 8, 0, 5, 3, 12, 0, 20, NULL, '2016-03-14', NULL, NULL, NULL, NULL, NULL, NULL, NULL, NULL, NULL, 0, NULL, NULL, NULL, NULL),
	(73, 73, NULL, NULL, 0, 0, 3, 4, 29, 0, 0, NULL, '2018-06-10', NULL, NULL, '2018-06-10', NULL, NULL, NULL, NULL, NULL, NULL, 0, NULL, NULL, NULL, NULL),
	(74, 74, NULL, NULL, 0, 0, 1, 1, 60, 0, 21, NULL, '2017-08-01', NULL, NULL, NULL, NULL, NULL, NULL, NULL, NULL, NULL, 0, NULL, NULL, NULL, NULL),
	(75, 75, NULL, NULL, 0, 0, 2, 4, 57, 0, 0, NULL, '2018-10-03', NULL, NULL, '2018-10-03', NULL, NULL, NULL, NULL, NULL, NULL, 0, NULL, NULL, NULL, NULL),
	(76, 76, NULL, NULL, 6, 0, 4, 3, 25, 0, 22, NULL, '2004-02-16', NULL, NULL, NULL, NULL, NULL, NULL, NULL, NULL, NULL, 0, NULL, NULL, NULL, NULL),
	(77, 77, NULL, NULL, 4, 0, 3, 3, 7, 0, 23, NULL, '2018-10-01', NULL, NULL, NULL, NULL, NULL, NULL, NULL, NULL, NULL, 0, NULL, NULL, NULL, NULL),
	(78, 78, NULL, NULL, 7, 0, 4, 3, 26, 0, 24, NULL, '1997-10-01', NULL, NULL, NULL, NULL, NULL, NULL, NULL, NULL, NULL, 0, NULL, NULL, NULL, NULL);
/*!40000 ALTER TABLE `pms_employee_information` ENABLE KEYS */;

-- Dumping structure for table mwss.pms_employee_status
DROP TABLE IF EXISTS `pms_employee_status`;
CREATE TABLE IF NOT EXISTS `pms_employee_status` (
  `id` int(11) NOT NULL AUTO_INCREMENT,
  `code` varchar(50) DEFAULT NULL,
  `name` varchar(225) DEFAULT NULL,
  `category` int(11) DEFAULT NULL,
  `created_at` timestamp NULL DEFAULT NULL,
  `updated_at` timestamp NULL DEFAULT NULL,
  `created_by` int(11) DEFAULT NULL,
  `updated_by` int(11) DEFAULT NULL,
  PRIMARY KEY (`id`)
) ENGINE=InnoDB AUTO_INCREMENT=12 DEFAULT CHARSET=latin1;

-- Dumping data for table mwss.pms_employee_status: ~11 rows (approximately)
/*!40000 ALTER TABLE `pms_employee_status` DISABLE KEYS */;
INSERT INTO `pms_employee_status` (`id`, `code`, `name`, `category`, `created_at`, `updated_at`, `created_by`, `updated_by`) VALUES
	(1, 'P', 'Permanent', 1, NULL, '2018-08-16 08:59:50', NULL, 2),
	(2, 'T', 'Temporary', 1, NULL, '2018-08-16 09:00:22', NULL, 2),
	(3, 'J.O', 'Job Order', 0, NULL, '2018-08-16 09:01:16', NULL, 2),
	(4, 'CON', 'Contractual', NULL, NULL, NULL, NULL, NULL),
	(5, 'CAS', 'Casual', 1, NULL, '2018-08-16 08:59:32', NULL, 2),
	(6, 'COT', 'Coterminous', 1, NULL, '2018-08-16 09:00:36', NULL, 2),
	(7, 'FT', 'Termer', NULL, NULL, '2018-08-10 02:27:44', NULL, 2),
	(8, 'PROB', 'Probationary', 1, NULL, '2018-08-16 09:00:49', NULL, 2),
	(9, 'R', 'Regular', 1, NULL, '2018-08-16 09:02:12', NULL, 2),
	(10, 'COS', 'Contract of Service', 0, NULL, '2018-08-16 09:01:36', NULL, 2),
	(11, 'GIP', 'GIP', 0, '2018-09-12 13:02:17', '2018-09-12 13:02:17', 2, NULL);
/*!40000 ALTER TABLE `pms_employee_status` ENABLE KEYS */;

-- Dumping structure for table mwss.pms_gsispolicy
DROP TABLE IF EXISTS `pms_gsispolicy`;
CREATE TABLE IF NOT EXISTS `pms_gsispolicy` (
  `id` int(11) NOT NULL AUTO_INCREMENT,
  `policy_name` varchar(225) DEFAULT NULL,
  `pay_period` varchar(225) DEFAULT NULL,
  `deduction_period` varchar(225) DEFAULT NULL,
  `policy_type` varchar(225) DEFAULT NULL,
  `based_on` varchar(225) DEFAULT NULL,
  `computation` varchar(225) DEFAULT NULL,
  `ee_percentage` decimal(9,2) DEFAULT NULL,
  `er_percentage` decimal(9,2) DEFAULT NULL,
  `remarks` varchar(225) DEFAULT NULL,
  `created_at` timestamp NULL DEFAULT NULL,
  `updated_at` timestamp NULL DEFAULT NULL,
  `updated_by` int(11) DEFAULT NULL,
  PRIMARY KEY (`id`)
) ENGINE=InnoDB AUTO_INCREMENT=2 DEFAULT CHARSET=latin1;

-- Dumping data for table mwss.pms_gsispolicy: ~0 rows (approximately)
/*!40000 ALTER TABLE `pms_gsispolicy` DISABLE KEYS */;
INSERT INTO `pms_gsispolicy` (`id`, `policy_name`, `pay_period`, `deduction_period`, `policy_type`, `based_on`, `computation`, `ee_percentage`, `er_percentage`, `remarks`, `created_at`, `updated_at`, `updated_by`) VALUES
	(1, 'STANDARD POLICY', 'Monthly', 'Both', 'System Generated', 'Monthly Salary', '{\'EE\':\'.09\',\'ER\':\'.12\',\'EC\':\'.01\'}', 0.09, 0.12, NULL, '2018-06-09 10:25:03', '2018-06-21 03:14:34', NULL);
/*!40000 ALTER TABLE `pms_gsispolicy` ENABLE KEYS */;

-- Dumping structure for table mwss.pms_jobgrade
DROP TABLE IF EXISTS `pms_jobgrade`;
CREATE TABLE IF NOT EXISTS `pms_jobgrade` (
  `id` int(11) NOT NULL AUTO_INCREMENT,
  `job_grade` varchar(225) DEFAULT NULL,
  `step1` decimal(9,2) DEFAULT NULL,
  `step2` decimal(9,2) DEFAULT NULL,
  `step3` decimal(9,2) DEFAULT NULL,
  `step4` decimal(9,2) DEFAULT NULL,
  `step5` decimal(9,2) DEFAULT NULL,
  `step6` decimal(9,2) DEFAULT NULL,
  `step7` decimal(9,2) DEFAULT NULL,
  `step8` decimal(9,2) DEFAULT NULL,
  `remarks` varchar(225) DEFAULT NULL,
  `created_at` timestamp NULL DEFAULT NULL,
  `updated_at` timestamp NULL DEFAULT NULL,
  `updated_by` int(11) DEFAULT NULL,
  PRIMARY KEY (`id`)
) ENGINE=InnoDB AUTO_INCREMENT=20 DEFAULT CHARSET=latin1;

-- Dumping data for table mwss.pms_jobgrade: ~19 rows (approximately)
/*!40000 ALTER TABLE `pms_jobgrade` DISABLE KEYS */;
INSERT INTO `pms_jobgrade` (`id`, `job_grade`, `step1`, `step2`, `step3`, `step4`, `step5`, `step6`, `step7`, `step8`, `remarks`, `created_at`, `updated_at`, `updated_by`) VALUES
	(1, '1', 14087.00, 14242.00, 14399.00, 14543.00, 14688.00, 14835.00, 14897.00, 14930.00, NULL, NULL, NULL, NULL),
	(2, '2', 14936.00, 15160.00, 15387.00, 15618.00, 15853.00, 16090.00, 16332.00, 16577.00, NULL, NULL, NULL, NULL),
	(3, '3', 17975.00, 18245.00, 18518.00, 18796.00, 19078.00, 19364.00, 19665.00, 19949.00, NULL, NULL, NULL, NULL),
	(4, '4', 22532.00, 22870.00, 23213.00, 23561.00, 23915.00, 24273.00, 24637.00, 25007.00, NULL, NULL, NULL, NULL),
	(5, '5', 27414.00, 27825.00, 28243.00, 28666.00, 29096.00, 29504.00, 29917.00, 30335.00, NULL, NULL, NULL, NULL),
	(6, '6', 30351.00, 30806.00, 31268.00, 31737.00, 32213.00, 32697.00, 33187.00, 33685.00, NULL, NULL, NULL, NULL),
	(7, '7', 40169.00, 40772.00, 41383.00, 42004.00, 42634.00, 43273.00, 43923.00, 44581.00, NULL, NULL, NULL, NULL),
	(8, '8', 45269.00, 45948.00, 46637.00, 47337.00, 48047.00, 48768.00, 49499.00, 50242.00, NULL, NULL, NULL, NULL),
	(9, '9', 55600.00, 56434.00, 57224.00, 57968.00, 58664.00, 58694.00, 58723.00, 58752.00, NULL, NULL, NULL, NULL),
	(10, '10', 59100.00, 59987.00, 60886.00, 61800.00, 62727.00, 63667.00, 64622.00, 65592.00, NULL, NULL, NULL, NULL),
	(11, '11', 69499.00, 70194.00, 70896.00, 71605.00, 72321.00, 73044.00, 73775.00, 73811.00, NULL, NULL, NULL, NULL),
	(12, '12', 73900.00, 75009.00, 76134.00, 77276.00, 78435.00, 79611.00, 80805.00, 82018.00, NULL, NULL, NULL, NULL),
	(13, '13', 86899.00, 88202.00, 89526.00, 90868.00, 92231.00, 93615.00, 95019.00, 96444.00, NULL, NULL, NULL, NULL),
	(14, '14', 112500.00, 114188.00, 115900.00, 117523.00, 119168.00, 120717.00, 12216.00, 122227.00, NULL, NULL, NULL, NULL),
	(15, '15', 122500.00, 124338.00, 126203.00, 128096.00, 130017.00, 131967.00, 133947.00, 135956.00, NULL, NULL, NULL, NULL),
	(16, '16', 169300.00, 171840.00, 174417.00, 177033.00, 179689.00, 182384.00, 185120.00, 187897.00, NULL, NULL, NULL, NULL),
	(17, '17', 220200.00, 223503.00, 226856.00, 230258.00, 233712.00, 237218.00, 240776.00, 244388.00, NULL, NULL, NULL, NULL),
	(18, '18', 354312.00, 359627.00, 365021.00, NULL, NULL, NULL, NULL, NULL, NULL, NULL, NULL, NULL),
	(19, '19', 531468.00, 539440.00, 547532.00, NULL, NULL, NULL, NULL, NULL, NULL, NULL, NULL, NULL);
/*!40000 ALTER TABLE `pms_jobgrade` ENABLE KEYS */;

-- Dumping structure for table mwss.pms_leave
DROP TABLE IF EXISTS `pms_leave`;
CREATE TABLE IF NOT EXISTS `pms_leave` (
  `id` int(11) NOT NULL AUTO_INCREMENT,
  `employee_id` int(11) DEFAULT NULL,
  `rata_id` int(11) DEFAULT NULL,
  `leave_type` varchar(225) DEFAULT NULL,
  `number_of_leave_field` int(11) DEFAULT NULL,
  `leave_date` date DEFAULT NULL,
  `created_at` timestamp NULL DEFAULT NULL,
  `updated_at` timestamp NULL DEFAULT NULL,
  `updated_by` int(11) DEFAULT NULL,
  PRIMARY KEY (`id`)
) ENGINE=InnoDB DEFAULT CHARSET=latin1;

-- Dumping data for table mwss.pms_leave: ~0 rows (approximately)
/*!40000 ALTER TABLE `pms_leave` DISABLE KEYS */;
/*!40000 ALTER TABLE `pms_leave` ENABLE KEYS */;

-- Dumping structure for table mwss.pms_leave_monetization_transactions
DROP TABLE IF EXISTS `pms_leave_monetization_transactions`;
CREATE TABLE IF NOT EXISTS `pms_leave_monetization_transactions` (
  `id` int(11) NOT NULL AUTO_INCREMENT,
  `employee_id` int(11) DEFAULT NULL,
  `employee_number` varchar(225) DEFAULT NULL,
  `salary_grade_id` int(11) DEFAULT NULL,
  `position_id` int(11) DEFAULT NULL,
  `salary_amount` decimal(9,2) DEFAULT NULL,
  `net_amount` decimal(9,2) DEFAULT NULL,
  `factor_rate` decimal(9,2) DEFAULT NULL,
  `number_of_days` int(11) DEFAULT NULL,
  `remarks` varchar(50) DEFAULT NULL,
  `created_by` int(11) DEFAULT NULL,
  `updated_by` int(11) DEFAULT NULL,
  `created_at` timestamp NULL DEFAULT NULL,
  `updated_at` timestamp NULL DEFAULT NULL,
  PRIMARY KEY (`id`)
) ENGINE=InnoDB AUTO_INCREMENT=9 DEFAULT CHARSET=latin1;

-- Dumping data for table mwss.pms_leave_monetization_transactions: ~3 rows (approximately)
/*!40000 ALTER TABLE `pms_leave_monetization_transactions` DISABLE KEYS */;
INSERT INTO `pms_leave_monetization_transactions` (`id`, `employee_id`, `employee_number`, `salary_grade_id`, `position_id`, `salary_amount`, `net_amount`, `factor_rate`, `number_of_days`, `remarks`, `created_by`, `updated_by`, `created_at`, `updated_at`) VALUES
	(5, 3, NULL, 18, 28, 42730.00, 22652.01, 0.05, 11, '2018-11-10', 2, NULL, '2018-11-10 10:44:56', '2018-11-10 10:44:56'),
	(6, 24, NULL, 21, 41, 59597.00, 31593.54, 0.05, 11, '2018-11-10', 2, NULL, '2018-11-10 10:45:10', '2018-11-10 10:45:10'),
	(7, 19, NULL, 1, 74, 15380.00, 741.20, 0.05, 1, '2018-11-22', 2, NULL, '2018-11-22 14:33:22', '2018-11-22 14:33:22');
/*!40000 ALTER TABLE `pms_leave_monetization_transactions` ENABLE KEYS */;

-- Dumping structure for table mwss.pms_loaninfo_transactions
DROP TABLE IF EXISTS `pms_loaninfo_transactions`;
CREATE TABLE IF NOT EXISTS `pms_loaninfo_transactions` (
  `id` int(11) NOT NULL AUTO_INCREMENT,
  `employee_number` varchar(225) DEFAULT NULL,
  `employee_id` int(11) DEFAULT NULL,
  `transaction_id` int(11) DEFAULT NULL,
  `loan_id` int(11) DEFAULT NULL,
  `loan_info_id` int(11) DEFAULT NULL,
  `amount` decimal(9,2) DEFAULT NULL,
  `year` varchar(50) DEFAULT NULL,
  `month` varchar(50) DEFAULT NULL,
  `created_by` int(11) DEFAULT NULL,
  `updated_by` int(11) DEFAULT NULL,
  `created_at` timestamp NULL DEFAULT NULL,
  `updated_at` timestamp NULL DEFAULT NULL,
  PRIMARY KEY (`id`)
) ENGINE=InnoDB AUTO_INCREMENT=239 DEFAULT CHARSET=latin1;

-- Dumping data for table mwss.pms_loaninfo_transactions: ~0 rows (approximately)
/*!40000 ALTER TABLE `pms_loaninfo_transactions` DISABLE KEYS */;
INSERT INTO `pms_loaninfo_transactions` (`id`, `employee_number`, `employee_id`, `transaction_id`, `loan_id`, `loan_info_id`, `amount`, `year`, `month`, `created_by`, `updated_by`, `created_at`, `updated_at`) VALUES
	(1, '115', 22, NULL, 1, 1, 3324.21, '2018', 'November', 2, NULL, '2018-11-23 05:46:28', '2018-11-23 05:46:28'),
	(2, '50', 47, NULL, 1, 2, 8985.68, '2018', 'November', 2, NULL, '2018-11-23 05:46:28', '2018-11-23 05:46:28'),
	(3, '50', 47, NULL, 11, 26, 11.00, '2018', 'November', 2, NULL, '2018-11-23 05:46:28', '2018-11-23 05:46:28'),
	(4, '50', 47, NULL, 11, 80, 100.00, '2018', 'November', 2, NULL, '2018-11-23 05:46:28', '2018-11-23 05:46:28'),
	(5, '50', 47, NULL, 11, 104, 11.00, '2018', 'November', 2, NULL, '2018-11-23 05:46:28', '2018-11-23 05:46:28'),
	(6, '38', 10, NULL, 7, 50, 1000.00, '2018', 'November', 2, NULL, '2018-11-23 05:46:29', '2018-11-23 05:46:29'),
	(7, '38', 10, NULL, 11, 81, 100.00, '2018', 'November', 2, NULL, '2018-11-23 05:46:29', '2018-11-23 05:46:29'),
	(8, '69', 48, NULL, 1, 3, 2507.15, '2018', 'November', 2, NULL, '2018-11-23 05:46:30', '2018-11-23 05:46:30'),
	(9, '69', 48, NULL, 5, 32, 1000.00, '2018', 'November', 2, NULL, '2018-11-23 05:46:30', '2018-11-23 05:46:30'),
	(10, '69', 48, NULL, 7, 51, 500.00, '2018', 'November', 2, NULL, '2018-11-23 05:46:30', '2018-11-23 05:46:30'),
	(11, '69', 48, NULL, 11, 82, 100.00, '2018', 'November', 2, NULL, '2018-11-23 05:46:30', '2018-11-23 05:46:30'),
	(12, '69', 48, NULL, 10, 112, 1797.00, '2018', 'November', 2, NULL, '2018-11-23 05:46:30', '2018-11-23 05:46:30'),
	(13, '37', 9, NULL, 1, 4, 8887.88, '2018', 'November', 2, NULL, '2018-11-23 05:46:30', '2018-11-23 05:46:30'),
	(14, '37', 9, NULL, 5, 33, 2000.00, '2018', 'November', 2, NULL, '2018-11-23 05:46:30', '2018-11-23 05:46:30'),
	(15, '37', 9, NULL, 7, 52, 1000.00, '2018', 'November', 2, NULL, '2018-11-23 05:46:30', '2018-11-23 05:46:30'),
	(16, '37', 9, NULL, 11, 83, 100.00, '2018', 'November', 2, NULL, '2018-11-23 05:46:30', '2018-11-23 05:46:30'),
	(17, '23', 5, NULL, 1, 5, 8920.52, '2018', 'November', 2, NULL, '2018-11-23 05:46:31', '2018-11-23 05:46:31'),
	(18, '23', 5, NULL, 5, 34, 1000.00, '2018', 'November', 2, NULL, '2018-11-23 05:46:31', '2018-11-23 05:46:31'),
	(19, '23', 5, NULL, 7, 53, 500.00, '2018', 'November', 2, NULL, '2018-11-23 05:46:31', '2018-11-23 05:46:31'),
	(20, '23', 5, NULL, 11, 84, 100.00, '2018', 'November', 2, NULL, '2018-11-23 05:46:31', '2018-11-23 05:46:31'),
	(21, '23', 5, NULL, 10, 113, 13296.00, '2018', 'November', 2, NULL, '2018-11-23 05:46:31', '2018-11-23 05:46:31'),
	(22, '117', 23, NULL, 1, 6, 1462.65, '2018', 'November', 2, NULL, '2018-11-23 05:46:31', '2018-11-23 05:46:31'),
	(23, '36', 49, NULL, 1, 7, 8280.81, '2018', 'November', 2, NULL, '2018-11-23 05:46:32', '2018-11-23 05:46:32'),
	(24, '36', 49, NULL, 5, 35, 1000.00, '2018', 'November', 2, NULL, '2018-11-23 05:46:32', '2018-11-23 05:46:32'),
	(25, '36', 49, NULL, 7, 54, 500.00, '2018', 'November', 2, NULL, '2018-11-23 05:46:32', '2018-11-23 05:46:32'),
	(26, '36', 49, NULL, 10, 114, 9972.00, '2018', 'November', 2, NULL, '2018-11-23 05:46:32', '2018-11-23 05:46:32'),
	(27, '59', 13, NULL, 5, 36, 5000.00, '2018', 'November', 2, NULL, '2018-11-23 05:46:32', '2018-11-23 05:46:32'),
	(28, '59', 13, NULL, 7, 56, 500.00, '2018', 'November', 2, NULL, '2018-11-23 05:46:32', '2018-11-23 05:46:32'),
	(29, '59', 13, NULL, 11, 86, 100.00, '2018', 'November', 2, NULL, '2018-11-23 05:46:32', '2018-11-23 05:46:32'),
	(30, '96', 50, NULL, 7, 55, 1000.00, '2018', 'November', 2, NULL, '2018-11-23 05:46:32', '2018-11-23 05:46:32'),
	(31, '96', 50, NULL, 11, 85, 100.00, '2018', 'November', 2, NULL, '2018-11-23 05:46:32', '2018-11-23 05:46:32'),
	(32, '61', 14, NULL, 1, 8, 5920.07, '2018', 'November', 2, NULL, '2018-11-23 05:46:33', '2018-11-23 05:46:33'),
	(33, '61', 14, NULL, 11, 87, 100.00, '2018', 'November', 2, NULL, '2018-11-23 05:46:33', '2018-11-23 05:46:33'),
	(34, '61', 14, NULL, 10, 115, 6919.00, '2018', 'November', 2, NULL, '2018-11-23 05:46:33', '2018-11-23 05:46:33'),
	(35, '29', 7, NULL, 1, 9, 11135.91, '2018', 'November', 2, NULL, '2018-11-23 05:46:33', '2018-11-23 05:46:33'),
	(36, '29', 7, NULL, 5, 37, 1000.00, '2018', 'November', 2, NULL, '2018-11-23 05:46:33', '2018-11-23 05:46:33'),
	(37, '29', 7, NULL, 7, 57, 1000.00, '2018', 'November', 2, NULL, '2018-11-23 05:46:33', '2018-11-23 05:46:33'),
	(38, '29', 7, NULL, 11, 88, 100.00, '2018', 'November', 2, NULL, '2018-11-23 05:46:33', '2018-11-23 05:46:33'),
	(39, '29', 7, NULL, 10, 116, 4970.00, '2018', 'November', 2, NULL, '2018-11-23 05:46:33', '2018-11-23 05:46:33'),
	(40, '113', 20, NULL, 1, 10, 6980.84, '2018', 'November', 2, NULL, '2018-11-23 05:46:34', '2018-11-23 05:46:34'),
	(41, '72', 52, NULL, 1, 11, 2757.09, '2018', 'November', 2, NULL, '2018-11-23 05:46:34', '2018-11-23 05:46:34'),
	(42, '72', 52, NULL, 5, 38, 1000.00, '2018', 'November', 2, NULL, '2018-11-23 05:46:34', '2018-11-23 05:46:34'),
	(43, '72', 52, NULL, 7, 58, 500.00, '2018', 'November', 2, NULL, '2018-11-23 05:46:34', '2018-11-23 05:46:34'),
	(44, '72', 52, NULL, 9, 70, 216.67, '2018', 'November', 2, NULL, '2018-11-23 05:46:34', '2018-11-23 05:46:34'),
	(45, '72', 52, NULL, 11, 89, 100.00, '2018', 'November', 2, NULL, '2018-11-23 05:46:34', '2018-11-23 05:46:34'),
	(46, '72', 52, NULL, 10, 117, 3291.00, '2018', 'November', 2, NULL, '2018-11-23 05:46:34', '2018-11-23 05:46:34'),
	(47, '30', 8, NULL, 1, 12, 10118.30, '2018', 'November', 2, NULL, '2018-11-23 05:46:35', '2018-11-23 05:46:35'),
	(48, '30', 8, NULL, 11, 90, 100.00, '2018', 'November', 2, NULL, '2018-11-23 05:46:35', '2018-11-23 05:46:35'),
	(49, '30', 8, NULL, 10, 118, 22212.00, '2018', 'November', 2, NULL, '2018-11-23 05:46:35', '2018-11-23 05:46:35'),
	(50, '40', 11, NULL, 1, 13, 6688.71, '2018', 'November', 2, NULL, '2018-11-23 05:46:36', '2018-11-23 05:46:36'),
	(51, '40', 11, NULL, 5, 39, 2000.00, '2018', 'November', 2, NULL, '2018-11-23 05:46:36', '2018-11-23 05:46:36'),
	(52, '40', 11, NULL, 7, 59, 2400.00, '2018', 'November', 2, NULL, '2018-11-23 05:46:36', '2018-11-23 05:46:36'),
	(53, '40', 11, NULL, 11, 91, 100.00, '2018', 'November', 2, NULL, '2018-11-23 05:46:36', '2018-11-23 05:46:36'),
	(54, '24', 56, NULL, 1, 14, 6688.71, '2018', 'November', 2, NULL, '2018-11-23 05:46:37', '2018-11-23 05:46:37'),
	(55, '24', 56, NULL, 5, 40, 1000.00, '2018', 'November', 2, NULL, '2018-11-23 05:46:38', '2018-11-23 05:46:38'),
	(56, '24', 56, NULL, 11, 92, 100.00, '2018', 'November', 2, NULL, '2018-11-23 05:46:38', '2018-11-23 05:46:38'),
	(57, '24', 56, NULL, 10, 119, 7232.00, '2018', 'November', 2, NULL, '2018-11-23 05:46:38', '2018-11-23 05:46:38'),
	(58, '21', 3, NULL, 1, 15, 7950.09, '2018', 'November', 2, NULL, '2018-11-23 05:46:38', '2018-11-23 05:46:38'),
	(59, '21', 3, NULL, 5, 41, 5000.00, '2018', 'November', 2, NULL, '2018-11-23 05:46:38', '2018-11-23 05:46:38'),
	(60, '21', 3, NULL, 7, 60, 500.00, '2018', 'November', 2, NULL, '2018-11-23 05:46:38', '2018-11-23 05:46:38'),
	(61, '21', 3, NULL, 11, 93, 100.00, '2018', 'November', 2, NULL, '2018-11-23 05:46:38', '2018-11-23 05:46:38'),
	(62, '28', 6, NULL, 11, 94, 100.00, '2018', 'November', 2, NULL, '2018-11-23 05:46:38', '2018-11-23 05:46:38'),
	(63, '28', 6, NULL, 10, 120, 200.00, '2018', 'November', 2, NULL, '2018-11-23 05:46:39', '2018-11-23 05:46:39'),
	(64, '70', 58, NULL, 1, 16, 2757.09, '2018', 'November', 2, NULL, '2018-11-23 05:46:39', '2018-11-23 05:46:39'),
	(65, '70', 58, NULL, 9, 71, 216.67, '2018', 'November', 2, NULL, '2018-11-23 05:46:39', '2018-11-23 05:46:39'),
	(66, '70', 58, NULL, 11, 95, 100.00, '2018', 'November', 2, NULL, '2018-11-23 05:46:39', '2018-11-23 05:46:39'),
	(67, '70', 58, NULL, 10, 121, 3858.00, '2018', 'November', 2, NULL, '2018-11-23 05:46:39', '2018-11-23 05:46:39'),
	(68, '97', 16, NULL, 1, 17, 3201.57, '2018', 'November', 2, NULL, '2018-11-23 05:46:39', '2018-11-23 05:46:39'),
	(69, '97', 16, NULL, 7, 61, 1000.00, '2018', 'November', 2, NULL, '2018-11-23 05:46:39', '2018-11-23 05:46:39'),
	(70, '97', 16, NULL, 11, 96, 100.00, '2018', 'November', 2, NULL, '2018-11-23 05:46:39', '2018-11-23 05:46:39'),
	(71, '97', 16, NULL, 10, 122, 3858.00, '2018', 'November', 2, NULL, '2018-11-23 05:46:39', '2018-11-23 05:46:39'),
	(72, '133', 59, NULL, 1, 18, 18639.53, '2018', 'November', 2, NULL, '2018-11-23 05:46:40', '2018-11-23 05:46:40'),
	(73, '81', 61, NULL, 1, 19, 9240.43, '2018', 'November', 2, NULL, '2018-11-23 05:46:41', '2018-11-23 05:46:41'),
	(74, '81', 61, NULL, 5, 42, 2000.00, '2018', 'November', 2, NULL, '2018-11-23 05:46:42', '2018-11-23 05:46:42'),
	(75, '81', 61, NULL, 7, 62, 1000.00, '2018', 'November', 2, NULL, '2018-11-23 05:46:42', '2018-11-23 05:46:42'),
	(76, '81', 61, NULL, 11, 97, 100.00, '2018', 'November', 2, NULL, '2018-11-23 05:46:42', '2018-11-23 05:46:42'),
	(77, '81', 61, NULL, 10, 123, 2968.00, '2018', 'November', 2, NULL, '2018-11-23 05:46:42', '2018-11-23 05:46:42'),
	(78, '15', 2, NULL, 1, 20, 6606.09, '2018', 'November', 2, NULL, '2018-11-23 05:46:43', '2018-11-23 05:46:43'),
	(79, '15', 2, NULL, 9, 72, 216.67, '2018', 'November', 2, NULL, '2018-11-23 05:46:43', '2018-11-23 05:46:43'),
	(80, '15', 2, NULL, 11, 98, 100.00, '2018', 'November', 2, NULL, '2018-11-23 05:46:43', '2018-11-23 05:46:43'),
	(81, '15', 2, NULL, 10, 124, 6397.00, '2018', 'November', 2, NULL, '2018-11-23 05:46:43', '2018-11-23 05:46:43'),
	(82, '22', 4, NULL, 1, 22, 3500.18, '2018', 'November', 2, NULL, '2018-11-23 05:46:43', '2018-11-23 05:46:43'),
	(83, '22', 4, NULL, 5, 43, 1000.00, '2018', 'November', 2, NULL, '2018-11-23 05:46:43', '2018-11-23 05:46:43'),
	(84, '22', 4, NULL, 15, 49, 100.00, '2018', 'November', 2, NULL, '2018-11-23 05:46:43', '2018-11-23 05:46:43'),
	(85, '22', 4, NULL, 7, 63, 500.00, '2018', 'November', 2, NULL, '2018-11-23 05:46:43', '2018-11-23 05:46:43'),
	(86, '22', 4, NULL, 9, 74, 216.67, '2018', 'November', 2, NULL, '2018-11-23 05:46:43', '2018-11-23 05:46:43'),
	(87, '22', 4, NULL, 11, 99, 100.00, '2018', 'November', 2, NULL, '2018-11-23 05:46:43', '2018-11-23 05:46:43'),
	(88, '118', 64, NULL, 1, 21, 1906.94, '2018', 'November', 2, NULL, '2018-11-23 05:46:44', '2018-11-23 05:46:44'),
	(89, '118', 64, NULL, 9, 73, 216.67, '2018', 'November', 2, NULL, '2018-11-23 05:46:44', '2018-11-23 05:46:44'),
	(90, '80', 15, NULL, 7, 64, 1000.00, '2018', 'November', 2, NULL, '2018-11-23 05:46:44', '2018-11-23 05:46:44'),
	(91, '80', 15, NULL, 11, 100, 100.00, '2018', 'November', 2, NULL, '2018-11-23 05:46:44', '2018-11-23 05:46:44'),
	(92, '73', 65, NULL, 1, 23, 2757.09, '2018', 'November', 2, NULL, '2018-11-23 05:46:44', '2018-11-23 05:46:44'),
	(93, '73', 65, NULL, 7, 65, 500.00, '2018', 'November', 2, NULL, '2018-11-23 05:46:44', '2018-11-23 05:46:44'),
	(94, '73', 65, NULL, 9, 75, 216.67, '2018', 'November', 2, NULL, '2018-11-23 05:46:44', '2018-11-23 05:46:44'),
	(95, '73', 65, NULL, 11, 101, 100.00, '2018', 'November', 2, NULL, '2018-11-23 05:46:44', '2018-11-23 05:46:44'),
	(96, '12', 66, NULL, 1, 24, 12403.21, '2018', 'November', 2, NULL, '2018-11-23 05:46:45', '2018-11-23 05:46:45'),
	(97, '12', 66, NULL, 5, 44, 5000.00, '2018', 'November', 2, NULL, '2018-11-23 05:46:45', '2018-11-23 05:46:45'),
	(98, '12', 66, NULL, 7, 66, 1000.00, '2018', 'November', 2, NULL, '2018-11-23 05:46:45', '2018-11-23 05:46:45'),
	(99, '12', 66, NULL, 11, 102, 100.00, '2018', 'November', 2, NULL, '2018-11-23 05:46:45', '2018-11-23 05:46:45'),
	(100, '12', 66, NULL, 10, 125, 35781.00, '2018', 'November', 2, NULL, '2018-11-23 05:46:45', '2018-11-23 05:46:45'),
	(101, '33', 69, NULL, 1, 25, 12991.90, '2018', 'November', 2, NULL, '2018-11-23 05:46:45', '2018-11-23 05:46:45'),
	(102, '33', 69, NULL, 5, 45, 1000.00, '2018', 'November', 2, NULL, '2018-11-23 05:46:45', '2018-11-23 05:46:45'),
	(103, '33', 69, NULL, 9, 76, 216.67, '2018', 'November', 2, NULL, '2018-11-23 05:46:46', '2018-11-23 05:46:46'),
	(104, '33', 69, NULL, 11, 103, 100.00, '2018', 'November', 2, NULL, '2018-11-23 05:46:46', '2018-11-23 05:46:46'),
	(105, '33', 69, NULL, 10, 126, 3641.00, '2018', 'November', 2, NULL, '2018-11-23 05:46:46', '2018-11-23 05:46:46'),
	(106, '71', 71, NULL, 1, 27, 3030.80, '2018', 'January', 2, NULL, '2018-11-23 05:48:17', '2018-11-23 05:48:17'),
	(107, '71', 71, NULL, 5, 46, 1000.00, '2018', 'January', 2, NULL, '2018-11-23 05:48:17', '2018-11-23 05:48:17'),
	(108, '71', 71, NULL, 9, 77, 216.67, '2018', 'January', 2, NULL, '2018-11-23 05:48:17', '2018-11-23 05:48:17'),
	(109, '71', 71, NULL, 11, 105, 100.00, '2018', 'January', 2, NULL, '2018-11-23 05:48:17', '2018-11-23 05:48:17'),
	(110, '71', 71, NULL, 11, 110, 11.00, '2018', 'January', 2, NULL, '2018-11-23 05:48:17', '2018-11-23 05:48:17'),
	(111, '71', 71, NULL, 10, 127, 2212.00, '2018', 'January', 2, NULL, '2018-11-23 05:48:17', '2018-11-23 05:48:17'),
	(112, '85', 72, NULL, 1, 28, 6606.09, '2018', 'January', 2, NULL, '2018-11-23 05:48:17', '2018-11-23 05:48:17'),
	(113, '85', 72, NULL, 9, 78, 216.67, '2018', 'January', 2, NULL, '2018-11-23 05:48:17', '2018-11-23 05:48:17'),
	(114, '85', 72, NULL, 11, 106, 100.00, '2018', 'January', 2, NULL, '2018-11-23 05:48:17', '2018-11-23 05:48:17'),
	(115, '85', 72, NULL, 10, 128, 12637.00, '2018', 'January', 2, NULL, '2018-11-23 05:48:17', '2018-11-23 05:48:17'),
	(116, '18', 76, NULL, 1, 29, 12611.04, '2018', 'January', 2, NULL, '2018-11-23 05:48:18', '2018-11-23 05:48:18'),
	(117, '18', 76, NULL, 5, 47, 1000.00, '2018', 'January', 2, NULL, '2018-11-23 05:48:18', '2018-11-23 05:48:18'),
	(118, '18', 76, NULL, 7, 67, 500.00, '2018', 'January', 2, NULL, '2018-11-23 05:48:18', '2018-11-23 05:48:18'),
	(119, '18', 76, NULL, 9, 79, 216.67, '2018', 'January', 2, NULL, '2018-11-23 05:48:18', '2018-11-23 05:48:18'),
	(120, '18', 76, NULL, 11, 107, 100.00, '2018', 'January', 2, NULL, '2018-11-23 05:48:18', '2018-11-23 05:48:18'),
	(121, '18', 76, NULL, 8, 111, 5480.98, '2018', 'January', 2, NULL, '2018-11-23 05:48:18', '2018-11-23 05:48:18'),
	(122, '18', 76, NULL, 10, 129, 10287.00, '2018', 'January', 2, NULL, '2018-11-23 05:48:18', '2018-11-23 05:48:18'),
	(123, '109', 18, NULL, 1, 30, 1170.15, '2018', 'January', 2, NULL, '2018-11-23 05:48:18', '2018-11-23 05:48:18'),
	(124, '109', 18, NULL, 3, 31, 1311.12, '2018', 'January', 2, NULL, '2018-11-23 05:48:19', '2018-11-23 05:48:19'),
	(125, '109', 18, NULL, 10, 130, 6014.00, '2018', 'January', 2, NULL, '2018-11-23 05:48:19', '2018-11-23 05:48:19'),
	(126, '51', 12, NULL, 7, 68, 1000.00, '2018', 'January', 2, NULL, '2018-11-23 05:48:19', '2018-11-23 05:48:19'),
	(127, '51', 12, NULL, 11, 108, 100.00, '2018', 'January', 2, NULL, '2018-11-23 05:48:19', '2018-11-23 05:48:19'),
	(128, '51', 12, NULL, 10, 131, 200.00, '2018', 'January', 2, NULL, '2018-11-23 05:48:19', '2018-11-23 05:48:19'),
	(129, '35', 78, NULL, 5, 48, 7000.00, '2018', 'January', 2, NULL, '2018-11-23 05:48:20', '2018-11-23 05:48:20'),
	(130, '35', 78, NULL, 7, 69, 1000.00, '2018', 'January', 2, NULL, '2018-11-23 05:48:20', '2018-11-23 05:48:20'),
	(131, '35', 78, NULL, 11, 109, 100.00, '2018', 'January', 2, NULL, '2018-11-23 05:48:20', '2018-11-23 05:48:20'),
	(133, '50', 47, NULL, 1, 2, 8985.68, '2018', 'January', 2, NULL, '2018-11-23 05:48:38', '2018-11-23 05:48:38'),
	(134, '50', 47, NULL, 11, 26, 11.00, '2018', 'January', 2, NULL, '2018-11-23 05:48:38', '2018-11-23 05:48:38'),
	(135, '50', 47, NULL, 11, 80, 100.00, '2018', 'January', 2, NULL, '2018-11-23 05:48:38', '2018-11-23 05:48:38'),
	(136, '50', 47, NULL, 11, 104, 11.00, '2018', 'January', 2, NULL, '2018-11-23 05:48:38', '2018-11-23 05:48:38'),
	(137, '38', 10, NULL, 7, 50, 1000.00, '2018', 'January', 2, NULL, '2018-11-23 05:48:38', '2018-11-23 05:48:38'),
	(138, '38', 10, NULL, 11, 81, 100.00, '2018', 'January', 2, NULL, '2018-11-23 05:48:38', '2018-11-23 05:48:38'),
	(139, '69', 48, NULL, 1, 3, 2507.15, '2018', 'January', 2, NULL, '2018-11-23 05:48:39', '2018-11-23 05:48:39'),
	(140, '69', 48, NULL, 5, 32, 1000.00, '2018', 'January', 2, NULL, '2018-11-23 05:48:39', '2018-11-23 05:48:39'),
	(141, '69', 48, NULL, 7, 51, 500.00, '2018', 'January', 2, NULL, '2018-11-23 05:48:39', '2018-11-23 05:48:39'),
	(142, '69', 48, NULL, 11, 82, 100.00, '2018', 'January', 2, NULL, '2018-11-23 05:48:39', '2018-11-23 05:48:39'),
	(143, '69', 48, NULL, 10, 112, 1797.00, '2018', 'January', 2, NULL, '2018-11-23 05:48:39', '2018-11-23 05:48:39'),
	(144, '37', 9, NULL, 1, 4, 8887.88, '2018', 'January', 2, NULL, '2018-11-23 05:48:39', '2018-11-23 05:48:39'),
	(145, '37', 9, NULL, 5, 33, 2000.00, '2018', 'January', 2, NULL, '2018-11-23 05:48:40', '2018-11-23 05:48:40'),
	(146, '37', 9, NULL, 7, 52, 1000.00, '2018', 'January', 2, NULL, '2018-11-23 05:48:40', '2018-11-23 05:48:40'),
	(147, '37', 9, NULL, 11, 83, 100.00, '2018', 'January', 2, NULL, '2018-11-23 05:48:40', '2018-11-23 05:48:40'),
	(148, '23', 5, NULL, 1, 5, 8920.52, '2018', 'January', 2, NULL, '2018-11-23 05:48:40', '2018-11-23 05:48:40'),
	(149, '23', 5, NULL, 5, 34, 1000.00, '2018', 'January', 2, NULL, '2018-11-23 05:48:40', '2018-11-23 05:48:40'),
	(150, '23', 5, NULL, 7, 53, 500.00, '2018', 'January', 2, NULL, '2018-11-23 05:48:40', '2018-11-23 05:48:40'),
	(151, '23', 5, NULL, 11, 84, 100.00, '2018', 'January', 2, NULL, '2018-11-23 05:48:40', '2018-11-23 05:48:40'),
	(152, '23', 5, NULL, 10, 113, 13296.00, '2018', 'January', 2, NULL, '2018-11-23 05:48:40', '2018-11-23 05:48:40'),
	(153, '117', 23, NULL, 1, 6, 1462.65, '2018', 'January', 2, NULL, '2018-11-23 05:48:41', '2018-11-23 05:48:41'),
	(154, '36', 49, NULL, 1, 7, 8280.81, '2018', 'January', 2, NULL, '2018-11-23 05:48:42', '2018-11-23 05:48:42'),
	(155, '36', 49, NULL, 5, 35, 1000.00, '2018', 'January', 2, NULL, '2018-11-23 05:48:42', '2018-11-23 05:48:42'),
	(156, '36', 49, NULL, 7, 54, 500.00, '2018', 'January', 2, NULL, '2018-11-23 05:48:42', '2018-11-23 05:48:42'),
	(157, '36', 49, NULL, 10, 114, 9972.00, '2018', 'January', 2, NULL, '2018-11-23 05:48:42', '2018-11-23 05:48:42'),
	(158, '59', 13, NULL, 5, 36, 5000.00, '2018', 'January', 2, NULL, '2018-11-23 05:48:43', '2018-11-23 05:48:43'),
	(159, '59', 13, NULL, 7, 56, 500.00, '2018', 'January', 2, NULL, '2018-11-23 05:48:43', '2018-11-23 05:48:43'),
	(160, '59', 13, NULL, 11, 86, 100.00, '2018', 'January', 2, NULL, '2018-11-23 05:48:43', '2018-11-23 05:48:43'),
	(161, '96', 50, NULL, 7, 55, 1000.00, '2018', 'January', 2, NULL, '2018-11-23 05:48:43', '2018-11-23 05:48:43'),
	(162, '96', 50, NULL, 11, 85, 100.00, '2018', 'January', 2, NULL, '2018-11-23 05:48:43', '2018-11-23 05:48:43'),
	(163, '61', 14, NULL, 1, 8, 5920.07, '2018', 'January', 2, NULL, '2018-11-23 05:48:44', '2018-11-23 05:48:44'),
	(164, '61', 14, NULL, 11, 87, 100.00, '2018', 'January', 2, NULL, '2018-11-23 05:48:44', '2018-11-23 05:48:44'),
	(165, '61', 14, NULL, 10, 115, 6919.00, '2018', 'January', 2, NULL, '2018-11-23 05:48:44', '2018-11-23 05:48:44'),
	(166, '29', 7, NULL, 1, 9, 11135.91, '2018', 'January', 2, NULL, '2018-11-23 05:48:44', '2018-11-23 05:48:44'),
	(167, '29', 7, NULL, 5, 37, 1000.00, '2018', 'January', 2, NULL, '2018-11-23 05:48:44', '2018-11-23 05:48:44'),
	(168, '29', 7, NULL, 7, 57, 1000.00, '2018', 'January', 2, NULL, '2018-11-23 05:48:44', '2018-11-23 05:48:44'),
	(169, '29', 7, NULL, 11, 88, 100.00, '2018', 'January', 2, NULL, '2018-11-23 05:48:44', '2018-11-23 05:48:44'),
	(170, '29', 7, NULL, 10, 116, 4970.00, '2018', 'January', 2, NULL, '2018-11-23 05:48:45', '2018-11-23 05:48:45'),
	(171, '113', 20, NULL, 1, 10, 6980.84, '2018', 'January', 2, NULL, '2018-11-23 05:48:45', '2018-11-23 05:48:45'),
	(172, '72', 52, NULL, 1, 11, 2757.09, '2018', 'January', 2, NULL, '2018-11-23 05:48:45', '2018-11-23 05:48:45'),
	(173, '72', 52, NULL, 5, 38, 1000.00, '2018', 'January', 2, NULL, '2018-11-23 05:48:45', '2018-11-23 05:48:45'),
	(174, '72', 52, NULL, 7, 58, 500.00, '2018', 'January', 2, NULL, '2018-11-23 05:48:45', '2018-11-23 05:48:45'),
	(175, '72', 52, NULL, 9, 70, 216.67, '2018', 'January', 2, NULL, '2018-11-23 05:48:45', '2018-11-23 05:48:45'),
	(176, '72', 52, NULL, 11, 89, 100.00, '2018', 'January', 2, NULL, '2018-11-23 05:48:45', '2018-11-23 05:48:45'),
	(177, '72', 52, NULL, 10, 117, 3291.00, '2018', 'January', 2, NULL, '2018-11-23 05:48:45', '2018-11-23 05:48:45'),
	(178, '30', 8, NULL, 1, 12, 10118.30, '2018', 'January', 2, NULL, '2018-11-23 05:48:46', '2018-11-23 05:48:46'),
	(179, '30', 8, NULL, 11, 90, 100.00, '2018', 'January', 2, NULL, '2018-11-23 05:48:46', '2018-11-23 05:48:46'),
	(180, '30', 8, NULL, 10, 118, 22212.00, '2018', 'January', 2, NULL, '2018-11-23 05:48:46', '2018-11-23 05:48:46'),
	(181, '40', 11, NULL, 1, 13, 6688.71, '2018', 'January', 2, NULL, '2018-11-23 05:48:47', '2018-11-23 05:48:47'),
	(182, '40', 11, NULL, 5, 39, 2000.00, '2018', 'January', 2, NULL, '2018-11-23 05:48:47', '2018-11-23 05:48:47'),
	(183, '40', 11, NULL, 7, 59, 2400.00, '2018', 'January', 2, NULL, '2018-11-23 05:48:47', '2018-11-23 05:48:47'),
	(184, '40', 11, NULL, 11, 91, 100.00, '2018', 'January', 2, NULL, '2018-11-23 05:48:47', '2018-11-23 05:48:47'),
	(185, '24', 56, NULL, 1, 14, 6688.71, '2018', 'January', 2, NULL, '2018-11-23 05:48:48', '2018-11-23 05:48:48'),
	(186, '24', 56, NULL, 5, 40, 1000.00, '2018', 'January', 2, NULL, '2018-11-23 05:48:48', '2018-11-23 05:48:48'),
	(187, '24', 56, NULL, 11, 92, 100.00, '2018', 'January', 2, NULL, '2018-11-23 05:48:48', '2018-11-23 05:48:48'),
	(188, '24', 56, NULL, 10, 119, 7232.00, '2018', 'January', 2, NULL, '2018-11-23 05:48:48', '2018-11-23 05:48:48'),
	(189, '21', 3, NULL, 1, 15, 7950.09, '2018', 'January', 2, NULL, '2018-11-23 05:48:48', '2018-11-23 05:48:48'),
	(190, '21', 3, NULL, 5, 41, 5000.00, '2018', 'January', 2, NULL, '2018-11-23 05:48:48', '2018-11-23 05:48:48'),
	(191, '21', 3, NULL, 7, 60, 500.00, '2018', 'January', 2, NULL, '2018-11-23 05:48:48', '2018-11-23 05:48:48'),
	(192, '21', 3, NULL, 11, 93, 100.00, '2018', 'January', 2, NULL, '2018-11-23 05:48:49', '2018-11-23 05:48:49'),
	(193, '28', 6, NULL, 11, 94, 100.00, '2018', 'January', 2, NULL, '2018-11-23 05:48:49', '2018-11-23 05:48:49'),
	(194, '28', 6, NULL, 10, 120, 200.00, '2018', 'January', 2, NULL, '2018-11-23 05:48:49', '2018-11-23 05:48:49'),
	(195, '70', 58, NULL, 1, 16, 2757.09, '2018', 'January', 2, NULL, '2018-11-23 05:48:50', '2018-11-23 05:48:50'),
	(196, '70', 58, NULL, 9, 71, 216.67, '2018', 'January', 2, NULL, '2018-11-23 05:48:50', '2018-11-23 05:48:50'),
	(197, '70', 58, NULL, 11, 95, 100.00, '2018', 'January', 2, NULL, '2018-11-23 05:48:50', '2018-11-23 05:48:50'),
	(198, '70', 58, NULL, 10, 121, 3858.00, '2018', 'January', 2, NULL, '2018-11-23 05:48:50', '2018-11-23 05:48:50'),
	(199, '97', 16, NULL, 1, 17, 3201.57, '2018', 'January', 2, NULL, '2018-11-23 05:48:50', '2018-11-23 05:48:50'),
	(200, '97', 16, NULL, 7, 61, 1000.00, '2018', 'January', 2, NULL, '2018-11-23 05:48:50', '2018-11-23 05:48:50'),
	(201, '97', 16, NULL, 11, 96, 100.00, '2018', 'January', 2, NULL, '2018-11-23 05:48:51', '2018-11-23 05:48:51'),
	(202, '97', 16, NULL, 10, 122, 3858.00, '2018', 'January', 2, NULL, '2018-11-23 05:48:51', '2018-11-23 05:48:51'),
	(203, '133', 59, NULL, 1, 18, 18639.53, '2018', 'January', 2, NULL, '2018-11-23 05:48:51', '2018-11-23 05:48:51'),
	(204, '81', 61, NULL, 1, 19, 9240.43, '2018', 'January', 2, NULL, '2018-11-23 05:48:52', '2018-11-23 05:48:52'),
	(205, '81', 61, NULL, 5, 42, 2000.00, '2018', 'January', 2, NULL, '2018-11-23 05:48:52', '2018-11-23 05:48:52'),
	(206, '81', 61, NULL, 7, 62, 1000.00, '2018', 'January', 2, NULL, '2018-11-23 05:48:52', '2018-11-23 05:48:52'),
	(207, '81', 61, NULL, 11, 97, 100.00, '2018', 'January', 2, NULL, '2018-11-23 05:48:52', '2018-11-23 05:48:52'),
	(208, '81', 61, NULL, 10, 123, 2968.00, '2018', 'January', 2, NULL, '2018-11-23 05:48:52', '2018-11-23 05:48:52'),
	(209, '15', 2, NULL, 1, 20, 6606.09, '2018', 'January', 2, NULL, '2018-11-23 05:48:53', '2018-11-23 05:48:53'),
	(210, '15', 2, NULL, 9, 72, 216.67, '2018', 'January', 2, NULL, '2018-11-23 05:48:53', '2018-11-23 05:48:53'),
	(211, '15', 2, NULL, 11, 98, 100.00, '2018', 'January', 2, NULL, '2018-11-23 05:48:54', '2018-11-23 05:48:54'),
	(212, '15', 2, NULL, 10, 124, 6397.00, '2018', 'January', 2, NULL, '2018-11-23 05:48:54', '2018-11-23 05:48:54'),
	(213, '22', 4, NULL, 1, 22, 3500.18, '2018', 'January', 2, NULL, '2018-11-23 05:48:54', '2018-11-23 05:48:54'),
	(214, '22', 4, NULL, 5, 43, 1000.00, '2018', 'January', 2, NULL, '2018-11-23 05:48:54', '2018-11-23 05:48:54'),
	(215, '22', 4, NULL, 15, 49, 100.00, '2018', 'January', 2, NULL, '2018-11-23 05:48:54', '2018-11-23 05:48:54'),
	(216, '22', 4, NULL, 7, 63, 500.00, '2018', 'January', 2, NULL, '2018-11-23 05:48:54', '2018-11-23 05:48:54'),
	(217, '22', 4, NULL, 9, 74, 216.67, '2018', 'January', 2, NULL, '2018-11-23 05:48:55', '2018-11-23 05:48:55'),
	(218, '22', 4, NULL, 11, 99, 100.00, '2018', 'January', 2, NULL, '2018-11-23 05:48:55', '2018-11-23 05:48:55'),
	(219, '118', 64, NULL, 1, 21, 1906.94, '2018', 'January', 2, NULL, '2018-11-23 05:48:55', '2018-11-23 05:48:55'),
	(220, '118', 64, NULL, 9, 73, 216.67, '2018', 'January', 2, NULL, '2018-11-23 05:48:55', '2018-11-23 05:48:55'),
	(221, '80', 15, NULL, 7, 64, 1000.00, '2018', 'January', 2, NULL, '2018-11-23 05:48:55', '2018-11-23 05:48:55'),
	(222, '80', 15, NULL, 11, 100, 100.00, '2018', 'January', 2, NULL, '2018-11-23 05:48:55', '2018-11-23 05:48:55'),
	(223, '73', 65, NULL, 1, 23, 2757.09, '2018', 'January', 2, NULL, '2018-11-23 05:48:55', '2018-11-23 05:48:55'),
	(224, '73', 65, NULL, 7, 65, 500.00, '2018', 'January', 2, NULL, '2018-11-23 05:48:55', '2018-11-23 05:48:55'),
	(225, '73', 65, NULL, 9, 75, 216.67, '2018', 'January', 2, NULL, '2018-11-23 05:48:55', '2018-11-23 05:48:55'),
	(226, '73', 65, NULL, 11, 101, 100.00, '2018', 'January', 2, NULL, '2018-11-23 05:48:56', '2018-11-23 05:48:56'),
	(227, '12', 66, NULL, 1, 24, 12403.21, '2018', 'January', 2, NULL, '2018-11-23 05:48:56', '2018-11-23 05:48:56'),
	(228, '12', 66, NULL, 5, 44, 5000.00, '2018', 'January', 2, NULL, '2018-11-23 05:48:56', '2018-11-23 05:48:56'),
	(229, '12', 66, NULL, 7, 66, 1000.00, '2018', 'January', 2, NULL, '2018-11-23 05:48:56', '2018-11-23 05:48:56'),
	(230, '12', 66, NULL, 11, 102, 100.00, '2018', 'January', 2, NULL, '2018-11-23 05:48:56', '2018-11-23 05:48:56'),
	(231, '12', 66, NULL, 10, 125, 35781.00, '2018', 'January', 2, NULL, '2018-11-23 05:48:56', '2018-11-23 05:48:56'),
	(232, '33', 69, NULL, 1, 25, 12991.90, '2018', 'January', 2, NULL, '2018-11-23 05:48:58', '2018-11-23 05:48:58'),
	(233, '33', 69, NULL, 5, 45, 1000.00, '2018', 'January', 2, NULL, '2018-11-23 05:48:58', '2018-11-23 05:48:58'),
	(234, '33', 69, NULL, 9, 76, 216.67, '2018', 'January', 2, NULL, '2018-11-23 05:48:58', '2018-11-23 05:48:58'),
	(235, '33', 69, NULL, 11, 103, 100.00, '2018', 'January', 2, NULL, '2018-11-23 05:48:58', '2018-11-23 05:48:58'),
	(236, '33', 69, NULL, 10, 126, 3641.00, '2018', 'January', 2, NULL, '2018-11-23 05:48:58', '2018-11-23 05:48:58'),
	(238, '115', 22, NULL, 1, 1, 3324.21, '2018', 'January', 2, NULL, '2018-11-23 05:50:12', '2018-11-23 05:50:12');
/*!40000 ALTER TABLE `pms_loaninfo_transactions` ENABLE KEYS */;

-- Dumping structure for table mwss.pms_loans
DROP TABLE IF EXISTS `pms_loans`;
CREATE TABLE IF NOT EXISTS `pms_loans` (
  `id` int(11) NOT NULL AUTO_INCREMENT,
  `code` varchar(225) DEFAULT NULL,
  `name` varchar(225) DEFAULT NULL,
  `loan_type` varchar(225) DEFAULT NULL,
  `category` varchar(225) DEFAULT NULL,
  `gsis_excel_col` varchar(225) DEFAULT NULL,
  `amount` decimal(9,2) DEFAULT NULL,
  `remarks` varchar(225) DEFAULT NULL,
  `created_at` timestamp NULL DEFAULT NULL,
  `updated_at` timestamp NULL DEFAULT NULL,
  `updated_by` int(11) DEFAULT NULL,
  PRIMARY KEY (`id`)
) ENGINE=InnoDB AUTO_INCREMENT=17 DEFAULT CHARSET=latin1;

-- Dumping data for table mwss.pms_loans: ~15 rows (approximately)
/*!40000 ALTER TABLE `pms_loans` DISABLE KEYS */;
INSERT INTO `pms_loans` (`id`, `code`, `name`, `loan_type`, `category`, `gsis_excel_col`, `amount`, `remarks`, `created_at`, `updated_at`, `updated_by`) VALUES
	(1, 'CS', 'CONSOLOAN', 'GSIS', NULL, NULL, NULL, NULL, '2018-06-19 17:32:01', '2018-06-19 17:32:01', NULL),
	(2, 'PL', 'POLICY LOAN', 'GSIS', NULL, NULL, NULL, NULL, '2018-06-19 17:32:37', '2018-06-19 17:35:22', NULL),
	(3, 'EL', 'EMERGENCY/CALAMITY LOAN', 'GSIS', NULL, NULL, NULL, NULL, '2018-06-19 17:33:50', '2018-06-19 17:33:50', NULL),
	(4, 'OL', 'OPTIONAL LIFE', 'GSIS', NULL, NULL, NULL, NULL, '2018-06-19 17:34:11', '2018-06-19 17:34:11', NULL),
	(5, 'MPL', 'MULTI PURPOSE LOAN', 'Pagibig Loan', NULL, NULL, NULL, NULL, '2018-06-19 17:34:41', '2018-06-19 17:34:41', NULL),
	(6, 'CL', 'CALAMITY LOAN', 'Pagibig Loan', NULL, NULL, NULL, NULL, '2018-06-19 17:34:58', '2018-06-19 17:34:58', NULL),
	(7, 'MPLP', 'MULTI-PURPOSE COOPERATIVE LOAN', 'NULL', NULL, NULL, NULL, NULL, '2018-08-16 12:17:15', '2018-08-16 12:17:15', NULL),
	(8, 'LCH-DCS', 'LCH-DCS', 'GSIS', NULL, NULL, NULL, NULL, '2018-08-17 03:50:45', '2018-08-17 03:50:45', NULL),
	(9, 'EA', 'EDUCATION LOAN', 'GSIS', NULL, NULL, NULL, NULL, '2018-08-17 03:53:49', '2018-08-17 03:53:49', NULL),
	(10, 'WASSSLAI Loan', 'WASSSLAI Loan', NULL, NULL, NULL, NULL, NULL, '2018-08-17 04:09:54', '2018-08-17 04:09:54', NULL),
	(11, 'WFLOAN', 'WELFARE FUND LOAN', 'GSIS', NULL, NULL, NULL, NULL, '2018-08-17 06:51:16', '2018-08-17 06:51:16', NULL),
	(12, 'PFL', 'PROVIDENT FUND LOAN', NULL, NULL, NULL, NULL, NULL, NULL, NULL, NULL),
	(13, 'ML', 'MEMBAI LOAN', NULL, NULL, NULL, NULL, NULL, NULL, NULL, NULL),
	(14, 'HHL', 'HDMF HOUSING LOAN', NULL, NULL, NULL, NULL, NULL, NULL, NULL, NULL),
	(15, 'OPL', 'OPTIONAL POLICY LOAN', 'GSIS', NULL, NULL, NULL, NULL, '2018-11-23 05:24:10', '2018-11-23 05:24:10', NULL);
/*!40000 ALTER TABLE `pms_loans` ENABLE KEYS */;

-- Dumping structure for table mwss.pms_loansinfo
DROP TABLE IF EXISTS `pms_loansinfo`;
CREATE TABLE IF NOT EXISTS `pms_loansinfo` (
  `id` int(11) NOT NULL AUTO_INCREMENT,
  `employeeinfo_id` int(11) DEFAULT NULL,
  `employee_number` varchar(225) DEFAULT NULL,
  `employee_id` int(11) DEFAULT NULL,
  `loan_id` int(11) DEFAULT NULL,
  `loan_totalamount` decimal(9,2) DEFAULT NULL,
  `loan_totalbalance` decimal(9,2) DEFAULT NULL,
  `loan_amortization` decimal(9,2) DEFAULT NULL,
  `loan_pay_period` varchar(225) DEFAULT NULL,
  `loan_date_granted` date DEFAULT NULL,
  `loan_date_started` date DEFAULT NULL,
  `loan_date_end` date DEFAULT NULL,
  `loan_date_terminated` date DEFAULT NULL,
  `created_at` timestamp NULL DEFAULT NULL,
  `updated_at` timestamp NULL DEFAULT NULL,
  `updated_by` int(11) DEFAULT NULL,
  PRIMARY KEY (`id`)
) ENGINE=InnoDB AUTO_INCREMENT=132 DEFAULT CHARSET=latin1;

-- Dumping data for table mwss.pms_loansinfo: ~131 rows (approximately)
/*!40000 ALTER TABLE `pms_loansinfo` DISABLE KEYS */;
INSERT INTO `pms_loansinfo` (`id`, `employeeinfo_id`, `employee_number`, `employee_id`, `loan_id`, `loan_totalamount`, `loan_totalbalance`, `loan_amortization`, `loan_pay_period`, `loan_date_granted`, `loan_date_started`, `loan_date_end`, `loan_date_terminated`, `created_at`, `updated_at`, `updated_by`) VALUES
	(1, NULL, '115', 22, 1, NULL, NULL, 3324.21, NULL, NULL, NULL, NULL, NULL, NULL, NULL, NULL),
	(2, NULL, '50', 47, 1, NULL, NULL, 8985.68, NULL, NULL, NULL, NULL, NULL, NULL, NULL, NULL),
	(3, NULL, '69', 48, 1, NULL, NULL, 2507.15, NULL, NULL, NULL, NULL, NULL, NULL, NULL, NULL),
	(4, NULL, '37', 9, 1, NULL, NULL, 8887.88, NULL, NULL, NULL, NULL, NULL, NULL, NULL, NULL),
	(5, NULL, '23', 5, 1, NULL, NULL, 8920.52, NULL, NULL, NULL, NULL, NULL, NULL, NULL, NULL),
	(6, NULL, '117', 23, 1, NULL, NULL, 1462.65, NULL, NULL, NULL, NULL, NULL, NULL, NULL, NULL),
	(7, NULL, '36', 49, 1, NULL, NULL, 8280.81, NULL, NULL, NULL, NULL, NULL, NULL, NULL, NULL),
	(8, NULL, '61', 14, 1, NULL, NULL, 5920.07, NULL, NULL, NULL, NULL, NULL, NULL, NULL, NULL),
	(9, NULL, '29', 7, 1, NULL, NULL, 11135.91, NULL, NULL, NULL, NULL, NULL, NULL, NULL, NULL),
	(10, NULL, '113', 20, 1, NULL, NULL, 6980.84, NULL, NULL, NULL, NULL, NULL, NULL, NULL, NULL),
	(11, NULL, '72', 52, 1, NULL, NULL, 2757.09, NULL, NULL, NULL, NULL, NULL, NULL, NULL, NULL),
	(12, NULL, '30', 8, 1, NULL, NULL, 10118.30, NULL, NULL, NULL, NULL, NULL, NULL, NULL, NULL),
	(13, NULL, '40', 11, 1, NULL, NULL, 6688.71, NULL, NULL, NULL, NULL, NULL, NULL, NULL, NULL),
	(14, NULL, '24', 56, 1, NULL, NULL, 6688.71, NULL, NULL, NULL, NULL, NULL, NULL, NULL, NULL),
	(15, NULL, '21', 3, 1, NULL, NULL, 7950.09, NULL, NULL, NULL, NULL, NULL, NULL, NULL, NULL),
	(16, NULL, '70', 58, 1, NULL, NULL, 2757.09, NULL, NULL, NULL, NULL, NULL, NULL, NULL, NULL),
	(17, NULL, '97', 16, 1, NULL, NULL, 3201.57, NULL, NULL, NULL, NULL, NULL, NULL, NULL, NULL),
	(18, NULL, '133', 59, 1, NULL, NULL, 18639.53, NULL, NULL, NULL, NULL, NULL, NULL, NULL, NULL),
	(19, NULL, '81', 61, 1, NULL, NULL, 9240.43, NULL, NULL, NULL, NULL, NULL, NULL, NULL, NULL),
	(20, NULL, '15', 2, 1, NULL, NULL, 6606.09, NULL, NULL, NULL, NULL, NULL, NULL, NULL, NULL),
	(21, NULL, '118', 64, 1, NULL, NULL, 1906.94, NULL, NULL, NULL, NULL, NULL, NULL, NULL, NULL),
	(22, NULL, '22', 4, 1, NULL, NULL, 3500.18, NULL, NULL, NULL, NULL, NULL, NULL, NULL, NULL),
	(23, NULL, '73', 65, 1, NULL, NULL, 2757.09, NULL, NULL, NULL, NULL, NULL, NULL, NULL, NULL),
	(24, NULL, '12', 66, 1, NULL, NULL, 12403.21, NULL, NULL, NULL, NULL, NULL, NULL, NULL, NULL),
	(25, NULL, '33', 69, 1, NULL, NULL, 12991.90, NULL, NULL, NULL, NULL, NULL, NULL, NULL, NULL),
	(27, NULL, '71', 71, 1, NULL, NULL, 3030.80, NULL, NULL, NULL, NULL, NULL, NULL, NULL, NULL),
	(28, NULL, '85', 72, 1, NULL, NULL, 6606.09, NULL, NULL, NULL, NULL, NULL, NULL, NULL, NULL),
	(29, NULL, '18', 76, 1, NULL, NULL, 12611.04, NULL, NULL, NULL, NULL, NULL, NULL, NULL, NULL),
	(30, NULL, '109', 18, 1, NULL, NULL, 1170.15, NULL, NULL, NULL, NULL, NULL, NULL, NULL, NULL),
	(31, NULL, '109', 18, 3, NULL, NULL, 1311.12, NULL, NULL, NULL, NULL, NULL, NULL, NULL, NULL),
	(32, NULL, '69', 48, 5, NULL, NULL, 1000.00, NULL, NULL, NULL, NULL, NULL, NULL, NULL, NULL),
	(33, NULL, '37', 9, 5, NULL, NULL, 2000.00, NULL, NULL, NULL, NULL, NULL, NULL, NULL, NULL),
	(34, NULL, '23', 5, 5, NULL, NULL, 1000.00, NULL, NULL, NULL, NULL, NULL, NULL, NULL, NULL),
	(35, NULL, '36', 49, 5, NULL, NULL, 1000.00, NULL, NULL, NULL, NULL, NULL, NULL, NULL, NULL),
	(36, NULL, '59', 13, 5, NULL, NULL, 5000.00, NULL, NULL, NULL, NULL, NULL, NULL, NULL, NULL),
	(37, NULL, '29', 7, 5, NULL, NULL, 1000.00, NULL, NULL, NULL, NULL, NULL, NULL, NULL, NULL),
	(38, NULL, '72', 52, 5, NULL, NULL, 1000.00, NULL, NULL, NULL, NULL, NULL, NULL, NULL, NULL),
	(39, NULL, '40', 11, 5, NULL, NULL, 2000.00, NULL, NULL, NULL, NULL, NULL, NULL, NULL, NULL),
	(40, NULL, '24', 56, 5, NULL, NULL, 1000.00, NULL, NULL, NULL, NULL, NULL, NULL, NULL, NULL),
	(41, NULL, '21', 3, 5, NULL, NULL, 5000.00, NULL, NULL, NULL, NULL, NULL, NULL, NULL, NULL),
	(42, NULL, '81', 61, 5, NULL, NULL, 2000.00, NULL, NULL, NULL, NULL, NULL, NULL, NULL, NULL),
	(43, NULL, '22', 4, 5, NULL, NULL, 1000.00, NULL, NULL, NULL, NULL, NULL, NULL, NULL, NULL),
	(44, NULL, '12', 66, 5, NULL, NULL, 5000.00, NULL, NULL, NULL, NULL, NULL, NULL, NULL, NULL),
	(45, NULL, '33', 69, 5, NULL, NULL, 1000.00, NULL, NULL, NULL, NULL, NULL, NULL, NULL, NULL),
	(46, NULL, '71', 71, 5, NULL, NULL, 1000.00, NULL, NULL, NULL, NULL, NULL, NULL, NULL, NULL),
	(47, NULL, '18', 76, 5, NULL, NULL, 1000.00, NULL, NULL, NULL, NULL, NULL, NULL, NULL, NULL),
	(48, NULL, '35', 78, 5, NULL, NULL, 7000.00, NULL, NULL, NULL, NULL, NULL, NULL, NULL, NULL),
	(49, 41, NULL, 4, 15, 0.00, 0.00, 100.00, NULL, NULL, NULL, NULL, NULL, '2018-11-23 05:25:04', '2018-11-23 05:25:04', NULL),
	(50, NULL, '38', 10, 7, NULL, NULL, 1000.00, NULL, NULL, NULL, NULL, NULL, NULL, NULL, NULL),
	(51, NULL, '69', 48, 7, NULL, NULL, 500.00, NULL, NULL, NULL, NULL, NULL, NULL, NULL, NULL),
	(52, NULL, '37', 9, 7, NULL, NULL, 1000.00, NULL, NULL, NULL, NULL, NULL, NULL, NULL, NULL),
	(53, NULL, '23', 5, 7, NULL, NULL, 500.00, NULL, NULL, NULL, NULL, NULL, NULL, NULL, NULL),
	(54, NULL, '36', 49, 7, NULL, NULL, 500.00, NULL, NULL, NULL, NULL, NULL, NULL, NULL, NULL),
	(55, NULL, '96', 50, 7, NULL, NULL, 1000.00, NULL, NULL, NULL, NULL, NULL, NULL, NULL, NULL),
	(56, NULL, '59', 13, 7, NULL, NULL, 500.00, NULL, NULL, NULL, NULL, NULL, NULL, NULL, NULL),
	(57, NULL, '29', 7, 7, NULL, NULL, 1000.00, NULL, NULL, NULL, NULL, NULL, NULL, NULL, NULL),
	(58, NULL, '72', 52, 7, NULL, NULL, 500.00, NULL, NULL, NULL, NULL, NULL, NULL, NULL, NULL),
	(59, NULL, '40', 11, 7, NULL, NULL, 2400.00, NULL, NULL, NULL, NULL, NULL, NULL, NULL, NULL),
	(60, NULL, '21', 3, 7, NULL, NULL, 500.00, NULL, NULL, NULL, NULL, NULL, NULL, NULL, NULL),
	(61, NULL, '97', 16, 7, NULL, NULL, 1000.00, NULL, NULL, NULL, NULL, NULL, NULL, NULL, NULL),
	(62, NULL, '81', 61, 7, NULL, NULL, 1000.00, NULL, NULL, NULL, NULL, NULL, NULL, NULL, NULL),
	(63, NULL, '22', 4, 7, NULL, NULL, 500.00, NULL, NULL, NULL, NULL, NULL, NULL, NULL, NULL),
	(64, NULL, '80', 15, 7, NULL, NULL, 1000.00, NULL, NULL, NULL, NULL, NULL, NULL, NULL, NULL),
	(65, NULL, '73', 65, 7, NULL, NULL, 500.00, NULL, NULL, NULL, NULL, NULL, NULL, NULL, NULL),
	(66, NULL, '12', 66, 7, NULL, NULL, 1000.00, NULL, NULL, NULL, NULL, NULL, NULL, NULL, NULL),
	(67, NULL, '18', 76, 7, NULL, NULL, 500.00, NULL, NULL, NULL, NULL, NULL, NULL, NULL, NULL),
	(68, NULL, '51', 12, 7, NULL, NULL, 1000.00, NULL, NULL, NULL, NULL, NULL, NULL, NULL, NULL),
	(69, NULL, '35', 78, 7, NULL, NULL, 1000.00, NULL, NULL, NULL, NULL, NULL, NULL, NULL, NULL),
	(70, NULL, '72', 52, 9, NULL, NULL, 216.67, NULL, NULL, NULL, NULL, NULL, NULL, NULL, NULL),
	(71, NULL, '70', 58, 9, NULL, NULL, 216.67, NULL, NULL, NULL, NULL, NULL, NULL, NULL, NULL),
	(72, NULL, '15', 2, 9, NULL, NULL, 216.67, NULL, NULL, NULL, NULL, NULL, NULL, NULL, NULL),
	(73, NULL, '118', 64, 9, NULL, NULL, 216.67, NULL, NULL, NULL, NULL, NULL, NULL, NULL, NULL),
	(74, NULL, '22', 4, 9, NULL, NULL, 216.67, NULL, NULL, NULL, NULL, NULL, NULL, NULL, NULL),
	(75, NULL, '73', 65, 9, NULL, NULL, 216.67, NULL, NULL, NULL, NULL, NULL, NULL, NULL, NULL),
	(76, NULL, '33', 69, 9, NULL, NULL, 216.67, NULL, NULL, NULL, NULL, NULL, NULL, NULL, NULL),
	(77, NULL, '71', 71, 9, NULL, NULL, 216.67, NULL, NULL, NULL, NULL, NULL, NULL, NULL, NULL),
	(78, NULL, '85', 72, 9, NULL, NULL, 216.67, NULL, NULL, NULL, NULL, NULL, NULL, NULL, NULL),
	(79, NULL, '18', 76, 9, NULL, NULL, 216.67, NULL, NULL, NULL, NULL, NULL, NULL, NULL, NULL),
	(80, NULL, '50', 47, 11, NULL, NULL, 100.00, NULL, NULL, NULL, NULL, NULL, NULL, NULL, NULL),
	(81, NULL, '38', 10, 11, NULL, NULL, 100.00, NULL, NULL, NULL, NULL, NULL, NULL, NULL, NULL),
	(82, NULL, '69', 48, 11, NULL, NULL, 100.00, NULL, NULL, NULL, NULL, NULL, NULL, NULL, NULL),
	(83, NULL, '37', 9, 11, NULL, NULL, 100.00, NULL, NULL, NULL, NULL, NULL, NULL, NULL, NULL),
	(84, NULL, '23', 5, 11, NULL, NULL, 100.00, NULL, NULL, NULL, NULL, NULL, NULL, NULL, NULL),
	(85, NULL, '96', 50, 11, NULL, NULL, 100.00, NULL, NULL, NULL, NULL, NULL, NULL, NULL, NULL),
	(86, NULL, '59', 13, 11, NULL, NULL, 100.00, NULL, NULL, NULL, NULL, NULL, NULL, NULL, NULL),
	(87, NULL, '61', 14, 11, NULL, NULL, 100.00, NULL, NULL, NULL, NULL, NULL, NULL, NULL, NULL),
	(88, NULL, '29', 7, 11, NULL, NULL, 100.00, NULL, NULL, NULL, NULL, NULL, NULL, NULL, NULL),
	(89, NULL, '72', 52, 11, NULL, NULL, 100.00, NULL, NULL, NULL, NULL, NULL, NULL, NULL, NULL),
	(90, NULL, '30', 8, 11, NULL, NULL, 100.00, NULL, NULL, NULL, NULL, NULL, NULL, NULL, NULL),
	(91, NULL, '40', 11, 11, NULL, NULL, 100.00, NULL, NULL, NULL, NULL, NULL, NULL, NULL, NULL),
	(92, NULL, '24', 56, 11, NULL, NULL, 100.00, NULL, NULL, NULL, NULL, NULL, NULL, NULL, NULL),
	(93, NULL, '21', 3, 11, NULL, NULL, 100.00, NULL, NULL, NULL, NULL, NULL, NULL, NULL, NULL),
	(94, NULL, '28', 6, 11, NULL, NULL, 100.00, NULL, NULL, NULL, NULL, NULL, NULL, NULL, NULL),
	(95, NULL, '70', 58, 11, NULL, NULL, 100.00, NULL, NULL, NULL, NULL, NULL, NULL, NULL, NULL),
	(96, NULL, '97', 16, 11, NULL, NULL, 100.00, NULL, NULL, NULL, NULL, NULL, NULL, NULL, NULL),
	(97, NULL, '81', 61, 11, NULL, NULL, 100.00, NULL, NULL, NULL, NULL, NULL, NULL, NULL, NULL),
	(98, NULL, '15', 2, 11, NULL, NULL, 100.00, NULL, NULL, NULL, NULL, NULL, NULL, NULL, NULL),
	(99, NULL, '22', 4, 11, NULL, NULL, 100.00, NULL, NULL, NULL, NULL, NULL, NULL, NULL, NULL),
	(100, NULL, '80', 15, 11, NULL, NULL, 100.00, NULL, NULL, NULL, NULL, NULL, NULL, NULL, NULL),
	(101, NULL, '73', 65, 11, NULL, NULL, 100.00, NULL, NULL, NULL, NULL, NULL, NULL, NULL, NULL),
	(102, NULL, '12', 66, 11, NULL, NULL, 100.00, NULL, NULL, NULL, NULL, NULL, NULL, NULL, NULL),
	(103, NULL, '33', 69, 11, NULL, NULL, 100.00, NULL, NULL, NULL, NULL, NULL, NULL, NULL, NULL),
	(105, NULL, '71', 71, 11, NULL, NULL, 100.00, NULL, NULL, NULL, NULL, NULL, NULL, NULL, NULL),
	(106, NULL, '85', 72, 11, NULL, NULL, 100.00, NULL, NULL, NULL, NULL, NULL, NULL, NULL, NULL),
	(107, NULL, '18', 76, 11, NULL, NULL, 100.00, NULL, NULL, NULL, NULL, NULL, NULL, NULL, NULL),
	(108, NULL, '51', 12, 11, NULL, NULL, 100.00, NULL, NULL, NULL, NULL, NULL, NULL, NULL, NULL),
	(109, NULL, '35', 78, 11, NULL, NULL, 100.00, NULL, NULL, NULL, NULL, NULL, NULL, NULL, NULL),
	(110, NULL, '71', 71, 11, NULL, NULL, 11.00, NULL, NULL, NULL, NULL, NULL, NULL, NULL, NULL),
	(111, 54, NULL, 76, 8, 0.00, 0.00, 5480.98, NULL, NULL, NULL, NULL, NULL, '2018-11-23 05:35:14', '2018-11-23 05:35:14', NULL),
	(112, NULL, '69', 48, 10, NULL, NULL, 1797.00, NULL, NULL, NULL, NULL, NULL, NULL, NULL, NULL),
	(113, NULL, '23', 5, 10, NULL, NULL, 13296.00, NULL, NULL, NULL, NULL, NULL, NULL, NULL, NULL),
	(114, NULL, '36', 49, 10, NULL, NULL, 9972.00, NULL, NULL, NULL, NULL, NULL, NULL, NULL, NULL),
	(115, NULL, '61', 14, 10, NULL, NULL, 6919.00, NULL, NULL, NULL, NULL, NULL, NULL, NULL, NULL),
	(116, NULL, '29', 7, 10, NULL, NULL, 4970.00, NULL, NULL, NULL, NULL, NULL, NULL, NULL, NULL),
	(117, NULL, '72', 52, 10, NULL, NULL, 3291.00, NULL, NULL, NULL, NULL, NULL, NULL, NULL, NULL),
	(118, NULL, '30', 8, 10, NULL, NULL, 22212.00, NULL, NULL, NULL, NULL, NULL, NULL, NULL, NULL),
	(119, NULL, '24', 56, 10, NULL, NULL, 7232.00, NULL, NULL, NULL, NULL, NULL, NULL, NULL, NULL),
	(120, NULL, '28', 6, 10, NULL, NULL, 200.00, NULL, NULL, NULL, NULL, NULL, NULL, NULL, NULL),
	(121, NULL, '70', 58, 10, NULL, NULL, 3858.00, NULL, NULL, NULL, NULL, NULL, NULL, NULL, NULL),
	(122, NULL, '97', 16, 10, NULL, NULL, 3858.00, NULL, NULL, NULL, NULL, NULL, NULL, NULL, NULL),
	(123, NULL, '81', 61, 10, NULL, NULL, 2968.00, NULL, NULL, NULL, NULL, NULL, NULL, NULL, NULL),
	(124, NULL, '15', 2, 10, NULL, NULL, 6397.00, NULL, NULL, NULL, NULL, NULL, NULL, NULL, NULL),
	(125, NULL, '12', 66, 10, NULL, NULL, 35781.00, NULL, NULL, NULL, NULL, NULL, NULL, NULL, NULL),
	(126, NULL, '33', 69, 10, NULL, NULL, 3641.00, NULL, NULL, NULL, NULL, NULL, NULL, NULL, NULL),
	(127, NULL, '71', 71, 10, NULL, NULL, 2212.00, NULL, NULL, NULL, NULL, NULL, NULL, NULL, NULL),
	(128, NULL, '85', 72, 10, NULL, NULL, 12637.00, NULL, NULL, NULL, NULL, NULL, NULL, NULL, NULL),
	(129, NULL, '18', 76, 10, NULL, NULL, 10287.00, NULL, NULL, NULL, NULL, NULL, NULL, NULL, NULL),
	(130, NULL, '109', 18, 10, NULL, NULL, 6014.00, NULL, NULL, NULL, NULL, NULL, NULL, NULL, NULL),
	(131, NULL, '51', 12, 10, NULL, NULL, 200.00, NULL, NULL, NULL, NULL, NULL, NULL, NULL, NULL);
/*!40000 ALTER TABLE `pms_loansinfo` ENABLE KEYS */;

-- Dumping structure for table mwss.pms_longevitypay
DROP TABLE IF EXISTS `pms_longevitypay`;
CREATE TABLE IF NOT EXISTS `pms_longevitypay` (
  `id` int(11) NOT NULL AUTO_INCREMENT,
  `employee_number` varchar(225) DEFAULT NULL,
  `employee_id` int(11) DEFAULT NULL,
  `lp` int(11) DEFAULT NULL,
  `basic_pay_amount` decimal(9,2) DEFAULT NULL,
  `longevity_amount` decimal(9,2) DEFAULT NULL,
  `longevity_date` date DEFAULT NULL,
  `created_by` int(11) DEFAULT NULL,
  `updated_by` int(11) DEFAULT NULL,
  `created_at` timestamp NULL DEFAULT NULL,
  `updated_at` timestamp NULL DEFAULT NULL,
  PRIMARY KEY (`id`)
) ENGINE=InnoDB DEFAULT CHARSET=latin1;

-- Dumping data for table mwss.pms_longevitypay: ~0 rows (approximately)
/*!40000 ALTER TABLE `pms_longevitypay` DISABLE KEYS */;
/*!40000 ALTER TABLE `pms_longevitypay` ENABLE KEYS */;

-- Dumping structure for table mwss.pms_nonplantilla_employeeinfo
DROP TABLE IF EXISTS `pms_nonplantilla_employeeinfo`;
CREATE TABLE IF NOT EXISTS `pms_nonplantilla_employeeinfo` (
  `id` int(11) NOT NULL AUTO_INCREMENT,
  `employee_id` int(11) DEFAULT NULL,
  `employee_number` varchar(225) DEFAULT NULL,
  `bank_id` int(11) DEFAULT NULL,
  `taxpolicy_id` int(11) DEFAULT NULL,
  `tax_amount_one` decimal(9,2) DEFAULT NULL,
  `tax_amount_two` decimal(9,2) DEFAULT NULL,
  `taxpolicy_two_id` int(11) DEFAULT NULL,
  `atm_no` int(11) DEFAULT NULL,
  `daily_rate_amount` decimal(9,2) DEFAULT NULL,
  `monthly_rate_amount` decimal(9,2) DEFAULT NULL,
  `annual_rate_amount` decimal(9,2) DEFAULT NULL,
  `overtime_balance_amount` decimal(9,2) DEFAULT NULL,
  `tax_id_number` varchar(225) DEFAULT NULL,
  `created_at` timestamp NULL DEFAULT NULL,
  `updated_at` timestamp NULL DEFAULT NULL,
  `created_by` int(11) DEFAULT NULL,
  `updated_by` int(11) DEFAULT NULL,
  PRIMARY KEY (`id`)
) ENGINE=InnoDB AUTO_INCREMENT=20 DEFAULT CHARSET=latin1;

-- Dumping data for table mwss.pms_nonplantilla_employeeinfo: ~19 rows (approximately)
/*!40000 ALTER TABLE `pms_nonplantilla_employeeinfo` DISABLE KEYS */;
INSERT INTO `pms_nonplantilla_employeeinfo` (`id`, `employee_id`, `employee_number`, `bank_id`, `taxpolicy_id`, `tax_amount_one`, `tax_amount_two`, `taxpolicy_two_id`, `atm_no`, `daily_rate_amount`, `monthly_rate_amount`, `annual_rate_amount`, `overtime_balance_amount`, `tax_id_number`, `created_at`, `updated_at`, `created_by`, `updated_by`) VALUES
	(1, 46, 'COS1000', NULL, 10, 0.72, -1040.45, 9, NULL, 1133.64, 24940.00, 299280.00, 149640.00, NULL, '2018-11-23 03:24:46', '2018-11-23 03:24:46', NULL, NULL),
	(2, 37, 'COS1003', NULL, 10, 0.54, -1040.75, 9, NULL, 831.00, 18282.00, 219384.00, 109692.00, NULL, '2018-11-23 03:25:01', '2018-11-23 03:25:01', NULL, NULL),
	(3, 38, 'COS1004', NULL, 10, 0.51, -1040.80, 9, NULL, 784.27, 17254.00, 207048.00, 103524.00, NULL, '2018-11-23 03:25:14', '2018-11-23 03:25:14', NULL, NULL),
	(4, 45, 'COS1015', NULL, 10, 0.54, -1040.75, 9, NULL, 831.00, 18282.00, 219384.00, 109692.00, NULL, '2018-11-23 03:25:33', '2018-11-23 03:25:33', NULL, NULL),
	(5, 43, 'COS1011', NULL, 10, 1.20, -1039.65, 9, NULL, 1822.05, 40085.00, 481020.00, 240510.00, NULL, '2018-11-23 03:26:02', '2018-11-23 03:26:02', NULL, NULL),
	(6, 54, 'COS1009', NULL, 10, 0.93, -1040.10, 9, NULL, 1409.55, 31010.00, 372120.00, 186060.00, NULL, '2018-11-23 03:27:02', '2018-11-23 03:27:02', NULL, NULL),
	(7, 39, 'COS1005', NULL, 10, 0.51, -1040.80, 9, NULL, 784.27, 17254.00, 207048.00, 103524.00, NULL, '2018-11-23 03:27:16', '2018-11-23 03:27:16', NULL, NULL),
	(8, 57, 'COS1013', NULL, 10, 0.51, -1040.80, 9, NULL, 784.27, 17254.00, 207048.00, 103524.00, NULL, '2018-11-23 03:27:29', '2018-11-23 03:27:29', NULL, NULL),
	(9, 62, 'COS1012', NULL, 10, 0.51, -1040.80, 9, NULL, 784.27, 17254.00, 207048.00, 103524.00, NULL, '2018-11-23 03:27:41', '2018-11-23 03:27:41', NULL, NULL),
	(10, 67, 'COS1016', NULL, 10, 0.51, -1040.80, 9, NULL, 784.27, 17254.00, 207048.00, 103524.00, NULL, '2018-11-23 03:27:55', '2018-11-23 03:27:55', NULL, NULL),
	(11, 44, 'COS1014', NULL, 10, 0.54, -1040.75, 9, NULL, 831.00, 18282.00, 219384.00, 109692.00, NULL, '2018-11-23 03:28:09', '2018-11-23 03:28:09', NULL, NULL),
	(12, 68, 'COS1002', NULL, 10, 0.66, -1040.55, 9, NULL, 1008.14, 22179.00, 266148.00, 133074.00, NULL, '2018-11-23 03:28:23', '2018-11-23 03:28:23', NULL, NULL),
	(13, 36, 'COS1001', NULL, 10, 1.20, -1039.65, 9, NULL, 1822.05, 40085.00, 481020.00, 240510.00, NULL, '2018-11-23 03:28:57', '2018-11-23 03:28:57', NULL, NULL),
	(14, 40, 'COS1006', NULL, 10, 0.54, -1040.75, 9, NULL, 831.00, 18282.00, 219384.00, 109692.00, NULL, '2018-11-23 03:29:11', '2018-11-23 03:29:11', NULL, NULL),
	(15, 70, 'COS1017', NULL, 10, 0.51, -1040.80, 9, NULL, 784.27, 17254.00, 207048.00, 103524.00, NULL, '2018-11-23 03:29:24', '2018-11-23 03:29:24', NULL, NULL),
	(16, 41, 'COS1007', NULL, 10, 0.54, -1040.75, 9, NULL, 831.00, 18282.00, 219384.00, 109692.00, NULL, '2018-11-23 03:29:38', '2018-11-23 03:29:38', NULL, NULL),
	(17, 42, 'COS1008', NULL, 10, 0.78, -1040.35, 9, NULL, 1192.00, 26224.00, 314688.00, 157344.00, NULL, '2018-11-23 03:29:51', '2018-11-23 03:29:51', NULL, NULL),
	(18, 73, 'COS1010', NULL, 10, 0.54, -1040.75, 9, NULL, 831.00, 18282.00, 219384.00, 109692.00, NULL, '2018-11-23 03:30:09', '2018-11-23 03:30:09', NULL, NULL),
	(19, 75, 'COS1018', NULL, 10, 0.51, -1040.80, 9, NULL, 784.27, 17254.00, 207048.00, 103524.00, NULL, '2018-11-23 03:30:22', '2018-11-23 03:30:22', NULL, NULL);
/*!40000 ALTER TABLE `pms_nonplantilla_employeeinfo` ENABLE KEYS */;

-- Dumping structure for table mwss.pms_nonplantilla_transactions
DROP TABLE IF EXISTS `pms_nonplantilla_transactions`;
CREATE TABLE IF NOT EXISTS `pms_nonplantilla_transactions` (
  `id` int(11) NOT NULL AUTO_INCREMENT,
  `employee_number` varchar(225) DEFAULT NULL,
  `employee_id` int(11) DEFAULT NULL,
  `salaryinfo_id` int(11) DEFAULT NULL,
  `division_id` int(11) DEFAULT NULL,
  `company_id` int(11) DEFAULT NULL,
  `position_item_id` int(11) DEFAULT NULL,
  `office_id` int(11) DEFAULT NULL,
  `department_id` int(11) DEFAULT NULL,
  `position_id` int(11) DEFAULT NULL,
  `employee_status_id` int(11) DEFAULT NULL,
  `employeeinfo_id` int(11) DEFAULT NULL,
  `actual_basicpay_amount` decimal(9,2) DEFAULT NULL,
  `adjust_basicpay_amount` decimal(9,2) DEFAULT NULL,
  `total_basicpay_amount` decimal(9,2) DEFAULT NULL,
  `actual_absences_amount` decimal(9,2) DEFAULT NULL,
  `adjust_absences_amount` decimal(9,2) DEFAULT NULL,
  `total_absences_amount` decimal(9,2) DEFAULT NULL,
  `actual_tardiness_amount` decimal(9,2) DEFAULT NULL,
  `adjust_tardiness_amount` decimal(9,2) DEFAULT NULL,
  `total_tardiness_amount` decimal(9,2) DEFAULT NULL,
  `actual_undertime_amount` decimal(9,2) DEFAULT NULL,
  `adjust_undertime_amount` decimal(9,2) DEFAULT NULL,
  `total_undertime_amount` decimal(9,2) DEFAULT NULL,
  `monthly_rate_amount` decimal(9,2) DEFAULT NULL,
  `annual_rate_amount` decimal(9,2) DEFAULT NULL,
  `basic_net_pay` decimal(9,2) DEFAULT NULL,
  `actual_contribution` decimal(9,2) DEFAULT NULL,
  `adjust_contribution` decimal(9,2) DEFAULT NULL,
  `total_contribution` decimal(9,2) DEFAULT NULL,
  `actual_loan` decimal(9,2) DEFAULT NULL,
  `adjust_loan` decimal(9,2) DEFAULT NULL,
  `total_loan` decimal(9,2) DEFAULT NULL,
  `actual_otherdeduct` decimal(9,2) DEFAULT NULL,
  `adjust_otherdeduct` decimal(9,2) DEFAULT NULL,
  `total_otherdeduct` decimal(9,2) DEFAULT NULL,
  `net_deduction` decimal(9,2) DEFAULT NULL,
  `tax_rate_amount_one` decimal(9,2) DEFAULT NULL,
  `tax_rate_amount_two` decimal(9,2) DEFAULT NULL,
  `allowances` decimal(9,2) DEFAULT NULL,
  `gross_pay` decimal(9,2) DEFAULT NULL,
  `gross_taxable_pay` decimal(9,2) DEFAULT NULL,
  `actual_workdays` int(11) DEFAULT NULL,
  `adjust_workdays` int(11) DEFAULT NULL,
  `actual_absences` int(11) DEFAULT NULL,
  `adjust_absences` int(11) DEFAULT NULL,
  `actual_tardiness` int(11) DEFAULT NULL,
  `adjust_tardiness` int(11) DEFAULT NULL,
  `actual_undertime` int(11) DEFAULT NULL,
  `adjust_undertime` int(11) DEFAULT NULL,
  `net_pay` decimal(9,2) DEFAULT NULL,
  `pay_period` varchar(225) DEFAULT NULL,
  `sub_pay_period` varchar(225) DEFAULT NULL,
  `hold` int(11) DEFAULT NULL,
  `year` varchar(225) DEFAULT NULL,
  `month` varchar(225) DEFAULT NULL,
  `created_at` timestamp NULL DEFAULT NULL,
  `updated_at` timestamp NULL DEFAULT NULL,
  `updated_by` int(11) DEFAULT NULL,
  PRIMARY KEY (`id`)
) ENGINE=InnoDB AUTO_INCREMENT=20 DEFAULT CHARSET=latin1;

-- Dumping data for table mwss.pms_nonplantilla_transactions: ~0 rows (approximately)
/*!40000 ALTER TABLE `pms_nonplantilla_transactions` DISABLE KEYS */;
INSERT INTO `pms_nonplantilla_transactions` (`id`, `employee_number`, `employee_id`, `salaryinfo_id`, `division_id`, `company_id`, `position_item_id`, `office_id`, `department_id`, `position_id`, `employee_status_id`, `employeeinfo_id`, `actual_basicpay_amount`, `adjust_basicpay_amount`, `total_basicpay_amount`, `actual_absences_amount`, `adjust_absences_amount`, `total_absences_amount`, `actual_tardiness_amount`, `adjust_tardiness_amount`, `total_tardiness_amount`, `actual_undertime_amount`, `adjust_undertime_amount`, `total_undertime_amount`, `monthly_rate_amount`, `annual_rate_amount`, `basic_net_pay`, `actual_contribution`, `adjust_contribution`, `total_contribution`, `actual_loan`, `adjust_loan`, `total_loan`, `actual_otherdeduct`, `adjust_otherdeduct`, `total_otherdeduct`, `net_deduction`, `tax_rate_amount_one`, `tax_rate_amount_two`, `allowances`, `gross_pay`, `gross_taxable_pay`, `actual_workdays`, `adjust_workdays`, `actual_absences`, `adjust_absences`, `actual_tardiness`, `adjust_tardiness`, `actual_undertime`, `adjust_undertime`, `net_pay`, `pay_period`, `sub_pay_period`, `hold`, `year`, `month`, `created_at`, `updated_at`, `updated_by`) VALUES
	(1, NULL, 46, NULL, 4, NULL, 0, 3, 0, 29, 4, 1, NULL, NULL, NULL, NULL, NULL, NULL, NULL, NULL, NULL, NULL, NULL, NULL, 24940.08, 299280.96, NULL, NULL, NULL, NULL, NULL, NULL, NULL, NULL, NULL, NULL, NULL, 748.20, 0.00, NULL, 24940.08, NULL, 22, NULL, NULL, NULL, NULL, NULL, NULL, NULL, 24191.88, 'monthly', NULL, NULL, '2018', 'January', '2018-11-23 05:51:57', '2018-11-23 05:51:57', NULL),
	(2, NULL, 37, NULL, 0, NULL, 0, 0, 0, 0, 4, 2, NULL, NULL, NULL, NULL, NULL, NULL, NULL, NULL, NULL, NULL, NULL, NULL, 18282.00, 219384.00, NULL, NULL, NULL, NULL, NULL, NULL, NULL, NULL, NULL, NULL, NULL, 548.46, 0.00, NULL, 18282.00, NULL, 22, NULL, NULL, NULL, NULL, NULL, NULL, NULL, 17733.54, 'monthly', NULL, NULL, '2018', 'January', '2018-11-23 05:51:57', '2018-11-23 05:51:57', NULL),
	(3, NULL, 38, NULL, 0, NULL, 0, 0, 0, 0, 4, 3, NULL, NULL, NULL, NULL, NULL, NULL, NULL, NULL, NULL, NULL, NULL, NULL, 17253.94, 207047.28, NULL, NULL, NULL, NULL, NULL, NULL, NULL, NULL, NULL, NULL, NULL, 517.62, 0.00, NULL, 17253.94, NULL, 22, NULL, NULL, NULL, NULL, NULL, NULL, NULL, 16736.32, 'monthly', NULL, NULL, '2018', 'January', '2018-11-23 05:51:57', '2018-11-23 05:51:57', NULL),
	(4, NULL, 45, NULL, 0, NULL, 0, 0, 0, 0, 4, 4, NULL, NULL, NULL, NULL, NULL, NULL, NULL, NULL, NULL, NULL, NULL, NULL, 18282.00, 219384.00, NULL, NULL, NULL, NULL, NULL, NULL, NULL, NULL, NULL, NULL, NULL, 548.46, 0.00, NULL, 18282.00, NULL, 22, NULL, NULL, NULL, NULL, NULL, NULL, NULL, 17733.54, 'monthly', NULL, NULL, '2018', 'January', '2018-11-23 05:51:57', '2018-11-23 05:51:57', NULL),
	(5, NULL, 43, NULL, 0, NULL, 0, 0, 0, 0, 4, 5, NULL, NULL, NULL, NULL, NULL, NULL, NULL, NULL, NULL, NULL, NULL, NULL, 40085.10, 481021.20, NULL, NULL, NULL, NULL, NULL, NULL, NULL, NULL, NULL, NULL, NULL, 1202.55, 0.00, NULL, 40085.10, NULL, 22, NULL, NULL, NULL, NULL, NULL, NULL, NULL, 38882.55, 'monthly', NULL, NULL, '2018', 'January', '2018-11-23 05:51:57', '2018-11-23 05:51:57', NULL),
	(6, NULL, 54, NULL, 0, NULL, 0, 2, 0, 30, 4, 6, NULL, NULL, NULL, NULL, NULL, NULL, NULL, NULL, NULL, NULL, NULL, NULL, 31010.10, 372121.20, NULL, NULL, NULL, NULL, NULL, NULL, NULL, NULL, NULL, NULL, NULL, 930.30, 0.00, NULL, 31010.10, NULL, 22, NULL, NULL, NULL, NULL, NULL, NULL, NULL, 30079.80, 'monthly', NULL, NULL, '2018', 'January', '2018-11-23 05:51:57', '2018-11-23 05:51:57', NULL),
	(7, NULL, 39, NULL, 0, NULL, 0, 0, 0, 0, 4, 7, NULL, NULL, NULL, NULL, NULL, NULL, NULL, NULL, NULL, NULL, NULL, NULL, 17253.94, 207047.28, NULL, NULL, NULL, NULL, NULL, NULL, NULL, NULL, NULL, NULL, NULL, 517.62, 0.00, NULL, 17253.94, NULL, 22, NULL, NULL, NULL, NULL, NULL, NULL, NULL, 16736.32, 'monthly', NULL, NULL, '2018', 'January', '2018-11-23 05:51:57', '2018-11-23 05:51:57', NULL),
	(8, NULL, 57, NULL, 0, NULL, 0, 4, 0, 57, 4, 8, NULL, NULL, NULL, NULL, NULL, NULL, NULL, NULL, NULL, NULL, NULL, NULL, 17253.94, 207047.28, NULL, NULL, NULL, NULL, NULL, NULL, NULL, NULL, NULL, NULL, NULL, 517.62, 0.00, NULL, 17253.94, NULL, 22, NULL, NULL, NULL, NULL, NULL, NULL, NULL, 16736.32, 'monthly', NULL, NULL, '2018', 'January', '2018-11-23 05:51:57', '2018-11-23 05:51:57', NULL),
	(9, NULL, 62, NULL, 0, NULL, 0, 3, 0, 57, 4, 9, NULL, NULL, NULL, NULL, NULL, NULL, NULL, NULL, NULL, NULL, NULL, NULL, 17253.94, 207047.28, NULL, NULL, NULL, NULL, NULL, NULL, NULL, NULL, NULL, NULL, NULL, 517.62, 0.00, NULL, 17253.94, NULL, 22, NULL, NULL, NULL, NULL, NULL, NULL, NULL, 16736.32, 'monthly', NULL, NULL, '2018', 'January', '2018-11-23 05:51:57', '2018-11-23 05:51:57', NULL),
	(10, NULL, 67, NULL, 0, NULL, 0, 5, 0, 57, 4, 10, NULL, NULL, NULL, NULL, NULL, NULL, NULL, NULL, NULL, NULL, NULL, NULL, 17253.94, 207047.28, NULL, NULL, NULL, NULL, NULL, NULL, NULL, NULL, NULL, NULL, NULL, 517.62, 0.00, NULL, 17253.94, NULL, 22, NULL, NULL, NULL, NULL, NULL, NULL, NULL, 16736.32, 'monthly', NULL, NULL, '2018', 'January', '2018-11-23 05:51:57', '2018-11-23 05:51:57', NULL),
	(11, NULL, 44, NULL, 0, NULL, 0, 0, 0, 0, 4, 11, NULL, NULL, NULL, NULL, NULL, NULL, NULL, NULL, NULL, NULL, NULL, NULL, 18282.00, 219384.00, NULL, NULL, NULL, NULL, NULL, NULL, NULL, NULL, NULL, NULL, NULL, 548.46, 0.00, NULL, 18282.00, NULL, 22, NULL, NULL, NULL, NULL, NULL, NULL, NULL, 17733.54, 'monthly', NULL, NULL, '2018', 'January', '2018-11-23 05:51:57', '2018-11-23 05:51:57', NULL),
	(12, NULL, 68, NULL, 0, NULL, 0, 2, 0, 30, 4, 12, NULL, NULL, NULL, NULL, NULL, NULL, NULL, NULL, NULL, NULL, NULL, NULL, 22179.08, 266148.96, NULL, NULL, NULL, NULL, NULL, NULL, NULL, NULL, NULL, NULL, NULL, 665.37, 0.00, NULL, 22179.08, NULL, 22, NULL, NULL, NULL, NULL, NULL, NULL, NULL, 21513.71, 'monthly', NULL, NULL, '2018', 'January', '2018-11-23 05:51:57', '2018-11-23 05:51:57', NULL),
	(13, NULL, 36, NULL, 0, NULL, 0, 0, 0, 0, 4, 13, NULL, NULL, NULL, NULL, NULL, NULL, NULL, NULL, NULL, NULL, NULL, NULL, 40085.10, 481021.20, NULL, NULL, NULL, NULL, NULL, NULL, NULL, NULL, NULL, NULL, NULL, 1202.55, 0.00, NULL, 40085.10, NULL, 22, NULL, NULL, NULL, NULL, NULL, NULL, NULL, 38882.55, 'monthly', NULL, NULL, '2018', 'January', '2018-11-23 05:51:57', '2018-11-23 05:51:57', NULL),
	(14, NULL, 40, NULL, 0, NULL, 0, 0, 0, 0, 4, 14, NULL, NULL, NULL, NULL, NULL, NULL, NULL, NULL, NULL, NULL, NULL, NULL, 18282.00, 219384.00, NULL, NULL, NULL, NULL, NULL, NULL, NULL, NULL, NULL, NULL, NULL, 548.46, 0.00, NULL, 18282.00, NULL, 22, NULL, NULL, NULL, NULL, NULL, NULL, NULL, 17733.54, 'monthly', NULL, NULL, '2018', 'January', '2018-11-23 05:51:57', '2018-11-23 05:51:57', NULL),
	(15, NULL, 70, NULL, 0, NULL, 0, 1, 0, 57, 4, 15, NULL, NULL, NULL, NULL, NULL, NULL, NULL, NULL, NULL, NULL, NULL, NULL, 17253.94, 207047.28, NULL, NULL, NULL, NULL, NULL, NULL, NULL, NULL, NULL, NULL, NULL, 517.62, 0.00, NULL, 17253.94, NULL, 22, NULL, NULL, NULL, NULL, NULL, NULL, NULL, 16736.32, 'monthly', NULL, NULL, '2018', 'January', '2018-11-23 05:51:57', '2018-11-23 05:51:57', NULL),
	(16, NULL, 41, NULL, 0, NULL, 0, 0, 0, 0, 4, 16, NULL, NULL, NULL, NULL, NULL, NULL, NULL, NULL, NULL, NULL, NULL, NULL, 18282.00, 219384.00, NULL, NULL, NULL, NULL, NULL, NULL, NULL, NULL, NULL, NULL, NULL, 548.46, 0.00, NULL, 18282.00, NULL, 22, NULL, NULL, NULL, NULL, NULL, NULL, NULL, 17733.54, 'monthly', NULL, NULL, '2018', 'January', '2018-11-23 05:51:57', '2018-11-23 05:51:57', NULL),
	(17, NULL, 42, NULL, 0, NULL, 0, 0, 0, 0, 4, 17, NULL, NULL, NULL, NULL, NULL, NULL, NULL, NULL, NULL, NULL, NULL, NULL, 26224.00, 314688.00, NULL, NULL, NULL, NULL, NULL, NULL, NULL, NULL, NULL, NULL, NULL, 786.72, 0.00, NULL, 26224.00, NULL, 22, NULL, NULL, NULL, NULL, NULL, NULL, NULL, 25437.28, 'monthly', NULL, NULL, '2018', 'January', '2018-11-23 05:51:57', '2018-11-23 05:51:57', NULL),
	(18, NULL, 73, NULL, 0, NULL, 0, 3, 0, 29, 4, 18, NULL, NULL, NULL, NULL, NULL, NULL, NULL, NULL, NULL, NULL, NULL, NULL, 18282.00, 219384.00, NULL, NULL, NULL, NULL, NULL, NULL, NULL, NULL, NULL, NULL, NULL, 548.46, 0.00, NULL, 18282.00, NULL, 22, NULL, NULL, NULL, NULL, NULL, NULL, NULL, 17733.54, 'monthly', NULL, NULL, '2018', 'January', '2018-11-23 05:51:57', '2018-11-23 05:51:57', NULL),
	(19, NULL, 75, NULL, 0, NULL, 0, 2, 0, 57, 4, 19, NULL, NULL, NULL, NULL, NULL, NULL, NULL, NULL, NULL, NULL, NULL, NULL, 17253.94, 207047.28, NULL, NULL, NULL, NULL, NULL, NULL, NULL, NULL, NULL, NULL, NULL, 517.62, 0.00, NULL, 17253.94, NULL, 22, NULL, NULL, NULL, NULL, NULL, NULL, NULL, 16736.32, 'monthly', NULL, NULL, '2018', 'January', '2018-11-23 05:51:57', '2018-11-23 05:51:57', NULL);
/*!40000 ALTER TABLE `pms_nonplantilla_transactions` ENABLE KEYS */;

-- Dumping structure for table mwss.pms_offices
DROP TABLE IF EXISTS `pms_offices`;
CREATE TABLE IF NOT EXISTS `pms_offices` (
  `id` int(11) NOT NULL AUTO_INCREMENT,
  `code` varchar(50) DEFAULT NULL,
  `name` varchar(225) DEFAULT NULL,
  `created_at` timestamp NULL DEFAULT NULL,
  `updated_at` timestamp NULL DEFAULT NULL,
  `created_by` int(11) DEFAULT NULL,
  `updated_by` int(11) DEFAULT NULL,
  PRIMARY KEY (`id`)
) ENGINE=InnoDB AUTO_INCREMENT=20 DEFAULT CHARSET=latin1;

-- Dumping data for table mwss.pms_offices: ~19 rows (approximately)
/*!40000 ALTER TABLE `pms_offices` DISABLE KEYS */;
INSERT INTO `pms_offices` (`id`, `code`, `name`, `created_at`, `updated_at`, `created_by`, `updated_by`) VALUES
	(1, NULL, 'Office of the Chairman', NULL, NULL, NULL, NULL),
	(2, NULL, 'Administrative Office', NULL, NULL, NULL, NULL),
	(3, NULL, 'Finance and Planning Management Office', NULL, NULL, NULL, NULL),
	(4, NULL, 'Competition Enforcement Office', NULL, NULL, NULL, NULL),
	(5, NULL, 'Mergers and Acquisitions Office', NULL, NULL, NULL, NULL),
	(6, 'EO', 'Economics Office', NULL, '2018-07-25 05:15:56', NULL, 2),
	(7, NULL, 'Communications and Knowledge Management Office', NULL, NULL, NULL, NULL),
	(8, NULL, 'Legal Office', NULL, NULL, NULL, NULL),
	(9, NULL, 'Office of the Executive Director', NULL, NULL, NULL, NULL),
	(10, NULL, 'Policy Research and Knowledge Management Office', NULL, NULL, NULL, NULL),
	(11, NULL, 'Administrative and Legal Offfice', NULL, NULL, NULL, NULL),
	(12, NULL, 'Financial&#44; Planning and Management Office', NULL, NULL, NULL, NULL),
	(13, NULL, 'Corporate Planning and Management Division', NULL, NULL, NULL, NULL),
	(14, NULL, 'Office of Comm JRB', NULL, NULL, NULL, NULL),
	(15, NULL, 'Office of Comm SAQ', NULL, NULL, NULL, NULL),
	(16, NULL, 'Office of Comm ERB', NULL, NULL, NULL, NULL),
	(17, NULL, 'Office of Comm ACA', NULL, NULL, NULL, NULL),
	(18, NULL, 'Office of Commissioner Stella Luz A. Quimbo', NULL, NULL, NULL, NULL),
	(19, NULL, 'Office of Commissioner Amabelle C. Asuncion', NULL, NULL, NULL, NULL);
/*!40000 ALTER TABLE `pms_offices` ENABLE KEYS */;

-- Dumping structure for table mwss.pms_overtime
DROP TABLE IF EXISTS `pms_overtime`;
CREATE TABLE IF NOT EXISTS `pms_overtime` (
  `id` int(11) NOT NULL AUTO_INCREMENT,
  `employee_id` int(11) DEFAULT NULL,
  `employee_number` varchar(225) DEFAULT NULL,
  `previous_balance` decimal(9,2) DEFAULT NULL,
  `used_amount` decimal(9,2) DEFAULT NULL,
  `available_balance` decimal(9,2) DEFAULT NULL,
  `actual_regular_overtime` decimal(9,2) DEFAULT NULL,
  `adjust_regular_overtime` decimal(9,2) DEFAULT NULL,
  `total_regular_amount` decimal(9,2) DEFAULT NULL,
  `actual_special_overtime` decimal(9,2) DEFAULT NULL,
  `adjust_special_overtime` decimal(9,2) DEFAULT NULL,
  `total_special_amount` decimal(9,2) DEFAULT NULL,
  `actual_regular_holiday_overtime` decimal(9,2) DEFAULT NULL,
  `adjust_regular_holiday_overtime` decimal(9,2) DEFAULT NULL,
  `total_regular_holiday_amount` decimal(9,2) DEFAULT NULL,
  `total_overtime_amount` decimal(9,2) DEFAULT NULL,
  `year` varchar(50) DEFAULT NULL,
  `month` varchar(50) DEFAULT NULL,
  `pay_period` varchar(50) DEFAULT NULL,
  `sub_pay_period` varchar(50) DEFAULT NULL,
  `status` varchar(50) DEFAULT NULL,
  `created_at` timestamp NULL DEFAULT NULL,
  `updated_at` timestamp NULL DEFAULT NULL,
  `created_by` int(11) DEFAULT NULL,
  `updated_by` int(11) DEFAULT NULL,
  PRIMARY KEY (`id`)
) ENGINE=InnoDB AUTO_INCREMENT=9 DEFAULT CHARSET=latin1;

-- Dumping data for table mwss.pms_overtime: ~8 rows (approximately)
/*!40000 ALTER TABLE `pms_overtime` DISABLE KEYS */;
INSERT INTO `pms_overtime` (`id`, `employee_id`, `employee_number`, `previous_balance`, `used_amount`, `available_balance`, `actual_regular_overtime`, `adjust_regular_overtime`, `total_regular_amount`, `actual_special_overtime`, `adjust_special_overtime`, `total_special_amount`, `actual_regular_holiday_overtime`, `adjust_regular_holiday_overtime`, `total_regular_holiday_amount`, `total_overtime_amount`, `year`, `month`, `pay_period`, `sub_pay_period`, `status`, `created_at`, `updated_at`, `created_by`, `updated_by`) VALUES
	(1, 61, NULL, 149640.48, 1771.31, 147868.69, 50.00, NULL, 1771.31, NULL, NULL, 0.00, NULL, NULL, 0.00, 1771.31, '2018', 'January', 'monthly', NULL, 'nonplantilla', '2018-09-03 11:54:12', '2018-09-03 11:55:31', NULL, NULL),
	(2, 24, NULL, 357582.00, 5079.29, 352502.71, 120.00, NULL, 5079.29, NULL, NULL, 0.00, NULL, NULL, 0.00, 5079.29, '2018', 'January', 'monthly', NULL, 'plantilla', '2018-09-03 11:54:17', '2018-09-03 11:54:45', NULL, NULL),
	(3, 31, NULL, 604248.00, 7152.56, 597095.44, 100.00, NULL, 7152.56, NULL, NULL, 0.00, NULL, NULL, 0.00, 7152.56, '2018', 'January', 'monthly', NULL, 'plantilla', '2018-09-03 11:54:17', '2018-09-03 11:54:52', NULL, NULL),
	(4, 64, NULL, 109692.00, 129.84, 109562.16, 5.00, NULL, 129.84, NULL, NULL, 0.00, NULL, NULL, 0.00, 129.84, '2018', 'January', 'monthly', NULL, 'nonplantilla', '2018-09-03 11:55:12', '2018-09-03 11:55:49', NULL, NULL),
	(5, 65, NULL, 103523.64, 245.08, 103277.92, 10.00, NULL, 245.08, NULL, NULL, 0.00, NULL, NULL, 0.00, 245.08, '2018', 'January', 'monthly', NULL, 'nonplantilla', '2018-09-03 11:55:16', '2018-09-03 11:55:41', NULL, NULL),
	(6, 3, NULL, 256380.00, NULL, NULL, NULL, NULL, NULL, NULL, NULL, NULL, NULL, NULL, NULL, NULL, '2018', 'January', 'monthly', NULL, NULL, '2018-11-10 10:23:38', '2018-11-10 10:23:38', NULL, NULL),
	(7, 3, NULL, 256380.00, 3641.76, 252738.24, 120.00, NULL, 3641.76, NULL, NULL, 0.00, NULL, NULL, 0.00, 3641.76, '2018', 'January', 'monthly', NULL, NULL, '2018-11-10 10:23:55', '2018-11-10 10:23:55', NULL, NULL),
	(8, 24, NULL, 357582.00, 8465.48, 349116.52, 200.00, NULL, 8465.48, NULL, NULL, 0.00, NULL, NULL, 0.00, 8465.48, '2018', 'January', 'monthly', NULL, NULL, '2018-11-22 13:45:39', '2018-11-22 13:45:39', NULL, NULL);
/*!40000 ALTER TABLE `pms_overtime` ENABLE KEYS */;

-- Dumping structure for table mwss.pms_pagibigpolicy
DROP TABLE IF EXISTS `pms_pagibigpolicy`;
CREATE TABLE IF NOT EXISTS `pms_pagibigpolicy` (
  `id` int(11) NOT NULL AUTO_INCREMENT,
  `policy_name` varchar(225) DEFAULT NULL,
  `pay_period` varchar(225) DEFAULT NULL,
  `deduction_period` varchar(225) DEFAULT NULL,
  `policy_type` varchar(225) DEFAULT NULL,
  `based_on` varchar(225) DEFAULT NULL,
  `value` decimal(9,2) DEFAULT NULL,
  `remarks` varchar(225) DEFAULT NULL,
  `created_at` timestamp NULL DEFAULT NULL,
  `updated_at` timestamp NULL DEFAULT NULL,
  `updated_by` int(11) DEFAULT NULL,
  PRIMARY KEY (`id`)
) ENGINE=InnoDB AUTO_INCREMENT=3 DEFAULT CHARSET=latin1;

-- Dumping data for table mwss.pms_pagibigpolicy: ~0 rows (approximately)
/*!40000 ALTER TABLE `pms_pagibigpolicy` DISABLE KEYS */;
INSERT INTO `pms_pagibigpolicy` (`id`, `policy_name`, `pay_period`, `deduction_period`, `policy_type`, `based_on`, `value`, `remarks`, `created_at`, `updated_at`, `updated_by`) VALUES
	(2, 'STANDARD POLICY', NULL, 'Both', 'System Generated', 'Monthly Salary', NULL, NULL, '2018-06-21 03:12:28', '2018-06-21 03:12:28', NULL);
/*!40000 ALTER TABLE `pms_pagibigpolicy` ENABLE KEYS */;

-- Dumping structure for table mwss.pms_payroll_information
DROP TABLE IF EXISTS `pms_payroll_information`;
CREATE TABLE IF NOT EXISTS `pms_payroll_information` (
  `id` int(11) NOT NULL AUTO_INCREMENT,
  `bp_no` varchar(225) DEFAULT NULL,
  `employee_id` int(11) DEFAULT NULL,
  `employee_number` varchar(225) DEFAULT NULL,
  `gsispolicy_id` int(11) DEFAULT NULL,
  `pagibigpolicy_id` int(11) DEFAULT NULL,
  `philhealthpolicy_id` int(11) DEFAULT NULL,
  `taxpolicy_id` int(11) DEFAULT NULL,
  `bank_id` int(11) DEFAULT NULL,
  `bankbranch_id` int(11) DEFAULT NULL,
  `wagestatus_id` int(11) DEFAULT NULL,
  `providentfund_id` int(11) DEFAULT NULL,
  `daily_rate_amount` decimal(9,2) DEFAULT NULL,
  `monthly_rate_amount` decimal(9,2) DEFAULT NULL,
  `annual_rate_amount` decimal(9,2) DEFAULT NULL,
  `pagibig_contribution` decimal(9,2) DEFAULT NULL,
  `er_pagibig_share` decimal(9,2) DEFAULT NULL,
  `philhealth_contribution` decimal(9,2) DEFAULT NULL,
  `er_philhealth_share` decimal(9,2) DEFAULT NULL,
  `gsis_contribution` decimal(9,2) DEFAULT NULL,
  `er_gsis_share` decimal(9,2) DEFAULT NULL,
  `tax_contribution` decimal(9,2) DEFAULT NULL,
  `overtime_balance_amount` decimal(9,2) DEFAULT NULL,
  `atm_no` varchar(225) DEFAULT NULL,
  `pagibig2` decimal(9,2) DEFAULT NULL,
  `pagibig_personal` decimal(9,2) DEFAULT NULL,
  `no_ofdays_inayear` int(11) DEFAULT NULL,
  `no_ofdays_inamonth` int(11) DEFAULT NULL,
  `total_hours_inaday` int(11) DEFAULT NULL,
  `tax_payperiod` varchar(255) DEFAULT NULL,
  `tax_bracket` varchar(255) DEFAULT NULL,
  `tax_bracket_amount` decimal(9,2) DEFAULT NULL,
  `tax_inexcess` decimal(9,2) DEFAULT NULL,
  `union_dues` decimal(9,2) DEFAULT NULL,
  `mid_year_bonus` tinyint(4) DEFAULT NULL,
  `year_end_bonus` tinyint(4) DEFAULT NULL,
  `tax_id_number` varchar(225) DEFAULT NULL,
  `created_at` timestamp NULL DEFAULT NULL,
  `updated_at` timestamp NULL DEFAULT NULL,
  `updated_by` int(11) DEFAULT NULL,
  PRIMARY KEY (`id`)
) ENGINE=InnoDB AUTO_INCREMENT=60 DEFAULT CHARSET=latin1;

-- Dumping data for table mwss.pms_payroll_information: ~59 rows (approximately)
/*!40000 ALTER TABLE `pms_payroll_information` DISABLE KEYS */;
INSERT INTO `pms_payroll_information` (`id`, `bp_no`, `employee_id`, `employee_number`, `gsispolicy_id`, `pagibigpolicy_id`, `philhealthpolicy_id`, `taxpolicy_id`, `bank_id`, `bankbranch_id`, `wagestatus_id`, `providentfund_id`, `daily_rate_amount`, `monthly_rate_amount`, `annual_rate_amount`, `pagibig_contribution`, `er_pagibig_share`, `philhealth_contribution`, `er_philhealth_share`, `gsis_contribution`, `er_gsis_share`, `tax_contribution`, `overtime_balance_amount`, `atm_no`, `pagibig2`, `pagibig_personal`, `no_ofdays_inayear`, `no_ofdays_inamonth`, `total_hours_inaday`, `tax_payperiod`, `tax_bracket`, `tax_bracket_amount`, `tax_inexcess`, `union_dues`, `mid_year_bonus`, `year_end_bonus`, `tax_id_number`, `created_at`, `updated_at`, `updated_by`) VALUES
	(1, NULL, 17, NULL, 1, 2, 2, 2, NULL, NULL, NULL, NULL, 1942.27, 42730.00, 512760.00, 100.00, 100.00, 550.00, 550.00, 3845.70, 5127.60, 4849.25, 256380.00, NULL, 0.00, 0.00, NULL, NULL, NULL, NULL, '33333', 2500.00, 9397.00, NULL, NULL, NULL, NULL, '2018-11-23 04:02:25', '2018-11-23 04:02:25', NULL),
	(2, '2004642387', 22, '115', 1, 2, 2, 2, NULL, NULL, NULL, NULL, 2708.95, 59597.00, 715164.00, 100.00, 100.00, 550.00, 550.00, 5363.73, 7151.64, 9066.00, 357582.00, NULL, 0.00, 0.00, NULL, NULL, NULL, NULL, NULL, 0.00, 0.00, NULL, NULL, NULL, NULL, '2018-11-23 04:06:12', '2018-11-23 05:49:53', NULL),
	(3, '2001099416', 47, '50', 1, 2, 2, 2, NULL, NULL, NULL, NULL, 5226.41, 114981.00, 1379772.00, 100.00, 100.00, 550.00, 550.00, 10348.29, 13797.72, 25327.53, 689886.00, NULL, 0.00, 0.00, NULL, NULL, NULL, NULL, '66667', 10833.33, 48314.00, NULL, NULL, NULL, NULL, '2018-11-23 04:06:20', '2018-11-23 04:06:20', NULL),
	(4, '2001099347', 10, '38', 1, 2, 2, 2, NULL, NULL, NULL, NULL, 4577.64, 100708.00, 1208496.00, 100.00, 100.00, 550.00, 550.00, 9063.72, 12084.96, 21045.63, 604248.00, NULL, 0.00, 0.00, NULL, NULL, NULL, NULL, '66667', 10833.33, 34041.00, NULL, NULL, NULL, NULL, '2018-11-23 04:06:32', '2018-11-23 04:06:32', NULL),
	(5, '2000940339', 30, '129', 1, 2, 2, 2, NULL, NULL, NULL, NULL, 2982.00, 65604.00, 787248.00, 100.00, 100.00, 550.00, 550.00, 5904.36, 7872.48, 10567.75, 393624.00, NULL, 0.00, 0.00, NULL, NULL, NULL, NULL, '33333', 2500.00, 32271.00, NULL, NULL, NULL, NULL, '2018-11-23 04:06:44', '2018-11-23 04:06:44', NULL),
	(6, '2004798467', 24, '120', 1, 2, 2, 2, NULL, NULL, NULL, NULL, 1731.14, 38085.00, 457020.00, 100.00, 100.00, 523.67, 523.67, 3427.65, 4570.20, 3688.00, 228510.00, NULL, 0.00, 0.00, NULL, NULL, NULL, NULL, '33333', 2500.00, 4752.00, NULL, NULL, NULL, NULL, '2018-11-23 04:06:53', '2018-11-23 04:06:53', NULL),
	(7, NULL, 35, NULL, 1, 2, 2, 2, NULL, NULL, NULL, NULL, 2668.95, 58717.00, 704604.00, 100.00, 100.00, 550.00, 550.00, 5284.53, 7046.04, 8846.00, 352302.00, NULL, 0.00, 0.00, NULL, NULL, NULL, NULL, '33333', 2500.00, 25384.00, NULL, NULL, NULL, NULL, '2018-11-23 04:07:01', '2018-11-23 04:07:01', NULL),
	(8, '2001099383', 48, '69', 1, 2, 2, 2, NULL, NULL, NULL, NULL, 722.50, 15895.00, 190740.00, 100.00, 100.00, 218.56, 218.56, 1430.55, 1907.40, 0.00, 95370.00, NULL, 0.00, 0.00, NULL, NULL, NULL, NULL, '0', 0.00, 15895.00, NULL, NULL, NULL, NULL, '2018-11-23 04:07:10', '2018-11-23 04:07:10', NULL),
	(9, '2001099172', 9, '37', 1, 2, 2, 2, NULL, NULL, NULL, NULL, 2875.09, 63252.00, 759024.00, 100.00, 100.00, 550.00, 550.00, 5692.68, 7590.24, 9979.75, 379512.00, NULL, 0.00, 0.00, NULL, NULL, NULL, NULL, '33333', 2500.00, 29919.00, NULL, NULL, NULL, NULL, '2018-11-23 04:10:37', '2018-11-23 04:10:37', NULL),
	(10, '2001099419', 5, '23', 1, 2, 2, 2, NULL, NULL, NULL, NULL, 2337.64, 51428.00, 617136.00, 100.00, 100.00, 550.00, 550.00, 4628.52, 6171.36, 7023.75, 308568.00, NULL, 0.00, 0.00, NULL, NULL, NULL, NULL, '33333', 2500.00, 18095.00, NULL, NULL, NULL, NULL, '2018-11-23 04:10:45', '2018-11-23 04:10:45', NULL),
	(11, '2004616647', 19, '110', 1, 2, 2, 2, NULL, NULL, NULL, NULL, 699.09, 15380.00, 184560.00, 100.00, 100.00, 211.47, 211.48, 1384.20, 1845.60, 0.00, 92280.00, NULL, 0.00, 0.00, NULL, NULL, NULL, NULL, '0', 0.00, 15380.00, NULL, NULL, NULL, NULL, '2018-11-23 04:10:53', '2018-11-23 04:10:53', NULL),
	(12, '2004760785', 23, '117', 1, 2, 2, 2, NULL, NULL, NULL, NULL, 693.36, 15254.00, 183048.00, 100.00, 100.00, 209.74, 209.74, 1372.86, 1830.48, 0.00, 91524.00, NULL, 0.00, 0.00, NULL, NULL, NULL, NULL, '0', 0.00, 15254.00, NULL, NULL, NULL, NULL, '2018-11-23 04:11:46', '2018-11-23 04:11:46', NULL),
	(13, '2005300399', 29, '128', 1, 2, 2, 2, NULL, NULL, NULL, NULL, 5226.41, 114981.00, 1379772.00, 100.00, 100.00, 550.00, 550.00, 10348.29, 13797.72, 25327.53, 689886.00, NULL, 0.00, 0.00, NULL, NULL, NULL, NULL, '66667', 10833.33, 48314.00, NULL, NULL, NULL, NULL, '2018-11-23 04:11:59', '2018-11-23 04:11:59', NULL),
	(14, '2005286179', 27, '126', 1, 2, 2, 2, NULL, NULL, NULL, NULL, 693.36, 15254.00, 183048.00, 100.00, 100.00, 209.74, 209.74, 1372.86, 1830.48, 0.00, 91524.00, NULL, 0.00, 0.00, NULL, NULL, NULL, NULL, '0', 0.00, 15254.00, NULL, NULL, NULL, NULL, '2018-11-23 04:12:07', '2018-11-23 04:12:07', NULL),
	(15, '2001099389', 49, '36', 1, 2, 2, 2, NULL, NULL, NULL, NULL, 1882.41, 41413.00, 496956.00, 100.00, 100.00, 569.43, 569.43, 3727.17, 4969.56, 4520.00, 248478.00, NULL, 0.00, 0.00, NULL, NULL, NULL, NULL, '33333', 2500.00, 8080.00, NULL, NULL, NULL, NULL, '2018-11-23 04:12:17', '2018-11-23 04:12:17', NULL),
	(16, '2001099101', 13, '59', 1, 2, 2, 2, NULL, NULL, NULL, NULL, 2235.64, 49184.00, 590208.00, 100.00, 100.00, 550.00, 550.00, 4426.56, 5902.08, 6462.75, 295104.00, NULL, 0.00, 0.00, NULL, NULL, NULL, NULL, '33333', 2500.00, 15851.00, NULL, NULL, NULL, NULL, '2018-11-23 04:12:34', '2018-11-23 04:12:34', NULL),
	(17, '2003991748', 50, '96', 1, 2, 2, 2, NULL, NULL, NULL, NULL, 2235.64, 49184.00, 590208.00, 100.00, 100.00, 550.00, 550.00, 4426.56, 5902.08, 6462.75, 295104.00, NULL, 0.00, 0.00, NULL, NULL, NULL, NULL, '33333', 2500.00, 15851.00, NULL, NULL, NULL, NULL, '2018-11-23 04:12:45', '2018-11-23 04:12:45', NULL),
	(18, '2001099343', 14, '61', 1, 2, 2, 2, NULL, NULL, NULL, NULL, 1551.36, 34130.00, 409560.00, 100.00, 100.00, 469.29, 469.29, 3071.70, 4095.60, 2699.25, 204780.00, NULL, 0.00, 0.00, NULL, NULL, NULL, NULL, '33333', 2500.00, 797.00, NULL, NULL, NULL, NULL, '2018-11-23 04:12:53', '2018-11-23 04:12:53', NULL),
	(19, '2005286351', 28, '127', 1, 2, 2, 2, NULL, NULL, NULL, NULL, 1731.14, 38085.00, 457020.00, 100.00, 100.00, 523.67, 523.67, 3427.65, 4570.20, 3688.00, 228510.00, NULL, 0.00, 0.00, NULL, NULL, NULL, NULL, '33333', 2500.00, 4752.00, NULL, NULL, NULL, NULL, '2018-11-23 04:13:03', '2018-11-23 04:13:03', NULL),
	(20, '2001099267', 7, '29', 1, 2, 2, 2, NULL, NULL, NULL, NULL, 2918.18, 64200.00, 770400.00, 100.00, 100.00, 550.00, 550.00, 5778.00, 7704.00, 10216.75, 385200.00, NULL, 0.00, 0.00, NULL, NULL, NULL, NULL, '33333', 2500.00, 30867.00, NULL, NULL, NULL, NULL, '2018-11-23 04:13:13', '2018-11-23 04:13:13', NULL),
	(21, '2004642401', 20, '113', 1, 2, 2, 2, NULL, NULL, NULL, NULL, 2424.59, 53341.00, 640092.00, 100.00, 100.00, 550.00, 550.00, 4800.69, 6400.92, 7502.00, 320046.00, NULL, 0.00, 0.00, NULL, NULL, NULL, NULL, '33333', 2500.00, 20008.00, NULL, NULL, NULL, NULL, '2018-11-23 04:13:24', '2018-11-23 04:13:24', NULL),
	(22, '2001099786', 51, '130', 1, 2, 2, 2, NULL, NULL, NULL, NULL, 1731.14, 38085.00, 457020.00, 100.00, 100.00, 523.67, 523.67, 3427.65, 4570.20, 3688.00, 228510.00, NULL, 0.00, 0.00, NULL, NULL, NULL, NULL, '33333', 2500.00, 4752.00, NULL, NULL, NULL, NULL, '2018-11-23 04:13:33', '2018-11-23 04:13:33', NULL),
	(23, '2001099341', 52, '72', 1, 2, 2, 2, NULL, NULL, NULL, NULL, 722.50, 15895.00, 190740.00, 100.00, 100.00, 218.56, 218.56, 1430.55, 1907.40, 0.00, 95370.00, NULL, 0.00, 0.00, NULL, NULL, NULL, NULL, '0', 0.00, 15895.00, NULL, NULL, NULL, NULL, '2018-11-23 04:13:42', '2018-11-23 04:13:42', NULL),
	(24, '2001099214', 8, '30', 1, 2, 2, 2, NULL, NULL, NULL, NULL, 4186.73, 92108.00, 1105296.00, 100.00, 100.00, 550.00, 550.00, 8289.72, 11052.96, 18465.63, 552648.00, NULL, 0.00, 0.00, NULL, NULL, NULL, NULL, '66667', 10833.33, 25441.00, NULL, NULL, NULL, NULL, '2018-11-23 04:13:52', '2018-11-23 04:13:52', NULL),
	(25, '2001099068', 11, '40', 1, 2, 2, 2, NULL, NULL, NULL, NULL, 4186.73, 92108.00, 1105296.00, 100.00, 100.00, 550.00, 550.00, 8289.72, 11052.96, 18465.63, 552648.00, NULL, 0.00, 0.00, NULL, NULL, NULL, NULL, '66667', 10833.33, 25441.00, NULL, NULL, NULL, NULL, '2018-11-23 04:14:02', '2018-11-23 04:14:02', NULL),
	(26, NULL, 34, NULL, 1, 2, 2, 2, NULL, NULL, NULL, NULL, 693.36, 15254.00, 183048.00, 100.00, 100.00, 209.74, 209.74, 1372.86, 1830.48, 0.00, 91524.00, NULL, 0.00, 0.00, NULL, NULL, NULL, NULL, '0', 0.00, 15254.00, NULL, NULL, NULL, NULL, '2018-11-23 04:14:10', '2018-11-23 04:14:10', NULL),
	(27, '2005324441', 53, '131', 1, 2, 2, 2, NULL, NULL, NULL, NULL, 2388.82, 52554.00, 630648.00, 100.00, 100.00, 550.00, 550.00, 4729.86, 6306.48, 7305.25, 315324.00, NULL, 0.00, 0.00, NULL, NULL, NULL, NULL, '33333', 2500.00, 19221.00, NULL, NULL, NULL, NULL, '2018-11-23 04:14:19', '2018-11-23 04:14:19', NULL),
	(28, NULL, 33, NULL, 1, 2, 2, 2, NULL, NULL, NULL, NULL, 1731.14, 38085.00, 457020.00, 100.00, 100.00, 523.67, 523.67, 3427.65, 4570.20, 3688.00, 228510.00, NULL, 0.00, 0.00, NULL, NULL, NULL, NULL, '33333', 2500.00, 4752.00, NULL, NULL, NULL, NULL, '2018-11-23 04:14:28', '2018-11-23 04:14:28', NULL),
	(29, '2004875973', 25, '121', 1, 2, 2, 2, NULL, NULL, NULL, NULL, 693.36, 15254.00, 183048.00, 100.00, 100.00, 209.74, 209.74, 1372.86, 1830.48, 0.00, 91524.00, NULL, 0.00, 0.00, NULL, NULL, NULL, NULL, '0', 0.00, 15254.00, NULL, NULL, NULL, NULL, '2018-11-23 04:14:36', '2018-11-23 04:14:36', NULL),
	(30, '2004985079', 55, '123', 1, 2, 2, 2, NULL, NULL, NULL, NULL, 5226.41, 114981.00, 1379772.00, 100.00, 100.00, 550.00, 550.00, 10348.29, 13797.72, 25327.53, 689886.00, NULL, 0.00, 0.00, NULL, NULL, NULL, NULL, '66667', 10833.33, 48314.00, NULL, NULL, NULL, NULL, '2018-11-23 04:14:46', '2018-11-23 04:14:46', NULL),
	(31, '2001099410', 56, '24', 1, 2, 2, 2, NULL, NULL, NULL, NULL, 1882.41, 41413.00, 496956.00, 100.00, 100.00, 569.43, 569.43, 3727.17, 4969.56, 4520.00, 248478.00, NULL, 0.00, 0.00, NULL, NULL, NULL, NULL, '33333', 2500.00, 8080.00, NULL, NULL, NULL, NULL, '2018-11-23 04:14:54', '2018-11-23 04:14:54', NULL),
	(32, '2001099304', 3, '21', 1, 2, 2, 2, NULL, NULL, NULL, NULL, 2832.64, 62318.00, 747816.00, 100.00, 100.00, 550.00, 550.00, 5608.62, 7478.16, 9746.25, 373908.00, NULL, 0.00, 0.00, NULL, NULL, NULL, NULL, '33333', 2500.00, 28985.00, NULL, NULL, NULL, NULL, '2018-11-23 04:15:03', '2018-11-23 04:15:03', NULL),
	(33, '2001099380', 6, '28', 1, 2, 2, 2, NULL, NULL, NULL, NULL, 2918.18, 64200.00, 770400.00, 100.00, 100.00, 550.00, 550.00, 5778.00, 7704.00, 10216.75, 385200.00, NULL, 0.00, 0.00, NULL, NULL, NULL, NULL, '33333', 2500.00, 30867.00, NULL, NULL, NULL, NULL, '2018-11-23 04:15:11', '2018-11-23 04:15:11', NULL),
	(34, '2001099109', 58, '70', 1, 2, 2, 2, NULL, NULL, NULL, NULL, 722.50, 15895.00, 190740.00, 100.00, 100.00, 218.56, 218.56, 1430.55, 1907.40, 0.00, 95370.00, NULL, 0.00, 0.00, NULL, NULL, NULL, NULL, '0', 0.00, 15895.00, NULL, NULL, NULL, NULL, '2018-11-23 04:15:20', '2018-11-23 04:15:20', NULL),
	(35, '2001099034', 16, '97', 1, 2, 2, 2, NULL, NULL, NULL, NULL, 1006.77, 22149.00, 265788.00, 100.00, 100.00, 304.55, 304.55, 1993.41, 2657.88, 263.20, 132894.00, NULL, 0.00, 0.00, NULL, NULL, NULL, NULL, '20833', 0.00, 1316.00, NULL, NULL, NULL, NULL, '2018-11-23 04:15:28', '2018-11-23 04:15:28', NULL),
	(36, '2001043796', 59, '133', 1, 2, 2, 2, NULL, NULL, NULL, NULL, 4186.73, 92108.00, 1105296.00, 100.00, 100.00, 550.00, 550.00, 8289.72, 11052.96, 18465.63, 552648.00, NULL, 0.00, 0.00, NULL, NULL, NULL, NULL, '66667', 10833.33, 25441.00, NULL, NULL, NULL, NULL, '2018-11-23 04:15:36', '2018-11-23 04:15:36', NULL),
	(37, '2005259968', 60, '125', 1, 2, 2, 2, NULL, NULL, NULL, NULL, 2982.00, 65604.00, 787248.00, 100.00, 100.00, 550.00, 550.00, 5904.36, 7872.48, 10567.75, 393624.00, NULL, 0.00, 0.00, NULL, NULL, NULL, NULL, '33333', 2500.00, 32271.00, NULL, NULL, NULL, NULL, '2018-11-23 04:15:44', '2018-11-23 04:15:44', NULL),
	(38, '2001099520', 61, '81', 1, 2, 2, 2, NULL, NULL, NULL, NULL, 2269.14, 49921.00, 599052.00, 100.00, 100.00, 550.00, 550.00, 4492.89, 5990.52, 6647.00, 299526.00, NULL, 0.00, 0.00, NULL, NULL, NULL, NULL, '33333', 2500.00, 16588.00, NULL, NULL, NULL, NULL, '2018-11-23 04:15:52', '2018-11-23 04:15:52', NULL),
	(39, '2004642402', 63, '112', 1, 2, 2, 2, NULL, NULL, NULL, NULL, 1318.64, 29010.00, 348120.00, 100.00, 100.00, 398.89, 398.89, 2610.90, 3481.20, 1635.40, 174060.00, NULL, 0.00, 0.00, NULL, NULL, NULL, NULL, '20833', 0.00, 8177.00, NULL, NULL, NULL, NULL, '2018-11-23 04:16:03', '2018-11-23 04:16:03', NULL),
	(40, '2001099100', 2, '15', 1, 2, 2, 2, NULL, NULL, NULL, NULL, 1731.14, 38085.00, 457020.00, 100.00, 100.00, 523.67, 523.67, 3427.65, 4570.20, 3688.00, 228510.00, NULL, 0.00, 0.00, NULL, NULL, NULL, NULL, '33333', 2500.00, 4752.00, NULL, NULL, NULL, NULL, '2018-11-23 04:16:12', '2018-11-23 04:16:12', NULL),
	(41, '2001099472', 4, '22', 1, 2, 2, 2, NULL, NULL, NULL, NULL, 693.36, 15254.00, 183048.00, 100.00, 100.00, 209.74, 209.74, 1372.86, 1830.48, 0.00, 91524.00, NULL, 0.00, 0.00, NULL, NULL, NULL, NULL, '0', 0.00, 15254.00, NULL, NULL, NULL, NULL, '2018-11-23 04:16:20', '2018-11-23 04:16:20', NULL),
	(42, '2001099215', 64, '118', 1, 2, 2, 2, NULL, NULL, NULL, NULL, 699.09, 15380.00, 184560.00, 100.00, 100.00, 211.47, 211.48, 1384.20, 1845.60, 0.00, 92280.00, NULL, 0.00, 0.00, NULL, NULL, NULL, NULL, '0', 0.00, 15380.00, NULL, NULL, NULL, NULL, '2018-11-23 04:16:30', '2018-11-23 04:16:30', NULL),
	(43, '2001099102', 15, '80', 1, 2, 2, 2, NULL, NULL, NULL, NULL, 4186.73, 92108.00, 1105296.00, 100.00, 100.00, 550.00, 550.00, 8289.72, 11052.96, 18465.63, 552648.00, NULL, 0.00, 0.00, NULL, NULL, NULL, NULL, '66667', 10833.33, 25441.00, NULL, NULL, NULL, NULL, '2018-11-23 04:16:39', '2018-11-23 04:16:39', NULL),
	(44, '2001099103', 65, '73', 1, 2, 2, 2, NULL, NULL, NULL, NULL, 722.50, 15895.00, 190740.00, 100.00, 100.00, 218.56, 218.56, 1430.55, 1907.40, 0.00, 95370.00, NULL, 0.00, 0.00, NULL, NULL, NULL, NULL, '0', 0.00, 15895.00, NULL, NULL, NULL, NULL, '2018-11-23 04:16:48', '2018-11-23 04:16:48', NULL),
	(45, '2001099572', 66, '12', 1, 2, 2, 2, NULL, NULL, NULL, NULL, 4646.23, 102217.00, 1226604.00, 100.00, 100.00, 550.00, 550.00, 9199.53, 12266.04, 21498.33, 613302.00, NULL, 0.00, 0.00, NULL, NULL, NULL, NULL, '66667', 10833.33, 35550.00, NULL, NULL, NULL, NULL, '2018-11-23 04:16:57', '2018-11-23 04:16:57', NULL),
	(46, '2004642404', 21, '114', 1, 2, 2, 2, NULL, NULL, NULL, NULL, 1942.27, 42730.00, 512760.00, 100.00, 100.00, 550.00, 550.00, 3845.70, 5127.60, 4849.25, 256380.00, NULL, 0.00, 0.00, NULL, NULL, NULL, NULL, '33333', 2500.00, 9397.00, NULL, NULL, NULL, NULL, '2018-11-23 04:17:06', '2018-11-23 04:17:06', NULL),
	(47, '2004875920', 26, '122', 1, 2, 2, 2, NULL, NULL, NULL, NULL, 1101.09, 24224.00, 290688.00, 100.00, 100.00, 333.08, 333.08, 2180.16, 2906.88, 678.20, 145344.00, NULL, 0.00, 0.00, NULL, NULL, NULL, NULL, '20833', 0.00, 3391.00, NULL, NULL, NULL, NULL, '2018-11-23 04:17:14', '2018-11-23 04:17:14', NULL),
	(48, '2001099414', 69, '33', 1, 2, 2, 2, NULL, NULL, NULL, NULL, 2961.91, 65162.00, 781944.00, 100.00, 100.00, 550.00, 550.00, 5864.58, 7819.44, 10457.25, 390972.00, NULL, 0.00, 0.00, NULL, NULL, NULL, NULL, '33333', 2500.00, 31829.00, NULL, NULL, NULL, NULL, '2018-11-23 04:17:23', '2018-11-23 04:17:23', NULL),
	(49, '2001099386', 1, '11', 1, 2, 2, 2, NULL, NULL, NULL, NULL, 1751.95, 38543.00, 462516.00, 100.00, 100.00, 529.97, 529.97, 3468.87, 4625.16, 3802.50, 231258.00, NULL, 0.00, 0.00, NULL, NULL, NULL, NULL, '33333', 2500.00, 5210.00, NULL, NULL, NULL, NULL, '2018-11-23 04:17:32', '2018-11-23 04:17:32', NULL),
	(50, '2003119253', 31, '132', 1, 2, 2, 2, NULL, NULL, NULL, NULL, 693.36, 15254.00, 183048.00, 100.00, 100.00, 209.74, 209.74, 1372.86, 1830.48, 0.00, 91524.00, NULL, 0.00, 0.00, NULL, NULL, NULL, NULL, '0', 0.00, 15254.00, NULL, NULL, NULL, NULL, '2018-11-23 04:17:40', '2018-11-23 04:17:40', NULL),
	(51, '2001099262', 71, '71', 1, 2, 2, 2, NULL, NULL, NULL, NULL, 801.23, 17627.00, 211524.00, 100.00, 100.00, 242.37, 242.37, 1586.43, 2115.24, 0.00, 105762.00, NULL, 0.00, 0.00, NULL, NULL, NULL, NULL, '0', 0.00, 17627.00, NULL, NULL, NULL, NULL, '2018-11-23 04:17:49', '2018-11-23 04:17:49', NULL),
	(52, '2001099527', 72, '85', 1, 2, 2, 2, NULL, NULL, NULL, NULL, 1731.14, 38085.00, 457020.00, 100.00, 100.00, 523.67, 523.67, 3427.65, 4570.20, 3688.00, 228510.00, NULL, 0.00, 0.00, NULL, NULL, NULL, NULL, '33333', 2500.00, 4752.00, NULL, NULL, NULL, NULL, '2018-11-23 04:17:57', '2018-11-23 04:17:57', NULL),
	(53, '2000860240', 74, '124', 1, 2, 2, 2, NULL, NULL, NULL, NULL, 5839.41, 128467.00, 1541604.00, 100.00, 100.00, 550.00, 550.00, 11562.03, 15416.04, 29373.33, 770802.00, NULL, 0.00, 0.00, NULL, NULL, NULL, NULL, '66667', 10833.33, 61800.00, NULL, NULL, NULL, NULL, '2018-11-23 04:18:07', '2018-11-23 04:18:07', NULL),
	(54, '2001099570', 76, '18', 1, 2, 2, 2, NULL, NULL, NULL, NULL, 2832.64, 62318.00, 747816.00, 100.00, 100.00, 550.00, 550.00, 5608.62, 7478.16, 9746.25, 373908.00, NULL, 0.00, 0.00, NULL, NULL, NULL, NULL, '33333', 2500.00, 28985.00, NULL, NULL, NULL, NULL, '2018-11-23 04:18:17', '2018-11-23 04:18:17', NULL),
	(55, NULL, 77, NULL, 1, 2, 2, 2, NULL, NULL, NULL, NULL, 693.36, 15254.00, 183048.00, 100.00, 100.00, 209.74, 209.74, 1372.86, 1830.48, 0.00, 91524.00, NULL, 0.00, 0.00, NULL, NULL, NULL, NULL, '0', 0.00, 15254.00, NULL, NULL, NULL, NULL, '2018-11-23 04:18:26', '2018-11-23 04:18:26', NULL),
	(56, '2004616661', 18, '109', 1, 2, 2, 2, NULL, NULL, NULL, NULL, 699.09, 15380.00, 184560.00, 100.00, 100.00, 211.47, 211.48, 1384.20, 1845.60, 0.00, 92280.00, NULL, 0.00, 0.00, NULL, NULL, NULL, NULL, '0', 0.00, 15380.00, NULL, NULL, NULL, NULL, '2018-11-23 04:18:33', '2018-11-23 04:18:33', NULL),
	(57, '2001099061', 12, '51', 1, 2, 2, 2, NULL, NULL, NULL, NULL, 1882.41, 41413.00, 496956.00, 100.00, 100.00, 569.43, 569.43, 3727.17, 4969.56, 4520.00, 248478.00, NULL, 0.00, 0.00, NULL, NULL, NULL, NULL, '33333', 2500.00, 8080.00, NULL, NULL, NULL, NULL, '2018-11-23 04:18:41', '2018-11-23 04:18:41', NULL),
	(58, NULL, 32, NULL, 1, 2, 2, 2, NULL, NULL, NULL, NULL, 4186.73, 92108.00, 1105296.00, 100.00, 100.00, 550.00, 550.00, 8289.72, 11052.96, 18465.63, 552648.00, NULL, 0.00, 0.00, NULL, NULL, NULL, NULL, '66667', 10833.33, 25441.00, NULL, NULL, NULL, NULL, '2018-11-23 04:18:48', '2018-11-23 04:18:48', NULL),
	(59, '2001099035', 78, '35', 1, 2, 2, 2, NULL, NULL, NULL, NULL, 2961.91, 65162.00, 781944.00, 100.00, 100.00, 550.00, 550.00, 5864.58, 7819.44, 10457.25, 390972.00, NULL, 0.00, 0.00, NULL, NULL, NULL, NULL, '33333', 2500.00, 31829.00, NULL, NULL, NULL, NULL, '2018-11-23 04:18:57', '2018-11-23 04:18:57', NULL);
/*!40000 ALTER TABLE `pms_payroll_information` ENABLE KEYS */;

-- Dumping structure for table mwss.pms_philhealthpolicy
DROP TABLE IF EXISTS `pms_philhealthpolicy`;
CREATE TABLE IF NOT EXISTS `pms_philhealthpolicy` (
  `id` int(11) NOT NULL AUTO_INCREMENT,
  `policy_name` varchar(225) DEFAULT NULL,
  `pay_period` varchar(225) DEFAULT NULL,
  `deduction_period` varchar(225) DEFAULT NULL,
  `policy_type` varchar(225) DEFAULT NULL,
  `based_on` varchar(225) DEFAULT NULL,
  `below` decimal(9,4) DEFAULT NULL,
  `above` decimal(9,2) DEFAULT NULL,
  `remarks` varchar(225) DEFAULT NULL,
  `created_at` timestamp NULL DEFAULT NULL,
  `updated_at` timestamp NULL DEFAULT NULL,
  `updated_by` int(11) DEFAULT NULL,
  PRIMARY KEY (`id`)
) ENGINE=InnoDB AUTO_INCREMENT=3 DEFAULT CHARSET=latin1;

-- Dumping data for table mwss.pms_philhealthpolicy: ~0 rows (approximately)
/*!40000 ALTER TABLE `pms_philhealthpolicy` DISABLE KEYS */;
INSERT INTO `pms_philhealthpolicy` (`id`, `policy_name`, `pay_period`, `deduction_period`, `policy_type`, `based_on`, `below`, `above`, `remarks`, `created_at`, `updated_at`, `updated_by`) VALUES
	(2, 'STANDARD POLICY', 'Monthly', 'Both', 'System Generated', 'Monthly Salary', 0.0275, 1100.00, NULL, '2018-06-14 05:47:40', '2018-06-21 03:12:52', NULL);
/*!40000 ALTER TABLE `pms_philhealthpolicy` ENABLE KEYS */;

-- Dumping structure for table mwss.pms_positionitem_setup
DROP TABLE IF EXISTS `pms_positionitem_setup`;
CREATE TABLE IF NOT EXISTS `pms_positionitem_setup` (
  `id` int(11) NOT NULL AUTO_INCREMENT,
  `employee_id` int(11) DEFAULT NULL,
  `positionitem_id` int(11) DEFAULT NULL,
  `position_id` int(11) DEFAULT NULL,
  `salarygrade_id` int(11) DEFAULT NULL,
  `jobgrade_id` int(11) DEFAULT NULL,
  `step_inc` varchar(225) DEFAULT NULL,
  `amount` decimal(9,2) DEFAULT NULL,
  `created_at` timestamp NULL DEFAULT NULL,
  `updated_at` timestamp NULL DEFAULT NULL,
  `updated_by` int(11) DEFAULT NULL,
  PRIMARY KEY (`id`)
) ENGINE=InnoDB DEFAULT CHARSET=latin1;

-- Dumping data for table mwss.pms_positionitem_setup: ~0 rows (approximately)
/*!40000 ALTER TABLE `pms_positionitem_setup` DISABLE KEYS */;
/*!40000 ALTER TABLE `pms_positionitem_setup` ENABLE KEYS */;

-- Dumping structure for table mwss.pms_positions
DROP TABLE IF EXISTS `pms_positions`;
CREATE TABLE IF NOT EXISTS `pms_positions` (
  `id` int(11) NOT NULL AUTO_INCREMENT,
  `code` varchar(50) DEFAULT NULL,
  `name` varchar(225) DEFAULT NULL,
  `created_at` timestamp NULL DEFAULT NULL,
  `updated_at` timestamp NULL DEFAULT NULL,
  `created_by` int(11) DEFAULT NULL,
  `updated_by` int(11) DEFAULT NULL,
  PRIMARY KEY (`id`)
) ENGINE=InnoDB AUTO_INCREMENT=45 DEFAULT CHARSET=latin1;

-- Dumping data for table mwss.pms_positions: ~44 rows (approximately)
/*!40000 ALTER TABLE `pms_positions` DISABLE KEYS */;
INSERT INTO `pms_positions` (`id`, `code`, `name`, `created_at`, `updated_at`, `created_by`, `updated_by`) VALUES
	(1, NULL, 'Admin. Officer III', NULL, NULL, NULL, NULL),
	(2, NULL, 'Administration Services Assistant', NULL, NULL, NULL, NULL),
	(3, NULL, 'Artist-Illustrator A', NULL, NULL, NULL, NULL),
	(4, NULL, 'Chief Corporate Accountant', NULL, NULL, NULL, NULL),
	(5, NULL, 'Chief Corporate Attorney', NULL, NULL, NULL, NULL),
	(6, NULL, 'Chief Economist', NULL, NULL, NULL, NULL),
	(7, NULL, 'Chief Regulator', NULL, NULL, NULL, NULL),
	(8, NULL, 'Computer Operator I', NULL, NULL, NULL, NULL),
	(9, NULL, 'Data Analyst Controller', NULL, NULL, NULL, NULL),
	(10, NULL, 'Dep Adm - ALA', NULL, NULL, NULL, NULL),
	(11, NULL, 'Dep Adm - CSR', NULL, NULL, NULL, NULL),
	(12, NULL, 'Dep Adm - TRA', NULL, NULL, NULL, NULL),
	(13, NULL, 'Dept Manager - Legal', NULL, NULL, NULL, NULL),
	(14, NULL, 'Dept Manager-OMD', NULL, NULL, NULL, NULL),
	(15, NULL, 'Dept Manager-WQCD', NULL, NULL, NULL, NULL),
	(16, NULL, 'Dept. Manager-Compliants Monitoring', NULL, NULL, NULL, NULL),
	(17, NULL, 'Dept. Manager-PID', NULL, NULL, NULL, NULL),
	(18, NULL, 'Dept. Mgr.- Adm.', NULL, NULL, NULL, NULL),
	(19, NULL, 'Dept. Mgr.- MED', NULL, NULL, NULL, NULL),
	(20, NULL, 'Dept. Mgr.-TCMD', NULL, NULL, NULL, NULL),
	(21, NULL, 'Driver-Mechanic A', NULL, NULL, NULL, NULL),
	(22, NULL, 'Driver-Mechanic B', NULL, NULL, NULL, NULL),
	(23, NULL, 'Finance Officer B', NULL, NULL, NULL, NULL),
	(24, NULL, 'Finance Officer C', NULL, NULL, NULL, NULL),
	(25, NULL, 'Fiscal Examiner A', NULL, NULL, NULL, NULL),
	(26, NULL, 'Head Technical Assistant', NULL, NULL, NULL, NULL),
	(27, NULL, 'IRM Officer A', NULL, NULL, NULL, NULL),
	(28, NULL, 'MIS Design Specialist A', NULL, NULL, NULL, NULL),
	(29, NULL, 'Principal Chemist', NULL, NULL, NULL, NULL),
	(30, NULL, 'Records Officer D', NULL, NULL, NULL, NULL),
	(31, NULL, 'Secretary', NULL, NULL, NULL, NULL),
	(32, NULL, 'Secretary  B', NULL, NULL, NULL, NULL),
	(33, NULL, 'Senior Corporate Attorney', NULL, NULL, NULL, NULL),
	(34, NULL, 'Senior Water Utilities Regulation Officer', NULL, NULL, NULL, NULL),
	(35, NULL, 'Spvg. WURO', NULL, NULL, NULL, NULL),
	(36, NULL, 'Sr. Information Officer', NULL, NULL, NULL, NULL),
	(37, NULL, 'Sr. IRM Officer A', NULL, NULL, NULL, NULL),
	(38, NULL, 'Sr. Prop. Officer', NULL, NULL, NULL, NULL),
	(39, NULL, 'Sr. Water Utilities Reg. Off.', NULL, NULL, NULL, NULL),
	(40, NULL, 'Supvg. Financial Mgt. Specialist', NULL, NULL, NULL, NULL),
	(41, NULL, 'Supvg. Water Utilities Reg. Officer', NULL, NULL, NULL, NULL),
	(42, NULL, 'Technical Assistant', NULL, NULL, NULL, NULL),
	(43, NULL, 'Technical Assistant A', NULL, NULL, NULL, NULL),
	(44, NULL, 'Water Utilities Regulation Officer', NULL, NULL, NULL, NULL);
/*!40000 ALTER TABLE `pms_positions` ENABLE KEYS */;

-- Dumping structure for table mwss.pms_position_items
DROP TABLE IF EXISTS `pms_position_items`;
CREATE TABLE IF NOT EXISTS `pms_position_items` (
  `id` int(11) NOT NULL AUTO_INCREMENT,
  `code` varchar(50) DEFAULT NULL,
  `name` varchar(300) DEFAULT NULL,
  `position_id` int(11) DEFAULT NULL,
  `position_level_id` int(11) DEFAULT NULL,
  `position_classification_id` int(11) DEFAULT NULL,
  `created_at` timestamp NULL DEFAULT NULL,
  `updated_at` timestamp NULL DEFAULT NULL,
  `created_by` int(11) DEFAULT NULL,
  `updated_by` int(11) DEFAULT NULL,
  PRIMARY KEY (`id`)
) ENGINE=InnoDB AUTO_INCREMENT=150 DEFAULT CHARSET=latin1;

-- Dumping data for table mwss.pms_position_items: ~149 rows (approximately)
/*!40000 ALTER TABLE `pms_position_items` DISABLE KEYS */;
INSERT INTO `pms_position_items` (`id`, `code`, `name`, `position_id`, `position_level_id`, `position_classification_id`, `created_at`, `updated_at`, `created_by`, `updated_by`) VALUES
	(1, 'PHCC-COCH-1-2016', 'PHCC-COCH-1-2016', NULL, NULL, NULL, NULL, NULL, NULL, NULL),
	(2, 'PHCC-COM-1-2016', 'PHCC-COM-1-2016', NULL, NULL, NULL, NULL, NULL, NULL, NULL),
	(3, 'PHCC-COM-2-2016', 'PHCC-COM-2-2016', NULL, NULL, NULL, NULL, NULL, NULL, NULL),
	(4, 'PHCC-COM-3-2016', 'PHCC-COM-3-2016', NULL, NULL, NULL, NULL, NULL, NULL, NULL),
	(5, 'PHCC-DRV2-2-2016', 'PHCC-DRV2-2-2016', NULL, NULL, NULL, NULL, NULL, NULL, NULL),
	(6, 'PHCC-EXA4-1-2016', 'PHCC-EXA4-1-2016', NULL, NULL, NULL, NULL, NULL, NULL, NULL),
	(7, 'PHCC-TRNSP4-1-2016', 'PHCC-TRNSP4-1-2016', NULL, NULL, NULL, NULL, NULL, NULL, NULL),
	(8, 'PHCC-CFER1-1-2016', 'PHCC-CFER1-1-2016', NULL, NULL, NULL, NULL, NULL, NULL, NULL),
	(9, 'PHCC-DIR4-1-2016', 'PHCC-DIR4-1-2016', NULL, NULL, NULL, NULL, NULL, NULL, NULL),
	(10, 'PHCC-HEA-1-2016', 'PHCC-HEA-1-2016', NULL, NULL, NULL, NULL, NULL, NULL, NULL),
	(11, 'PHCC-DIR4-5-2016', 'PHCC-DIR4-5-2016', NULL, NULL, NULL, NULL, NULL, NULL, NULL),
	(12, 'PHCC-DIR4-2-2016', 'PHCC-DIR4-2-2016', NULL, NULL, NULL, NULL, NULL, NULL, NULL),
	(13, 'PHCC-EXA4-3-2016', 'PHCC-EXA4-3-2016', NULL, NULL, NULL, NULL, NULL, NULL, NULL),
	(14, 'PHCC-PSEC2-3-2016', 'PHCC-PSEC2-3-2016', NULL, NULL, NULL, NULL, NULL, NULL, NULL),
	(15, 'PHCC-DIR3-1-2016', 'PHCC-DIR3-1-2016', NULL, NULL, NULL, NULL, NULL, NULL, NULL),
	(16, 'PHCC-DIR4-4-2016', 'PHCC-DIR4-4-2016', NULL, NULL, NULL, NULL, NULL, NULL, NULL),
	(17, 'PHCC-EXA3-1-2016', 'PHCC-EXA3-1-2016', NULL, NULL, NULL, NULL, NULL, NULL, NULL),
	(18, 'PHCC-CMPRO5-1-2016', 'PHCC-CMPRO5-1-2016', NULL, NULL, NULL, NULL, NULL, NULL, NULL),
	(19, 'PHCC-PSEC2-1-2016', 'PHCC-PSEC2-1-2016', NULL, NULL, NULL, NULL, NULL, NULL, NULL),
	(20, 'PHCC-ATY3-4-2016', 'PHCC-ATY3-4-2016', NULL, NULL, NULL, NULL, NULL, NULL, NULL),
	(21, 'PHCC-DRV2-9-2016', 'PHCC-DRV2-9-2016', NULL, NULL, NULL, NULL, NULL, NULL, NULL),
	(22, 'PHCC-CADOF-1-2016', 'PHCC-CADOF-1-2016', NULL, NULL, NULL, NULL, NULL, NULL, NULL),
	(23, 'PHCC-RO3-1-2016', 'PHCC-RO3-1-2016', NULL, NULL, NULL, NULL, NULL, NULL, NULL),
	(24, 'PHCC-ATY2-9-2016', 'PHCC-ATY2-9-2016', NULL, NULL, NULL, NULL, NULL, NULL, NULL),
	(25, 'PHCC-INVA3-1-2016', 'PHCC-INVA3-1-2016', NULL, NULL, NULL, NULL, NULL, NULL, NULL),
	(26, 'PHCC-LEA2-9-2016', 'PHCC-LEA2-9-2016', NULL, NULL, NULL, NULL, NULL, NULL, NULL),
	(27, 'PHCC-ADO3-2-2016', 'PHCC-ADO3-2-2016', NULL, NULL, NULL, NULL, NULL, NULL, NULL),
	(28, 'PHCC-ATY3-7-2016', 'PHCC-ATY3-7-2016', NULL, NULL, NULL, NULL, NULL, NULL, NULL),
	(29, 'PHCC-INVA3-2-2016', 'PHCC-INVA3-2-2016', NULL, NULL, NULL, NULL, NULL, NULL, NULL),
	(30, 'PHCC-EXA3-3-2016', 'PHCC-EXA3-3-2016', NULL, NULL, NULL, NULL, NULL, NULL, NULL),
	(31, 'PHCC-PLO3-1-2016', 'PHCC-PLO3-1-2016', NULL, NULL, NULL, NULL, NULL, NULL, NULL),
	(32, 'PHCC-INFO4-1-2016', 'PHCC-INFO4-1-2016', NULL, NULL, NULL, NULL, NULL, NULL, NULL),
	(33, 'PHCC-CMPRO4-1-2016', 'PHCC-CMPRO4-1-2016', NULL, NULL, NULL, NULL, NULL, NULL, NULL),
	(34, 'PHCC-CADOF-2-2016', 'PHCC-CADOF-2-2016', NULL, NULL, NULL, NULL, NULL, NULL, NULL),
	(35, 'PHCC-CMPRO3-5-2016', 'PHCC-CMPRO3-5-2016', NULL, NULL, NULL, NULL, NULL, NULL, NULL),
	(36, 'PHCC-DIR4-3-2016', 'PHCC-DIR4-3-2016', NULL, NULL, NULL, NULL, NULL, NULL, NULL),
	(37, 'PHCC-LEA2-5-2016', 'PHCC-LEA2-5-2016', NULL, NULL, NULL, NULL, NULL, NULL, NULL),
	(38, 'PHCC-ATY4-4-2016', 'PHCC-ATY4-4-2016', NULL, NULL, NULL, NULL, NULL, NULL, NULL),
	(39, 'PHCC-TRNSP3-2-2016', 'PHCC-TRNSP3-2-2016', NULL, NULL, NULL, NULL, NULL, NULL, NULL),
	(40, 'PHCC-INFO5-1-2016', 'PHCC-INFO5-1-2016', NULL, NULL, NULL, NULL, NULL, NULL, NULL),
	(41, 'PHCC-ATY3-9-2016', 'PHCC-ATY3-9-2016', NULL, NULL, NULL, NULL, NULL, NULL, NULL),
	(42, 'PHCC-SADOF-3-2016', 'PHCC-SADOF-3-2016', NULL, NULL, NULL, NULL, NULL, NULL, NULL),
	(43, 'PHCC-ATY4-1-2016', 'PHCC-ATY4-1-2016', NULL, NULL, NULL, NULL, NULL, NULL, NULL),
	(44, 'PHCC-INFO3-2-2016', 'PHCC-INFO3-2-2016', NULL, NULL, NULL, NULL, NULL, NULL, NULL),
	(45, 'PHCC-DRV2-10-2016', 'PHCC-DRV2-10-2016', NULL, NULL, NULL, NULL, NULL, NULL, NULL),
	(46, 'PHCC-ATY5-4-2016', 'PHCC-ATY5-4-2016', NULL, NULL, NULL, NULL, NULL, NULL, NULL),
	(47, 'PHCC-DRV2-7-2016', 'PHCC-DRV2-7-2016', NULL, NULL, NULL, NULL, NULL, NULL, NULL),
	(48, 'PHCC-INVA5-1-2016', 'PHCC-INVA5-1-2016', NULL, NULL, NULL, NULL, NULL, NULL, NULL),
	(49, 'PHCC-HRMO3-1-2016', 'PHCC-HRMO3-1-2016', NULL, NULL, NULL, NULL, NULL, NULL, NULL),
	(50, 'PHCC-INFO2-2-2016', 'PHCC-INFO2-2-2016', NULL, NULL, NULL, NULL, NULL, NULL, NULL),
	(51, 'PHCC-HRMO2-1-2016', 'PHCC-HRMO2-1-2016', NULL, NULL, NULL, NULL, NULL, NULL, NULL),
	(52, 'PHCC-DRV2-8-2016', 'PHCC-DRV2-8-2016', NULL, NULL, NULL, NULL, NULL, NULL, NULL),
	(53, 'PHCC-ATY5-1-2016', 'PHCC-ATY5-1-2016', NULL, NULL, NULL, NULL, NULL, NULL, NULL),
	(54, 'PHCC-CMPRO3-3-2016', 'PHCC-CMPRO3-3-2016', NULL, NULL, NULL, NULL, NULL, NULL, NULL),
	(55, 'PHCC-INFO1-1-2016', 'PHCC-INFO1-1-2016', NULL, NULL, NULL, NULL, NULL, NULL, NULL),
	(56, 'PHCC-ECO2-1-2016', 'PHCC-ECO2-1-2016', NULL, NULL, NULL, NULL, NULL, NULL, NULL),
	(57, 'PHCC-ATY5-3-2016', 'PHCC-ATY5-3-2016', NULL, NULL, NULL, NULL, NULL, NULL, NULL),
	(58, 'PHCC-ECO3-1-2016', 'PHCC-ECO3-1-2016', NULL, NULL, NULL, NULL, NULL, NULL, NULL),
	(59, 'PHCC-ATY4-3-2016', 'PHCC-ATY4-3-2016', NULL, NULL, NULL, NULL, NULL, NULL, NULL),
	(60, 'PHCC-SEC2-9-2016', 'PHCC-SEC2-9-2016', NULL, NULL, NULL, NULL, NULL, NULL, NULL),
	(61, 'PHCC-TRNSP2-2-2016', 'PHCC-TRNSP2-2-2016', NULL, NULL, NULL, NULL, NULL, NULL, NULL),
	(62, 'PHCC-SADOF-2-2016', 'PHCC-SADOF-2-2016', NULL, NULL, NULL, NULL, NULL, NULL, NULL),
	(63, 'PHCC-HRMO2-2-2016', 'PHCC-HRMO2-2-2016', NULL, NULL, NULL, NULL, NULL, NULL, NULL),
	(64, 'PHCC-A2-2-2016', 'PHCC-A2-2-2016', NULL, NULL, NULL, NULL, NULL, NULL, NULL),
	(65, 'PHCC-INFO3-1-2016', 'PHCC-INFO3-1-2016', NULL, NULL, NULL, NULL, NULL, NULL, NULL),
	(66, 'PHCC-TRNSP2-1-2016', 'PHCC-TRNSP2-1-2016', NULL, NULL, NULL, NULL, NULL, NULL, NULL),
	(67, 'PHCC-PSEC2-2-2016', 'PHCC-PSEC2-2-2016', NULL, NULL, NULL, NULL, NULL, NULL, NULL),
	(68, 'PHCC-A3-1-2016', 'PHCC-A3-1-2016', NULL, NULL, NULL, NULL, NULL, NULL, NULL),
	(69, 'PHCC-BUDO3-2-2016', 'PHCC-BUDO3-2-2016', NULL, NULL, NULL, NULL, NULL, NULL, NULL),
	(70, 'PHCC-CASH3-1-2016', 'PHCC-CASH3-1-2016', NULL, NULL, NULL, NULL, NULL, NULL, NULL),
	(71, 'PHCC-ATY5-2-2016', 'PHCC-ATY5-2-2016', NULL, NULL, NULL, NULL, NULL, NULL, NULL),
	(72, 'PHCC-CMPRO1-1-2016', 'PHCC-CMPRO1-1-2016', NULL, NULL, NULL, NULL, NULL, NULL, NULL),
	(73, 'PHCC-INVA2-2-2016', 'PHCC-INVA2-2-2016', NULL, NULL, NULL, NULL, NULL, NULL, NULL),
	(74, 'PHCC-SU01-1-2016', 'PHCC-SU01-1-2016', NULL, NULL, NULL, NULL, NULL, NULL, NULL),
	(75, 'PHCC-SEC2-5-2016', 'PHCC-SEC2-5-2016', NULL, NULL, NULL, NULL, NULL, NULL, NULL),
	(76, 'PHCC-CASH2-1-2016', 'PHCC-CASH2-1-2016', NULL, NULL, NULL, NULL, NULL, NULL, NULL),
	(77, 'PHCC-INVA2-1-2016', 'PHCC-INVA2-1-2016', NULL, NULL, NULL, NULL, NULL, NULL, NULL),
	(78, 'PHCC-ADO2-1-2016', 'PHCC-ADO2-1-2016', NULL, NULL, NULL, NULL, NULL, NULL, NULL),
	(79, 'PHCC-HRMO3-2-2016', 'PHCC-HRMO3-2-2016', NULL, NULL, NULL, NULL, NULL, NULL, NULL),
	(80, 'PHCC-ATY3-10-2016', 'PHCC-ATY3-10-2016', NULL, NULL, NULL, NULL, NULL, NULL, NULL),
	(81, 'PHCC-ECO3-2-2016', 'PHCC-ECO3-2-2016', NULL, NULL, NULL, NULL, NULL, NULL, NULL),
	(82, 'PHCC-A2-1-2016', 'PHCC-A2-1-2016', 35, NULL, NULL, NULL, '2018-07-25 09:34:03', NULL, 2),
	(83, 'PHCC-ITO1-1-2016', 'PHCC-ITO1-1-2016', NULL, NULL, NULL, NULL, NULL, NULL, NULL),
	(84, 'PHCC-COM-4-2016', 'PHCC-COM-4-2016', NULL, NULL, NULL, NULL, NULL, NULL, NULL),
	(85, 'PHCC-EXED-1-2016', 'PHCC-EXED-1-2016', NULL, NULL, NULL, NULL, NULL, NULL, NULL),
	(86, 'PHCC-LEA2-11-2016', 'PHCC-LEA2-11-2016', NULL, NULL, NULL, NULL, NULL, NULL, NULL),
	(87, 'PHCC-ATY2-10-2016', 'PHCC-ATY2-10-2016', NULL, NULL, NULL, NULL, NULL, NULL, NULL),
	(88, 'PHCC-INVA4-1-2016', 'PHCC-INVA4-1-2016', NULL, NULL, NULL, NULL, NULL, NULL, NULL),
	(89, 'PHCC-ITO3-1-2016', 'PHCC-ITO3-1-2016', NULL, NULL, NULL, NULL, NULL, NULL, NULL),
	(90, 'PHCC-PLO5-1-2016', 'PHCC-PLO5-1-2016', NULL, NULL, NULL, NULL, NULL, NULL, NULL),
	(91, 'PHCC-BUDO2-1-2016', 'PHCC-BUDO2-1-2016', NULL, NULL, NULL, NULL, NULL, NULL, NULL),
	(92, 'PHCC-PSEC2-4-2016', 'PHCC-PSEC2-4-2016', NULL, NULL, NULL, NULL, NULL, NULL, NULL),
	(93, 'PHCC-A3-2-2016', 'PHCC-A3-2-2016', NULL, NULL, NULL, NULL, NULL, NULL, NULL),
	(94, 'PHCC-PLO4-1-2016', 'PHCC-PLO4-1-2016', NULL, NULL, NULL, NULL, NULL, NULL, NULL),
	(95, 'PHCC-TRNSP1-1-2016', 'PHCC-TRNSP1-1-2016', NULL, NULL, NULL, NULL, NULL, NULL, NULL),
	(96, 'PHCC-PSEC2-5-2016', 'PHCC-PSEC2-5-2016', NULL, NULL, NULL, NULL, NULL, NULL, NULL),
	(97, 'PHCC-PLO2-1-2016', 'PHCC-PLO2-1-2016', NULL, NULL, NULL, NULL, NULL, NULL, NULL),
	(98, 'PHCC-CMPRO2-2-2016', 'PHCC-CMPRO2-2-2016', NULL, NULL, NULL, NULL, NULL, NULL, NULL),
	(99, 'PHCC-ATY2-1-2016', 'PHCC-ATY2-1-2016', NULL, NULL, NULL, NULL, NULL, NULL, NULL),
	(100, 'PHCC-SEC2-1-2016', 'PHCC-SEC2-1-2016', NULL, NULL, NULL, NULL, NULL, NULL, NULL),
	(101, 'PHCC-ATY3-1-2016', 'PHCC-ATY3-1-2016', NULL, NULL, NULL, NULL, NULL, NULL, NULL),
	(102, 'PHCC-CMPRO3-1-2016', 'PHCC-CMPRO3-1-2016', NULL, NULL, NULL, NULL, NULL, NULL, NULL),
	(103, 'PHCC-ATY2-11-2016', 'PHCC-ATY2-11-2016', NULL, NULL, NULL, NULL, NULL, NULL, NULL),
	(104, 'PHCC-ATY3-5-2016', 'PHCC-ATY3-5-2016', NULL, NULL, NULL, NULL, NULL, NULL, NULL),
	(105, 'PHCC-ITO1-2-2016', 'PHCC-ITO1-2-2016', NULL, NULL, NULL, NULL, NULL, NULL, NULL),
	(106, 'PHCC-ATY2-2-2016', 'PHCC-ATY2-2-2016', NULL, NULL, NULL, NULL, NULL, NULL, NULL),
	(107, 'PHCC-ITO2-1-2016', 'PHCC-ITO2-1-2016', NULL, NULL, NULL, NULL, NULL, NULL, NULL),
	(108, 'PHCC-CMPRO3-2-2016', 'PHCC-CMPRO3-2-2016', NULL, NULL, NULL, NULL, NULL, NULL, NULL),
	(109, 'PHCC-BUDO1-1-2016', 'PHCC-BUDO1-1-2016', NULL, NULL, NULL, NULL, NULL, NULL, NULL),
	(110, 'PHCC-EXA4-2-2016', 'PHCC-EXA4-2-2016', NULL, NULL, NULL, NULL, NULL, NULL, NULL),
	(111, 'PHCC-SADOF-1-2016', 'PHCC-SADOF-1-2016', NULL, NULL, NULL, NULL, NULL, NULL, NULL),
	(112, 'PHCC-CMPRO2-3-2016', 'PHCC-CMPRO2-3-2016', NULL, NULL, NULL, NULL, NULL, NULL, NULL),
	(113, 'PHCC-INFOSA2-1-2016', 'PHCC-INFOSA2-1-2016', NULL, NULL, NULL, NULL, NULL, NULL, NULL),
	(114, 'PHCC-ADO3-1-2016', 'PHCC-ADO3-1-2016', NULL, NULL, NULL, NULL, NULL, NULL, NULL),
	(115, 'PHCC-DRV2-6-2016', 'PHCC-DRV2-6-2016', NULL, NULL, NULL, NULL, NULL, NULL, NULL),
	(116, 'PHCC-DRV2-1-2016', 'PHCC-DRV2-1-2016', NULL, NULL, NULL, NULL, NULL, NULL, NULL),
	(117, 'PHCC-INFOSA1-1-2016', 'PHCC-INFOSA1-1-2016', NULL, NULL, NULL, NULL, NULL, NULL, NULL),
	(118, 'PHCC-HRMO1-1-2016', 'PHCC-HRMO1-1-2016', NULL, NULL, NULL, NULL, NULL, NULL, NULL),
	(119, 'PHCC-EXA3-5-2016', 'PHCC-EXA3-5-2016', NULL, NULL, NULL, NULL, NULL, NULL, NULL),
	(120, 'PHCC-CASH1-1-2016', 'PHCC-CASH1-1-2016', NULL, NULL, NULL, NULL, NULL, NULL, NULL),
	(121, 'PHCC-EXA3-6-2016', 'PHCC-EXA3-6-2016', NULL, NULL, NULL, NULL, NULL, NULL, NULL),
	(122, 'PHCC-ATY3-3-2016', 'PHCC-ATY3-3-2016', NULL, NULL, NULL, NULL, NULL, NULL, NULL),
	(123, 'PHCC-PLO1-1-2016', 'PHCC-PLO1-1-2016', NULL, NULL, NULL, NULL, NULL, NULL, NULL),
	(124, 'PHCC-SU03-1-2016', 'PHCC-SU03-1-2016', NULL, NULL, NULL, NULL, NULL, NULL, NULL),
	(125, 'PHCC-ATY1-1-2016', 'PHCC-ATY1-1-2016', NULL, NULL, NULL, NULL, NULL, NULL, NULL),
	(126, 'PHCC-PLO2-2-2016', 'PHCC-PLO2-2-2016', NULL, NULL, NULL, NULL, NULL, NULL, NULL),
	(127, 'PHCC-LEA2-1-2016', 'PHCC-LEA2-1-2016', NULL, NULL, NULL, NULL, NULL, NULL, NULL),
	(128, 'PHCC-PLO3-2-2016', 'PHCC-PLO3-2-2016', NULL, NULL, NULL, NULL, NULL, NULL, NULL),
	(129, 'PHCC-EXA2-1-2016', 'PHCC-EXA2-1-2016', NULL, NULL, NULL, NULL, NULL, NULL, NULL),
	(130, 'PHCC-INVA1-1-2016', 'PHCC-INVA1-1-2016', NULL, NULL, NULL, NULL, NULL, NULL, NULL),
	(131, 'PHCC-ATY2-5-2016', 'PHCC-ATY2-5-2016', NULL, NULL, NULL, NULL, NULL, NULL, NULL),
	(132, 'PHCC-ATY2-12-2016', 'PHCC-ATY2-12-2016', NULL, NULL, NULL, NULL, NULL, NULL, NULL),
	(133, 'PHCC-SEC2-6-2016', 'PHCC-SEC2-6-2016', NULL, NULL, NULL, NULL, NULL, NULL, NULL),
	(134, 'PHCC-DIR3-3-2016', 'PHCC-DIR3-3-2016', NULL, NULL, NULL, NULL, NULL, NULL, NULL),
	(135, 'PHCC-RO1-1-2016', 'PHCC-RO1-1-2016', NULL, NULL, NULL, NULL, NULL, NULL, NULL),
	(136, 'PHCC-LEA2-2-2016', 'PHCC-LEA2-2-2016', NULL, NULL, NULL, NULL, NULL, NULL, NULL),
	(137, 'PHCC-SEC2-3-2016', 'PHCC-SEC2-3-2016', NULL, NULL, NULL, NULL, NULL, NULL, NULL),
	(138, 'PHCC-BS2-1-2016', 'PHCC-BS2-1-2016', NULL, NULL, NULL, NULL, NULL, NULL, NULL),
	(139, 'PHCC-ECO2-2-2016', 'PHCC-ECO2-2-2016', NULL, NULL, NULL, NULL, NULL, NULL, NULL),
	(140, 'PHCC-ADO1-1-2016', 'PHCC-ADO1-1-2016', NULL, NULL, NULL, NULL, NULL, NULL, NULL),
	(141, 'PHCC-ATY1-2-2016', 'PHCC-ATY1-2-2016', NULL, NULL, NULL, NULL, NULL, NULL, NULL),
	(142, 'PHCC-TRNSP3-1-2016', 'PHCC-TRNSP3-1-2016', NULL, NULL, NULL, NULL, NULL, NULL, NULL),
	(143, 'PHCC-BS3-1-2016', 'PHCC-BS3-1-2016', NULL, NULL, NULL, NULL, NULL, NULL, NULL),
	(144, 'PHCC-LEA2-10-2016', 'PHCC-LEA2-10-2016', NULL, NULL, NULL, NULL, NULL, NULL, NULL),
	(145, 'PHCC-LEA2-12-2016', 'PHCC-LEA2-12-2016', NULL, NULL, NULL, NULL, NULL, NULL, NULL),
	(146, 'PHCC-ADO2-4-2016', 'PHCC-ADO2-4-2016', NULL, NULL, NULL, NULL, NULL, NULL, NULL),
	(147, 'PHCC-ADO2-2-2016', 'PHCC-ADO2-2-2016', NULL, NULL, NULL, NULL, NULL, NULL, NULL),
	(148, 'PHCC-LEA2-13-2016', 'PHCC-LEA2-13-2016', NULL, NULL, NULL, NULL, NULL, NULL, NULL),
	(149, 'SAMPLE', 'SAMPLE', 35, NULL, NULL, '2018-07-25 09:34:21', '2018-07-25 09:34:21', 2, NULL);
/*!40000 ALTER TABLE `pms_position_items` ENABLE KEYS */;

-- Dumping structure for table mwss.pms_previous_employer
DROP TABLE IF EXISTS `pms_previous_employer`;
CREATE TABLE IF NOT EXISTS `pms_previous_employer` (
  `id` int(11) NOT NULL AUTO_INCREMENT,
  `employee_id` int(11) DEFAULT NULL,
  `allowances` decimal(9,2) DEFAULT NULL,
  `thirteen_month_pay` decimal(9,2) DEFAULT NULL,
  `deminimis_amount` decimal(9,2) DEFAULT NULL,
  `tax_witheld` decimal(9,2) DEFAULT NULL,
  `premium_amount` decimal(9,2) DEFAULT NULL,
  `taxable_basic_pay` decimal(9,2) DEFAULT NULL,
  `taxable_thirteen_month_pay` decimal(9,2) DEFAULT NULL,
  `taxable_allowances` decimal(9,2) DEFAULT NULL,
  `as_of_date` date DEFAULT NULL,
  `created_at` timestamp NULL DEFAULT NULL,
  `updated_at` timestamp NULL DEFAULT NULL,
  `created_by` int(11) DEFAULT NULL,
  PRIMARY KEY (`id`)
) ENGINE=InnoDB AUTO_INCREMENT=2 DEFAULT CHARSET=latin1;

-- Dumping data for table mwss.pms_previous_employer: ~0 rows (approximately)
/*!40000 ALTER TABLE `pms_previous_employer` DISABLE KEYS */;
INSERT INTO `pms_previous_employer` (`id`, `employee_id`, `allowances`, `thirteen_month_pay`, `deminimis_amount`, `tax_witheld`, `premium_amount`, `taxable_basic_pay`, `taxable_thirteen_month_pay`, `taxable_allowances`, `as_of_date`, `created_at`, `updated_at`, `created_by`) VALUES
	(1, 92, 55555.00, 23456.00, 23456.00, 2345.00, 234.00, 34567.00, 23456.00, 23456.00, '2018-07-26', '2018-07-17 16:14:40', '2018-07-17 16:51:38', NULL);
/*!40000 ALTER TABLE `pms_previous_employer` ENABLE KEYS */;

-- Dumping structure for table mwss.pms_providentfund
DROP TABLE IF EXISTS `pms_providentfund`;
CREATE TABLE IF NOT EXISTS `pms_providentfund` (
  `id` int(11) NOT NULL AUTO_INCREMENT,
  `policy_name` varchar(225) DEFAULT NULL,
  `pay_period` varchar(225) DEFAULT NULL,
  `deduction_period` varchar(225) DEFAULT NULL,
  `policy_type` varchar(225) DEFAULT NULL,
  `based_on` varchar(225) DEFAULT NULL,
  `ee_share` decimal(9,2) DEFAULT NULL,
  `er_share` decimal(9,2) DEFAULT NULL,
  `remarks` varchar(225) DEFAULT NULL,
  `created_at` timestamp NULL DEFAULT NULL,
  `updated_at` timestamp NULL DEFAULT NULL,
  `updated_by` int(11) DEFAULT NULL,
  PRIMARY KEY (`id`)
) ENGINE=InnoDB DEFAULT CHARSET=latin1;

-- Dumping data for table mwss.pms_providentfund: ~0 rows (approximately)
/*!40000 ALTER TABLE `pms_providentfund` DISABLE KEYS */;
/*!40000 ALTER TABLE `pms_providentfund` ENABLE KEYS */;

-- Dumping structure for table mwss.pms_rata
DROP TABLE IF EXISTS `pms_rata`;
CREATE TABLE IF NOT EXISTS `pms_rata` (
  `id` int(11) NOT NULL AUTO_INCREMENT,
  `employee_id` int(11) DEFAULT NULL,
  `position_item_id` int(11) DEFAULT NULL,
  `position_id` int(11) DEFAULT NULL,
  `office_id` int(11) DEFAULT NULL,
  `department_id` int(11) DEFAULT NULL,
  `number_of_actual_work` int(11) DEFAULT NULL,
  `number_of_leave_field` int(11) DEFAULT NULL,
  `number_of_work_days` int(11) DEFAULT NULL,
  `number_of_used_vehicles` int(11) DEFAULT NULL,
  `percentage_of_rata` varchar(225) DEFAULT NULL,
  `percentage_of_rata_value` decimal(9,2) DEFAULT NULL,
  `transportation_amount` decimal(9,2) DEFAULT NULL,
  `representation_amount` decimal(9,2) DEFAULT NULL,
  `year` varchar(225) DEFAULT NULL,
  `month` varchar(225) DEFAULT NULL,
  `created_at` timestamp NULL DEFAULT NULL,
  `created_by` int(11) DEFAULT NULL,
  `updated_at` timestamp NULL DEFAULT NULL,
  `updated_by` int(11) DEFAULT NULL,
  PRIMARY KEY (`id`)
) ENGINE=InnoDB AUTO_INCREMENT=104 DEFAULT CHARSET=latin1;

-- Dumping data for table mwss.pms_rata: ~13 rows (approximately)
/*!40000 ALTER TABLE `pms_rata` DISABLE KEYS */;
INSERT INTO `pms_rata` (`id`, `employee_id`, `position_item_id`, `position_id`, `office_id`, `department_id`, `number_of_actual_work`, `number_of_leave_field`, `number_of_work_days`, `number_of_used_vehicles`, `percentage_of_rata`, `percentage_of_rata_value`, `transportation_amount`, `representation_amount`, `year`, `month`, `created_at`, `created_by`, `updated_at`, `updated_by`) VALUES
	(78, 10, NULL, 67, 0, 0, 22, NULL, 22, NULL, NULL, 1.00, 9000.00, 9000.00, '2018', 'January', '2018-11-22 13:58:52', NULL, '2018-11-22 13:58:52', NULL),
	(79, 38, NULL, 0, 0, 0, 22, NULL, 22, NULL, NULL, 1.00, 7500.00, 7500.00, '2018', 'January', '2018-11-22 13:58:52', NULL, '2018-11-22 13:58:52', NULL),
	(80, 27, NULL, 74, 0, 0, 22, NULL, 22, NULL, NULL, 1.00, 7500.00, 7500.00, '2018', 'January', '2018-11-22 13:58:52', NULL, '2018-11-22 13:58:52', NULL),
	(81, 28, NULL, 61, 0, 0, 22, NULL, 22, NULL, NULL, 1.00, 9000.00, 9000.00, '2018', 'January', '2018-11-22 13:58:52', NULL, '2018-11-22 13:58:52', NULL),
	(82, 54, NULL, 30, 2, 0, 22, NULL, 22, NULL, NULL, 1.00, 7500.00, 7500.00, '2018', 'January', '2018-11-22 13:58:52', NULL, '2018-11-22 13:58:52', NULL),
	(83, 58, NULL, 17, 3, 0, 22, NULL, 22, NULL, NULL, 1.00, 7500.00, 7500.00, '2018', 'January', '2018-11-22 13:58:52', NULL, '2018-11-22 13:58:52', NULL),
	(84, 16, NULL, 72, 0, 0, 22, NULL, 22, NULL, NULL, 1.00, 7500.00, 7500.00, '2018', 'January', '2018-11-22 13:58:52', NULL, '2018-11-22 13:58:52', NULL),
	(85, 4, NULL, 22, 0, 0, 22, NULL, 22, NULL, NULL, 1.00, 7500.00, 7500.00, '2018', 'January', '2018-11-22 13:58:52', NULL, '2018-11-22 13:58:52', NULL),
	(86, 21, NULL, 27, 0, 0, 22, NULL, 22, NULL, NULL, 1.00, 9000.00, 9000.00, '2018', 'January', '2018-11-22 13:58:53', NULL, '2018-11-22 13:58:53', NULL),
	(87, 1, NULL, 61, 0, 0, 22, NULL, 22, NULL, NULL, 1.00, 10000.00, 10000.00, '2018', 'January', '2018-11-22 13:58:53', NULL, '2018-11-22 13:58:53', NULL),
	(88, 40, NULL, 0, 0, 0, 22, NULL, 22, NULL, NULL, 1.00, 9000.00, 900.00, '2018', 'January', '2018-11-22 13:58:53', NULL, '2018-11-22 13:58:53', NULL),
	(89, 31, NULL, 74, 0, 0, 22, NULL, 22, NULL, NULL, 1.00, 7500.00, 7500.00, '2018', 'January', '2018-11-22 13:58:53', NULL, '2018-11-22 13:58:53', NULL),
	(90, 12, NULL, 69, 0, 0, 22, NULL, 22, NULL, NULL, 1.00, 7500.00, 7500.00, '2018', 'January', '2018-11-22 13:58:53', NULL, '2018-11-22 13:58:53', NULL),
	(91, 47, NULL, 10, 2, 0, NULL, NULL, NULL, NULL, NULL, 1.00, 4500.00, 4500.00, '2018', 'January', '2018-11-23 05:52:12', NULL, '2018-11-23 05:52:12', NULL),
	(92, 10, NULL, 67, 0, 0, NULL, NULL, NULL, NULL, NULL, 1.00, 3750.00, 3750.00, '2018', 'January', '2018-11-23 05:52:12', NULL, '2018-11-23 05:52:12', NULL),
	(93, 29, NULL, 75, 0, 0, NULL, NULL, NULL, NULL, NULL, 1.00, 4500.00, 4500.00, '2018', 'January', '2018-11-23 05:52:12', NULL, '2018-11-23 05:52:12', NULL),
	(94, 13, NULL, 14, 0, 0, NULL, NULL, NULL, NULL, NULL, 1.00, 4500.00, 4500.00, '2018', 'January', '2018-11-23 05:52:12', NULL, '2018-11-23 05:52:12', NULL),
	(95, 8, NULL, 65, 0, 0, NULL, NULL, NULL, NULL, NULL, 1.00, 3750.00, 3750.00, '2018', 'January', '2018-11-23 05:52:12', NULL, '2018-11-23 05:52:12', NULL),
	(96, 11, NULL, 68, 0, 0, NULL, NULL, NULL, NULL, NULL, 1.00, 3750.00, 3750.00, '2018', 'January', '2018-11-23 05:52:12', NULL, '2018-11-23 05:52:12', NULL),
	(97, 55, NULL, 10, 3, 0, NULL, NULL, NULL, NULL, NULL, 1.00, 4500.00, 4500.00, '2018', 'January', '2018-11-23 05:52:12', NULL, '2018-11-23 05:52:12', NULL),
	(98, 59, NULL, 6, 2, 0, NULL, NULL, NULL, NULL, NULL, 1.00, 3750.00, 3750.00, '2018', 'January', '2018-11-23 05:52:12', NULL, '2018-11-23 05:52:12', NULL),
	(99, 15, NULL, 71, 0, 0, NULL, NULL, NULL, NULL, NULL, 1.00, 3750.00, 3750.00, '2018', 'January', '2018-11-23 05:52:12', NULL, '2018-11-23 05:52:12', NULL),
	(100, 66, NULL, 6, 3, 0, NULL, NULL, NULL, NULL, NULL, 1.00, 3750.00, 3750.00, '2018', 'January', '2018-11-23 05:52:12', NULL, '2018-11-23 05:52:12', NULL),
	(101, 74, NULL, 60, 1, 0, NULL, NULL, NULL, NULL, NULL, 1.00, NULL, 5000.00, '2018', 'January', '2018-11-23 05:52:12', NULL, '2018-11-23 05:52:12', NULL),
	(102, 76, NULL, 25, 4, 0, NULL, NULL, NULL, NULL, NULL, 1.00, 3750.00, 3750.00, '2018', 'January', '2018-11-23 05:52:13', NULL, '2018-11-23 05:52:13', NULL),
	(103, 32, NULL, 76, 0, 0, NULL, NULL, NULL, NULL, NULL, 1.00, 3750.00, 3750.00, '2018', 'January', '2018-11-23 05:52:13', NULL, '2018-11-23 05:52:13', NULL);
/*!40000 ALTER TABLE `pms_rata` ENABLE KEYS */;

-- Dumping structure for table mwss.pms_rata_deductions
DROP TABLE IF EXISTS `pms_rata_deductions`;
CREATE TABLE IF NOT EXISTS `pms_rata_deductions` (
  `id` int(11) NOT NULL AUTO_INCREMENT,
  `employee_number` varchar(225) DEFAULT NULL,
  `employee_id` int(11) DEFAULT NULL,
  `deduction_id` int(11) DEFAULT NULL,
  `rata_id` int(11) DEFAULT NULL,
  `tax_deduction` decimal(9,2) DEFAULT NULL,
  `ra_deduction` decimal(9,2) DEFAULT NULL,
  `ta_deduction` decimal(9,2) DEFAULT NULL,
  `year` varchar(225) DEFAULT NULL,
  `month` varchar(225) DEFAULT NULL,
  `created_by` int(11) DEFAULT NULL,
  `updated_by` int(11) DEFAULT NULL,
  `created_at` timestamp NULL DEFAULT NULL,
  `updated_at` timestamp NULL DEFAULT NULL,
  PRIMARY KEY (`id`)
) ENGINE=InnoDB DEFAULT CHARSET=latin1;

-- Dumping data for table mwss.pms_rata_deductions: ~0 rows (approximately)
/*!40000 ALTER TABLE `pms_rata_deductions` DISABLE KEYS */;
/*!40000 ALTER TABLE `pms_rata_deductions` ENABLE KEYS */;

-- Dumping structure for table mwss.pms_rates
DROP TABLE IF EXISTS `pms_rates`;
CREATE TABLE IF NOT EXISTS `pms_rates` (
  `id` int(11) NOT NULL AUTO_INCREMENT,
  `rate` decimal(9,2) DEFAULT NULL,
  `status` varchar(50) DEFAULT NULL,
  `created_by` int(11) DEFAULT NULL,
  `updated_by` int(11) DEFAULT NULL,
  `created_at` timestamp NULL DEFAULT NULL,
  `updated_at` timestamp NULL DEFAULT NULL,
  PRIMARY KEY (`id`)
) ENGINE=InnoDB AUTO_INCREMENT=18 DEFAULT CHARSET=latin1;

-- Dumping data for table mwss.pms_rates: ~7 rows (approximately)
/*!40000 ALTER TABLE `pms_rates` DISABLE KEYS */;
INSERT INTO `pms_rates` (`id`, `rate`, `status`, `created_by`, `updated_by`, `created_at`, `updated_at`) VALUES
	(1, 0.15, 'hp', 2, 2, '2018-09-06 11:25:40', '2018-09-06 16:23:15'),
	(2, 0.50, 'hp', 2, NULL, '2018-09-06 11:25:56', '2018-09-06 11:25:56'),
	(3, 0.23, 'hp', 2, NULL, '2018-09-06 16:23:23', '2018-09-06 16:23:23'),
	(4, 0.30, 'hp', 2, NULL, '2018-09-06 16:23:34', '2018-09-06 16:23:34'),
	(15, 1.00, 'travelrate', 2, NULL, '2018-09-10 10:52:22', '2018-09-10 10:52:22'),
	(16, 0.75, 'travelrate', 2, NULL, '2018-09-10 10:53:41', '2018-09-10 10:53:41'),
	(17, 0.50, 'travelrate', 2, NULL, '2018-09-10 10:53:56', '2018-09-10 10:53:56');
/*!40000 ALTER TABLE `pms_rates` ENABLE KEYS */;

-- Dumping structure for table mwss.pms_salarygrade
DROP TABLE IF EXISTS `pms_salarygrade`;
CREATE TABLE IF NOT EXISTS `pms_salarygrade` (
  `id` int(11) NOT NULL AUTO_INCREMENT,
  `salary_grade` varchar(225) DEFAULT NULL,
  `step1` decimal(9,2) DEFAULT NULL,
  `step2` decimal(9,2) DEFAULT NULL,
  `step3` decimal(9,2) DEFAULT NULL,
  `step4` decimal(9,2) DEFAULT NULL,
  `step5` decimal(9,2) DEFAULT NULL,
  `step6` decimal(9,2) DEFAULT NULL,
  `step7` decimal(9,2) DEFAULT NULL,
  `step8` decimal(9,2) DEFAULT NULL,
  `remarks` varchar(225) DEFAULT NULL,
  `created_at` timestamp NULL DEFAULT NULL,
  `updated_at` timestamp NULL DEFAULT NULL,
  `updated_by` int(11) DEFAULT NULL,
  PRIMARY KEY (`id`)
) ENGINE=InnoDB AUTO_INCREMENT=33 DEFAULT CHARSET=latin1;

-- Dumping data for table mwss.pms_salarygrade: ~32 rows (approximately)
/*!40000 ALTER TABLE `pms_salarygrade` DISABLE KEYS */;
INSERT INTO `pms_salarygrade` (`id`, `salary_grade`, `step1`, `step2`, `step3`, `step4`, `step5`, `step6`, `step7`, `step8`, `remarks`, `created_at`, `updated_at`, `updated_by`) VALUES
	(1, '1', 10510.00, 10602.00, 10695.00, 10789.00, 10884.00, 10982.00, 11076.00, 11173.00, NULL, NULL, NULL, NULL),
	(2, '2', 11200.00, 11293.00, 11386.00, 11480.00, 11575.00, 11671.00, 11767.00, 11864.00, NULL, NULL, NULL, NULL),
	(3, '3', 11914.00, 12013.00, 12112.00, 11212.00, 12313.00, 12414.00, 12517.00, 12620.00, NULL, NULL, NULL, NULL),
	(4, '4', 12674.00, 12778.00, 12884.00, 12990.00, 13097.00, 13206.00, 13315.00, 13424.00, NULL, NULL, NULL, NULL),
	(5, '5', 13481.00, 13606.00, 13705.00, 13818.00, 13932.00, 14047.00, 14163.00, 14280.00, NULL, NULL, NULL, NULL),
	(6, '6', 14340.00, 14459.00, 14578.00, 14699.00, 14820.00, 14942.00, 15066.00, 15190.00, NULL, NULL, NULL, NULL),
	(7, '7', 15254.00, 15380.00, 15507.00, 15635.00, 15765.00, 15895.00, 16026.00, 16158.00, NULL, NULL, NULL, NULL),
	(8, '9', 17473.00, 17627.00, 17781.00, 17937.00, 18095.00, 18253.00, 18413.00, 18575.00, NULL, NULL, NULL, NULL),
	(9, '10', 18718.00, 18883.00, 19048.00, 19215.00, 19384.00, 19567.00, 19725.00, 19898.00, NULL, NULL, NULL, NULL),
	(10, '11', 20179.00, 20437.00, 20698.00, 20963.00, 21231.00, 21502.00, 21777.00, 22055.00, NULL, NULL, NULL, NULL),
	(11, '12', 22149.00, 22410.00, 22674.00, 22942.00, 23212.00, 23486.00, 23763.00, 24043.00, NULL, NULL, NULL, NULL),
	(12, '13', 24224.00, 24510.00, 24799.00, 25091.00, 25387.00, 25686.00, 25989.00, 26296.00, NULL, NULL, NULL, NULL),
	(13, '14', 26494.00, 26806.00, 27122.00, 27442.00, 27766.00, 28093.00, 28424.00, 28759.00, NULL, NULL, NULL, NULL),
	(14, '15', 29010.00, 29359.00, 29713.00, 30071.00, 30432.00, 30799.00, 31170.00, 31545.00, NULL, NULL, NULL, NULL),
	(15, '16', 31765.00, 32147.00, 32535.00, 32926.00, 33323.00, 33724.00, 34130.00, 34541.00, NULL, NULL, NULL, NULL),
	(16, '17', 34781.00, 35201.00, 35624.00, 36053.00, 36487.00, 36927.00, 37371.00, 37821.00, NULL, NULL, NULL, NULL),
	(17, '18', 38085.00, 38543.00, 39007.00, 39477.00, 39952.00, 40433.00, 40920.00, 41413.00, NULL, NULL, NULL, NULL),
	(18, '19', 42099.00, 42730.00, 43371.00, 44020.00, 44680.00, 45350.00, 46030.00, 46720.00, NULL, NULL, NULL, NULL),
	(19, '20', 47037.00, 47742.00, 48457.00, 49184.00, 49921.00, 50669.00, 57460.00, 52199.00, NULL, NULL, NULL, NULL),
	(20, '21', 52544.00, 53341.00, 54141.00, 54952.00, 55776.00, 56612.00, 57460.00, 58322.00, NULL, NULL, NULL, NULL),
	(21, '22', 58717.00, 59597.00, 60491.00, 61397.00, 62318.00, 63252.00, 64200.00, 65162.00, NULL, NULL, NULL, NULL),
	(22, '23', 65604.00, 66587.00, 67585.00, 68598.00, 69627.00, 70670.00, 71730.00, 72805.00, NULL, NULL, NULL, NULL),
	(23, '24', 73229.00, 74397.00, 75512.00, 76644.00, 77793.00, 78959.00, 80143.00, 81344.00, NULL, NULL, NULL, NULL),
	(24, '25', 82439.00, 83674.00, 84928.00, 86201.00, 87493.00, 88805.00, 90136.00, 91487.00, NULL, NULL, NULL, NULL),
	(25, '26', 92108.00, 93488.00, 94889.00, 96312.00, 97775.00, 99221.00, 100708.00, 102217.00, NULL, NULL, NULL, NULL),
	(26, '27', 102910.00, 104453.00, 106019.00, 107608.00, 109221.00, 110858.00, 112519.00, 114210.00, NULL, NULL, NULL, NULL),
	(27, '28', 114981.00, 116704.00, 118453.00, 120229.00, 122031.00, 123860.00, 125716.00, 127601.00, NULL, NULL, NULL, NULL),
	(28, '29', 128467.00, 130392.00, 132346.00, 134330.00, 136343.00, 138387.00, 140461.00, 142566.00, NULL, NULL, NULL, NULL),
	(29, '30', 143534.00, 145685.00, 147869.00, 150085.00, 152335.00, 154618.00, 156935.00, 159228.00, NULL, NULL, NULL, NULL),
	(30, '31', 198168.00, 201615.00, 205121.00, 208689.00, 212318.00, 216011.00, 219768.00, 223590.00, NULL, NULL, NULL, NULL),
	(31, '32', 233857.00, 238035.00, 242288.00, 246618.00, 251024.00, 255509.00, 260074.00, 264721.00, NULL, NULL, NULL, NULL),
	(32, '33', 289401.00, 298083.00, NULL, NULL, NULL, NULL, NULL, NULL, NULL, NULL, NULL, NULL);
/*!40000 ALTER TABLE `pms_salarygrade` ENABLE KEYS */;

-- Dumping structure for table mwss.pms_salaryinfo
DROP TABLE IF EXISTS `pms_salaryinfo`;
CREATE TABLE IF NOT EXISTS `pms_salaryinfo` (
  `id` int(11) NOT NULL AUTO_INCREMENT,
  `employee_id` int(11) DEFAULT NULL,
  `employee_number` varchar(225) DEFAULT NULL,
  `salarygrade_id` int(11) DEFAULT NULL,
  `jobgrade_id` int(11) DEFAULT NULL,
  `positionitem_id` int(11) DEFAULT NULL,
  `position_id` int(11) DEFAULT NULL,
  `employee_status_id` int(11) DEFAULT NULL,
  `step_inc` varchar(225) DEFAULT NULL,
  `salary_description` varchar(225) DEFAULT NULL,
  `salary_old_rate` decimal(9,2) DEFAULT NULL,
  `salary_adjustment` decimal(9,2) DEFAULT NULL,
  `salary_new_rate` decimal(9,2) DEFAULT NULL,
  `salary_new_rate_two` decimal(9,2) DEFAULT NULL,
  `salary_effectivity_date` date DEFAULT NULL,
  `created_at` timestamp NULL DEFAULT NULL,
  `updated_at` timestamp NULL DEFAULT NULL,
  `updated_by` int(11) DEFAULT NULL,
  `created_by` int(11) DEFAULT NULL,
  PRIMARY KEY (`id`)
) ENGINE=InnoDB AUTO_INCREMENT=79 DEFAULT CHARSET=latin1;

-- Dumping data for table mwss.pms_salaryinfo: ~78 rows (approximately)
/*!40000 ALTER TABLE `pms_salaryinfo` DISABLE KEYS */;
INSERT INTO `pms_salaryinfo` (`id`, `employee_id`, `employee_number`, `salarygrade_id`, `jobgrade_id`, `positionitem_id`, `position_id`, `employee_status_id`, `step_inc`, `salary_description`, `salary_old_rate`, `salary_adjustment`, `salary_new_rate`, `salary_new_rate_two`, `salary_effectivity_date`, `created_at`, `updated_at`, `updated_by`, `created_by`) VALUES
	(1, 1, NULL, 9, 0, NULL, 61, 3, '0', NULL, NULL, NULL, 38543.00, 0.00, '2018-10-01', NULL, NULL, NULL, 0),
	(2, 2, NULL, 9, 0, NULL, 62, 3, '0', NULL, NULL, NULL, 38085.00, 0.00, '2018-10-01', NULL, NULL, NULL, 0),
	(3, 3, NULL, 14, 0, NULL, 63, 3, '0', NULL, NULL, NULL, 62318.00, 0.00, '2018-10-01', NULL, NULL, NULL, 0),
	(4, 4, NULL, 1, 0, NULL, 22, 3, '0', NULL, NULL, NULL, 15254.00, 0.00, '2018-10-01', NULL, NULL, NULL, 0),
	(5, 5, NULL, 11, 0, NULL, 13, 3, '0', NULL, NULL, NULL, 51428.00, 0.00, '2018-10-01', NULL, NULL, NULL, 0),
	(6, 6, NULL, 14, 0, NULL, 11, 3, '0', NULL, NULL, NULL, 64200.00, 0.00, '2018-10-01', NULL, NULL, NULL, 0),
	(7, 7, NULL, 14, 0, NULL, 64, 3, '0', NULL, NULL, NULL, 64200.00, 0.00, '2018-10-01', NULL, NULL, NULL, 0),
	(8, 8, NULL, 16, 0, NULL, 65, 3, '0', NULL, NULL, NULL, 92108.00, 0.00, '2018-10-01', NULL, NULL, NULL, 0),
	(9, 9, NULL, 14, 0, NULL, 66, 3, '0', NULL, NULL, NULL, 63252.00, 0.00, '2018-10-01', NULL, NULL, NULL, 0),
	(10, 10, NULL, 16, 0, NULL, 67, 3, '0', NULL, NULL, NULL, 100708.00, 0.00, '2018-10-01', NULL, NULL, NULL, 0),
	(11, 11, NULL, 16, 0, NULL, 68, 3, '0', NULL, NULL, NULL, 92108.00, 0.00, '2018-10-01', NULL, NULL, NULL, 0),
	(12, 12, NULL, 9, 0, NULL, 69, 3, '0', NULL, NULL, NULL, 41413.00, 0.00, '2018-10-01', NULL, NULL, NULL, 0),
	(13, 13, NULL, 11, 0, NULL, 14, 3, '0', NULL, NULL, NULL, 49184.00, 0.00, '2018-10-01', NULL, NULL, NULL, 0),
	(14, 14, NULL, 8, 0, NULL, 70, 3, '0', NULL, NULL, NULL, 34130.00, 0.00, '2018-10-01', NULL, NULL, NULL, 0),
	(15, 15, NULL, 16, 0, NULL, 71, 3, '0', NULL, NULL, NULL, 92108.00, 0.00, '2018-10-01', NULL, NULL, NULL, 0),
	(16, 16, NULL, 5, 0, NULL, 72, 3, '0', NULL, NULL, NULL, 22149.00, 0.00, '2018-10-01', NULL, NULL, NULL, 0),
	(17, 17, NULL, 10, 0, NULL, 73, 3, '0', NULL, NULL, NULL, 42730.00, 0.00, '2018-10-01', NULL, NULL, NULL, 0),
	(18, 18, NULL, 1, 0, NULL, 74, 3, '0', NULL, NULL, NULL, 15380.00, 0.00, '2018-10-01', NULL, NULL, NULL, 0),
	(19, 19, NULL, 1, 0, NULL, 74, 3, '0', NULL, NULL, NULL, 15380.00, 0.00, '2018-10-01', NULL, NULL, NULL, 0),
	(20, 20, NULL, 13, 0, NULL, 18, 3, '0', NULL, NULL, NULL, 53341.00, 0.00, '2018-10-01', NULL, NULL, NULL, 0),
	(21, 21, NULL, 10, 0, NULL, 27, 3, '0', NULL, NULL, NULL, 42730.00, 0.00, '2018-10-01', NULL, NULL, NULL, 0),
	(22, 22, NULL, 14, 0, NULL, 64, 3, '0', NULL, NULL, NULL, 59597.00, 0.00, '2018-10-01', NULL, NULL, NULL, 0),
	(23, 23, NULL, 1, 0, NULL, 74, 3, '0', NULL, NULL, NULL, 15254.00, 0.00, '2018-10-01', NULL, NULL, NULL, 0),
	(24, 24, NULL, 9, 0, NULL, 61, 3, '0', NULL, NULL, NULL, 38085.00, 0.00, '2018-10-01', NULL, NULL, NULL, 0),
	(25, 25, NULL, 1, 0, NULL, 74, 3, '0', NULL, NULL, NULL, 15254.00, 0.00, '2018-10-01', NULL, NULL, NULL, 0),
	(26, 26, NULL, 6, 0, NULL, 4, 3, '0', NULL, NULL, NULL, 24224.00, 0.00, '2018-10-01', NULL, NULL, NULL, 0),
	(27, 27, NULL, 1, 0, NULL, 74, 3, '0', NULL, NULL, NULL, 15254.00, 0.00, '2018-10-01', NULL, NULL, NULL, 0),
	(28, 28, NULL, 9, 0, NULL, 61, 3, '0', NULL, NULL, NULL, 38085.00, 0.00, '2018-10-01', NULL, NULL, NULL, 0),
	(29, 29, NULL, 17, 0, NULL, 75, 3, '0', NULL, NULL, NULL, 114981.00, 0.00, '2018-10-01', NULL, NULL, NULL, 0),
	(30, 30, NULL, 15, 0, NULL, 23, 3, '0', NULL, NULL, NULL, 65604.00, 0.00, '2018-10-01', NULL, NULL, NULL, 0),
	(31, 31, NULL, 1, 0, NULL, 74, 3, '0', NULL, NULL, NULL, 15254.00, 0.00, '2018-10-01', NULL, NULL, NULL, 0),
	(32, 32, NULL, 16, 0, NULL, 76, 3, '0', NULL, NULL, NULL, 92108.00, 0.00, '2018-10-01', NULL, NULL, NULL, 0),
	(33, 33, NULL, 9, 0, NULL, 77, 3, '0', NULL, NULL, NULL, 38085.00, 0.00, '2018-10-01', NULL, NULL, NULL, 0),
	(34, 34, NULL, 1, 0, NULL, 74, 3, '0', NULL, NULL, NULL, 15254.00, 0.00, '2018-10-01', NULL, NULL, NULL, 0),
	(35, 35, NULL, 14, 0, NULL, 64, 3, '0', NULL, NULL, NULL, 58717.00, 0.00, '2018-10-01', NULL, NULL, NULL, 0),
	(36, 36, NULL, NULL, 0, NULL, 0, 4, NULL, NULL, NULL, NULL, 40085.00, 0.00, '2018-10-01', NULL, NULL, NULL, 0),
	(37, 37, NULL, NULL, 0, NULL, 0, 4, NULL, NULL, NULL, NULL, 18282.00, 0.00, '2018-10-01', NULL, NULL, NULL, 0),
	(38, 38, NULL, NULL, 0, NULL, 0, 4, NULL, NULL, NULL, NULL, 17254.00, 0.00, '2018-10-01', NULL, NULL, NULL, 0),
	(39, 39, NULL, NULL, 0, NULL, 0, 4, NULL, NULL, NULL, NULL, 17254.00, 0.00, '2018-10-01', NULL, NULL, NULL, 0),
	(40, 40, NULL, NULL, 0, NULL, 0, 4, NULL, NULL, NULL, NULL, 18282.00, 0.00, '2018-10-01', NULL, NULL, NULL, 0),
	(41, 41, NULL, NULL, 0, NULL, 0, 4, NULL, NULL, NULL, NULL, 18282.00, 0.00, '2018-10-01', NULL, NULL, NULL, 0),
	(42, 42, NULL, NULL, 0, NULL, 0, 4, NULL, NULL, NULL, NULL, 26224.00, 0.00, '2018-10-01', NULL, NULL, NULL, 0),
	(43, 43, NULL, NULL, 0, NULL, 0, 4, NULL, NULL, NULL, NULL, 40085.00, 0.00, '2018-10-01', NULL, NULL, NULL, 0),
	(44, 44, NULL, NULL, 0, NULL, 0, 4, NULL, NULL, NULL, NULL, 18282.00, 0.00, '2018-10-01', NULL, NULL, NULL, 0),
	(45, 45, NULL, NULL, 0, NULL, 0, 4, NULL, NULL, NULL, NULL, 18282.00, 0.00, '2018-10-01', NULL, NULL, NULL, 0),
	(46, 46, NULL, NULL, 0, NULL, 29, 4, NULL, NULL, NULL, NULL, 24940.00, 0.00, '2000-12-02', NULL, NULL, NULL, 0),
	(47, 47, NULL, 17, 0, NULL, 10, 3, '1', NULL, NULL, NULL, 114981.00, 0.00, '2017-08-10', NULL, NULL, NULL, 0),
	(48, 48, NULL, 1, 0, NULL, 17, 3, '6', NULL, NULL, NULL, 15895.00, 0.00, '1998-01-19', NULL, NULL, NULL, 0),
	(49, 49, NULL, 9, 0, NULL, 12, 3, '8', NULL, NULL, NULL, 41413.00, 0.00, '1997-10-01', NULL, NULL, NULL, 0),
	(50, 50, NULL, 11, 0, NULL, 14, 3, '4', NULL, NULL, NULL, 49184.00, 0.00, '2009-02-23', NULL, NULL, NULL, 0),
	(51, 51, NULL, 9, 0, NULL, 8, 3, '1', NULL, NULL, NULL, 38085.00, 0.00, '2017-11-20', NULL, NULL, NULL, 0),
	(52, 52, NULL, 1, 0, NULL, 17, 3, '6', NULL, NULL, NULL, 15895.00, 0.00, '1999-03-03', NULL, NULL, NULL, 0),
	(53, 53, NULL, 13, 0, NULL, 24, 3, '1', NULL, NULL, NULL, 52554.00, 0.00, '2017-11-20', NULL, NULL, NULL, 0),
	(54, 54, NULL, NULL, 0, NULL, 30, 4, NULL, NULL, NULL, NULL, 31010.00, 0.00, '2018-06-04', NULL, NULL, NULL, 0),
	(55, 55, NULL, 17, 0, NULL, 10, 3, '1', NULL, NULL, NULL, 114981.00, 0.00, '2016-03-16', NULL, NULL, NULL, 0),
	(56, 56, NULL, 9, 0, NULL, 12, 3, '8', NULL, NULL, NULL, 41413.00, 0.00, '1997-09-29', NULL, NULL, NULL, 0),
	(57, 57, NULL, NULL, 0, NULL, 57, 4, NULL, NULL, NULL, NULL, 17254.00, 0.00, '2018-08-13', NULL, NULL, NULL, 0),
	(58, 58, NULL, 1, 0, NULL, 17, 3, '6', NULL, NULL, NULL, 15895.00, 0.00, '1998-02-16', NULL, NULL, NULL, 0),
	(59, 59, NULL, 16, 0, NULL, 6, 3, '1', NULL, NULL, NULL, 92108.00, 0.00, '2018-01-03', NULL, NULL, NULL, 0),
	(60, 60, NULL, 15, 0, NULL, 2, 3, '1', NULL, NULL, NULL, 65604.00, 0.00, '2017-08-01', NULL, NULL, NULL, 0),
	(61, 61, NULL, 11, 0, NULL, 14, 3, '5', NULL, NULL, NULL, 49921.00, 0.00, '2003-12-01', NULL, NULL, NULL, 0),
	(62, 62, NULL, NULL, 0, NULL, 57, 4, NULL, NULL, NULL, NULL, 17254.00, 0.00, '2018-06-08', NULL, NULL, NULL, 0),
	(63, 63, NULL, 7, 0, NULL, 58, 3, '1', NULL, NULL, NULL, 29010.00, 0.00, '2014-06-01', NULL, NULL, NULL, 0),
	(64, 64, NULL, 1, 0, NULL, 17, 3, '2', NULL, NULL, NULL, 15380.00, 0.00, '2015-07-27', NULL, NULL, NULL, 0),
	(65, 65, NULL, 1, 0, NULL, 17, 3, '6', NULL, NULL, NULL, 15895.00, 0.00, '1998-11-16', NULL, NULL, NULL, 0),
	(66, 66, NULL, 16, 0, NULL, 6, 3, '8', NULL, NULL, NULL, 102217.00, 0.00, '1997-09-01', NULL, NULL, NULL, 0),
	(67, 67, NULL, NULL, 0, NULL, 57, 4, NULL, NULL, NULL, NULL, 17254.00, 0.00, '2018-09-25', NULL, NULL, NULL, 0),
	(68, 68, NULL, NULL, 0, NULL, 30, 4, NULL, NULL, NULL, NULL, 22179.00, 0.00, '2018-05-02', NULL, NULL, NULL, 0),
	(69, 69, NULL, 14, 0, NULL, 11, 3, '8', NULL, NULL, NULL, 65162.00, 0.00, '1997-10-01', NULL, NULL, NULL, 0),
	(70, 70, NULL, NULL, 0, NULL, 57, 4, NULL, NULL, NULL, NULL, 17254.00, 0.00, '2018-10-01', NULL, NULL, NULL, 0),
	(71, 71, NULL, 2, 0, NULL, 59, 3, '2', NULL, NULL, NULL, 17627.00, 0.00, '2015-07-16', NULL, NULL, NULL, 0),
	(72, 72, NULL, 9, 0, NULL, 12, 3, '1', NULL, NULL, NULL, 38085.00, 0.00, '2016-03-14', NULL, NULL, NULL, 0),
	(73, 73, NULL, NULL, 0, NULL, 29, 4, NULL, NULL, NULL, NULL, 18282.00, 0.00, '2018-06-10', NULL, NULL, NULL, 0),
	(74, 74, NULL, 18, 0, NULL, 60, 1, '1', NULL, NULL, NULL, 128467.00, 0.00, '2017-08-01', NULL, NULL, NULL, 0),
	(75, 75, NULL, NULL, 0, NULL, 57, 4, NULL, NULL, NULL, NULL, 17254.00, 0.00, '2018-10-03', NULL, NULL, NULL, 0),
	(76, 76, NULL, 14, 0, NULL, 25, 3, '5', NULL, NULL, NULL, 62318.00, 0.00, '2004-02-16', NULL, NULL, NULL, 0),
	(77, 77, NULL, 1, 0, NULL, 7, 3, '1', NULL, NULL, NULL, 15254.00, 0.00, '2018-10-01', NULL, NULL, NULL, 0),
	(78, 78, NULL, 14, 0, NULL, 26, 3, '8', NULL, NULL, NULL, 65162.00, 0.00, '1997-10-01', NULL, NULL, NULL, 0);
/*!40000 ALTER TABLE `pms_salaryinfo` ENABLE KEYS */;

-- Dumping structure for table mwss.pms_salary_adjustments
DROP TABLE IF EXISTS `pms_salary_adjustments`;
CREATE TABLE IF NOT EXISTS `pms_salary_adjustments` (
  `id` int(11) NOT NULL AUTO_INCREMENT,
  `employee_id` int(11) DEFAULT NULL,
  `employee_number` varchar(225) DEFAULT NULL,
  `old_basic_pay_amount` decimal(13,2) DEFAULT NULL,
  `new_basic_pay_amount` decimal(13,2) DEFAULT NULL,
  `salary_adjustment_amount` decimal(13,2) DEFAULT NULL,
  `gsis_cont_amount` decimal(13,2) DEFAULT NULL,
  `philhealth_cont_amount` decimal(13,2) DEFAULT NULL,
  `provident_fund_amount` decimal(13,2) DEFAULT NULL,
  `wtax_amount` decimal(13,2) DEFAULT NULL,
  `first_deduction_amount` decimal(13,2) DEFAULT NULL,
  `second_deduction_amount` decimal(13,2) DEFAULT NULL,
  `third_deduction_amount` decimal(13,2) DEFAULT NULL,
  `fourth_deduction_amount` decimal(13,2) DEFAULT NULL,
  `date_from` date DEFAULT NULL,
  `date_to` date DEFAULT NULL,
  `transaction_date` date DEFAULT NULL,
  `created_by` int(11) DEFAULT NULL,
  `updated_by` int(11) DEFAULT NULL,
  `created_at` timestamp NULL DEFAULT NULL,
  `updated_at` timestamp NULL DEFAULT NULL,
  PRIMARY KEY (`id`)
) ENGINE=InnoDB AUTO_INCREMENT=3 DEFAULT CHARSET=latin1;

-- Dumping data for table mwss.pms_salary_adjustments: ~2 rows (approximately)
/*!40000 ALTER TABLE `pms_salary_adjustments` DISABLE KEYS */;
INSERT INTO `pms_salary_adjustments` (`id`, `employee_id`, `employee_number`, `old_basic_pay_amount`, `new_basic_pay_amount`, `salary_adjustment_amount`, `gsis_cont_amount`, `philhealth_cont_amount`, `provident_fund_amount`, `wtax_amount`, `first_deduction_amount`, `second_deduction_amount`, `third_deduction_amount`, `fourth_deduction_amount`, `date_from`, `date_to`, `transaction_date`, `created_by`, `updated_by`, `created_at`, `updated_at`) VALUES
	(1, 9, NULL, 0.00, 63252.00, 63252.00, 4879.44, 1739.43, 0.00, 0.00, 0.00, 0.00, 0.00, 0.00, '2018-11-04', '2018-11-24', '2018-11-06', 2, NULL, '2018-11-22 14:27:23', '2018-11-22 14:27:23'),
	(2, 17, NULL, 0.00, 42730.00, 42730.00, 915.64, 1175.08, 0.00, 0.00, 0.00, 0.00, 0.00, 0.00, '2018-11-25', '2018-11-30', '2018-11-23', 2, NULL, '2018-11-23 02:15:51', '2018-11-23 02:15:51');
/*!40000 ALTER TABLE `pms_salary_adjustments` ENABLE KEYS */;

-- Dumping structure for table mwss.pms_specialpayroll_transactions
DROP TABLE IF EXISTS `pms_specialpayroll_transactions`;
CREATE TABLE IF NOT EXISTS `pms_specialpayroll_transactions` (
  `id` int(11) NOT NULL AUTO_INCREMENT,
  `employee_id` int(11) DEFAULT NULL,
  `employee_number` varchar(225) DEFAULT NULL,
  `benefit_info_id` int(11) DEFAULT NULL,
  `position_item_id` int(11) DEFAULT NULL,
  `position_id` int(11) DEFAULT NULL,
  `division_id` int(11) DEFAULT NULL,
  `office_id` int(11) DEFAULT NULL,
  `percentage` decimal(9,2) DEFAULT NULL,
  `cost_uniform_amount` decimal(9,2) DEFAULT NULL,
  `no_of_months_entitled` decimal(9,2) DEFAULT NULL,
  `cash_gift_amount` decimal(9,2) DEFAULT NULL,
  `cna_amount` decimal(9,2) DEFAULT NULL,
  `amount` decimal(9,2) DEFAULT NULL,
  `status` varchar(50) DEFAULT NULL,
  `year` varchar(50) DEFAULT NULL,
  `month` varchar(50) DEFAULT NULL,
  `created_by` int(11) DEFAULT NULL,
  `created_at` timestamp NULL DEFAULT NULL,
  `updated_by` int(11) DEFAULT NULL,
  `updated_at` timestamp NULL DEFAULT NULL,
  PRIMARY KEY (`id`)
) ENGINE=InnoDB AUTO_INCREMENT=296 DEFAULT CHARSET=latin1;

-- Dumping data for table mwss.pms_specialpayroll_transactions: ~0 rows (approximately)
/*!40000 ALTER TABLE `pms_specialpayroll_transactions` DISABLE KEYS */;
INSERT INTO `pms_specialpayroll_transactions` (`id`, `employee_id`, `employee_number`, `benefit_info_id`, `position_item_id`, `position_id`, `division_id`, `office_id`, `percentage`, `cost_uniform_amount`, `no_of_months_entitled`, `cash_gift_amount`, `cna_amount`, `amount`, `status`, `year`, `month`, `created_by`, `created_at`, `updated_by`, `updated_at`) VALUES
	(1, 17, NULL, NULL, NULL, 73, NULL, NULL, 30.00, NULL, NULL, NULL, 7500.00, 1500.00, 'pei', '2018', 'January', NULL, '2018-11-23 05:52:28', NULL, '2018-11-23 05:52:28'),
	(2, 22, NULL, NULL, NULL, 64, NULL, NULL, 30.00, NULL, NULL, NULL, 7500.00, 1500.00, 'pei', '2018', 'January', NULL, '2018-11-23 05:52:28', NULL, '2018-11-23 05:52:28'),
	(3, 47, NULL, NULL, NULL, 10, NULL, NULL, 100.00, NULL, NULL, NULL, 25000.00, 5000.00, 'pei', '2018', 'January', NULL, '2018-11-23 05:52:28', NULL, '2018-11-23 05:52:28'),
	(4, 10, NULL, NULL, NULL, 67, NULL, NULL, 30.00, NULL, NULL, NULL, 7500.00, 1500.00, 'pei', '2018', 'January', NULL, '2018-11-23 05:52:29', NULL, '2018-11-23 05:52:29'),
	(5, 30, NULL, NULL, NULL, 23, NULL, NULL, 30.00, NULL, NULL, NULL, 7500.00, 1500.00, 'pei', '2018', 'January', NULL, '2018-11-23 05:52:29', NULL, '2018-11-23 05:52:29'),
	(6, 24, NULL, NULL, NULL, 61, NULL, NULL, 30.00, NULL, NULL, NULL, 7500.00, 1500.00, 'pei', '2018', 'January', NULL, '2018-11-23 05:52:29', NULL, '2018-11-23 05:52:29'),
	(7, 35, NULL, NULL, NULL, 64, NULL, NULL, 30.00, NULL, NULL, NULL, 7500.00, 1500.00, 'pei', '2018', 'January', NULL, '2018-11-23 05:52:29', NULL, '2018-11-23 05:52:29'),
	(8, 48, NULL, NULL, NULL, 17, NULL, NULL, 100.00, NULL, NULL, NULL, 25000.00, 5000.00, 'pei', '2018', 'January', NULL, '2018-11-23 05:52:29', NULL, '2018-11-23 05:52:29'),
	(9, 9, NULL, NULL, NULL, 66, NULL, NULL, 30.00, NULL, NULL, NULL, 7500.00, 1500.00, 'pei', '2018', 'January', NULL, '2018-11-23 05:52:29', NULL, '2018-11-23 05:52:29'),
	(10, 5, NULL, NULL, NULL, 13, NULL, NULL, 30.00, NULL, NULL, NULL, 7500.00, 1500.00, 'pei', '2018', 'January', NULL, '2018-11-23 05:52:29', NULL, '2018-11-23 05:52:29'),
	(11, 19, NULL, NULL, NULL, 74, NULL, NULL, 30.00, NULL, NULL, NULL, 7500.00, 1500.00, 'pei', '2018', 'January', NULL, '2018-11-23 05:52:29', NULL, '2018-11-23 05:52:29'),
	(12, 23, NULL, NULL, NULL, 74, NULL, NULL, 30.00, NULL, NULL, NULL, 7500.00, 1500.00, 'pei', '2018', 'January', NULL, '2018-11-23 05:52:29', NULL, '2018-11-23 05:52:29'),
	(13, 29, NULL, NULL, NULL, 75, NULL, NULL, 30.00, NULL, NULL, NULL, 7500.00, 1500.00, 'pei', '2018', 'January', NULL, '2018-11-23 05:52:29', NULL, '2018-11-23 05:52:29'),
	(14, 27, NULL, NULL, NULL, 74, NULL, NULL, 30.00, NULL, NULL, NULL, 7500.00, 1500.00, 'pei', '2018', 'January', NULL, '2018-11-23 05:52:29', NULL, '2018-11-23 05:52:29'),
	(15, 49, NULL, NULL, NULL, 12, NULL, NULL, 100.00, NULL, NULL, NULL, 25000.00, 5000.00, 'pei', '2018', 'January', NULL, '2018-11-23 05:52:29', NULL, '2018-11-23 05:52:29'),
	(16, 13, NULL, NULL, NULL, 14, NULL, NULL, 30.00, NULL, NULL, NULL, 7500.00, 1500.00, 'pei', '2018', 'January', NULL, '2018-11-23 05:52:29', NULL, '2018-11-23 05:52:29'),
	(17, 50, NULL, NULL, NULL, 14, NULL, NULL, 100.00, NULL, NULL, NULL, 25000.00, 5000.00, 'pei', '2018', 'January', NULL, '2018-11-23 05:52:29', NULL, '2018-11-23 05:52:29'),
	(18, 28, NULL, NULL, NULL, 61, NULL, NULL, 30.00, NULL, NULL, NULL, 7500.00, 1500.00, 'pei', '2018', 'January', NULL, '2018-11-23 05:52:29', NULL, '2018-11-23 05:52:29'),
	(19, 14, NULL, NULL, NULL, 70, NULL, NULL, 30.00, NULL, NULL, NULL, 7500.00, 1500.00, 'pei', '2018', 'January', NULL, '2018-11-23 05:52:29', NULL, '2018-11-23 05:52:29'),
	(20, 7, NULL, NULL, NULL, 64, NULL, NULL, 30.00, NULL, NULL, NULL, 7500.00, 1500.00, 'pei', '2018', 'January', NULL, '2018-11-23 05:52:29', NULL, '2018-11-23 05:52:29'),
	(21, 20, NULL, NULL, NULL, 18, NULL, NULL, 30.00, NULL, NULL, NULL, 7500.00, 1500.00, 'pei', '2018', 'January', NULL, '2018-11-23 05:52:30', NULL, '2018-11-23 05:52:30'),
	(22, 51, NULL, NULL, NULL, 8, NULL, NULL, 100.00, NULL, NULL, NULL, 25000.00, 5000.00, 'pei', '2018', 'January', NULL, '2018-11-23 05:52:30', NULL, '2018-11-23 05:52:30'),
	(23, 52, NULL, NULL, NULL, 17, NULL, NULL, 100.00, NULL, NULL, NULL, 25000.00, 5000.00, 'pei', '2018', 'January', NULL, '2018-11-23 05:52:30', NULL, '2018-11-23 05:52:30'),
	(24, 8, NULL, NULL, NULL, 65, NULL, NULL, 30.00, NULL, NULL, NULL, 7500.00, 1500.00, 'pei', '2018', 'January', NULL, '2018-11-23 05:52:30', NULL, '2018-11-23 05:52:30'),
	(25, 11, NULL, NULL, NULL, 68, NULL, NULL, 30.00, NULL, NULL, NULL, 7500.00, 1500.00, 'pei', '2018', 'January', NULL, '2018-11-23 05:52:30', NULL, '2018-11-23 05:52:30'),
	(26, 34, NULL, NULL, NULL, 74, NULL, NULL, 30.00, NULL, NULL, NULL, 7500.00, 1500.00, 'pei', '2018', 'January', NULL, '2018-11-23 05:52:30', NULL, '2018-11-23 05:52:30'),
	(27, 53, NULL, NULL, NULL, 24, NULL, NULL, 100.00, NULL, NULL, NULL, 25000.00, 5000.00, 'pei', '2018', 'January', NULL, '2018-11-23 05:52:30', NULL, '2018-11-23 05:52:30'),
	(28, 33, NULL, NULL, NULL, 77, NULL, NULL, 30.00, NULL, NULL, NULL, 7500.00, 1500.00, 'pei', '2018', 'January', NULL, '2018-11-23 05:52:30', NULL, '2018-11-23 05:52:30'),
	(29, 25, NULL, NULL, NULL, 74, NULL, NULL, 30.00, NULL, NULL, NULL, 7500.00, 1500.00, 'pei', '2018', 'January', NULL, '2018-11-23 05:52:30', NULL, '2018-11-23 05:52:30'),
	(30, 55, NULL, NULL, NULL, 10, NULL, NULL, 100.00, NULL, NULL, NULL, 25000.00, 5000.00, 'pei', '2018', 'January', NULL, '2018-11-23 05:52:30', NULL, '2018-11-23 05:52:30'),
	(31, 56, NULL, NULL, NULL, 12, NULL, NULL, 100.00, NULL, NULL, NULL, 25000.00, 5000.00, 'pei', '2018', 'January', NULL, '2018-11-23 05:52:30', NULL, '2018-11-23 05:52:30'),
	(32, 3, NULL, NULL, NULL, 63, NULL, NULL, 30.00, NULL, NULL, NULL, 7500.00, 1500.00, 'pei', '2018', 'January', NULL, '2018-11-23 05:52:30', NULL, '2018-11-23 05:52:30'),
	(33, 6, NULL, NULL, NULL, 11, NULL, NULL, 30.00, NULL, NULL, NULL, 7500.00, 1500.00, 'pei', '2018', 'January', NULL, '2018-11-23 05:52:30', NULL, '2018-11-23 05:52:30'),
	(34, 58, NULL, NULL, NULL, 17, NULL, NULL, 100.00, NULL, NULL, NULL, 25000.00, 5000.00, 'pei', '2018', 'January', NULL, '2018-11-23 05:52:30', NULL, '2018-11-23 05:52:30'),
	(35, 16, NULL, NULL, NULL, 72, NULL, NULL, 30.00, NULL, NULL, NULL, 7500.00, 1500.00, 'pei', '2018', 'January', NULL, '2018-11-23 05:52:30', NULL, '2018-11-23 05:52:30'),
	(36, 59, NULL, NULL, NULL, NULL, NULL, NULL, 20.00, NULL, NULL, NULL, 5000.00, 1000.00, 'pei', '2018', 'January', NULL, '2018-11-23 05:52:30', NULL, '2018-11-23 05:52:30'),
	(37, 60, NULL, NULL, NULL, 2, NULL, NULL, 100.00, NULL, NULL, NULL, 25000.00, 5000.00, 'pei', '2018', 'January', NULL, '2018-11-23 05:52:30', NULL, '2018-11-23 05:52:30'),
	(38, 61, NULL, NULL, NULL, 14, NULL, NULL, 100.00, NULL, NULL, NULL, 25000.00, 5000.00, 'pei', '2018', 'January', NULL, '2018-11-23 05:52:30', NULL, '2018-11-23 05:52:30'),
	(39, 63, NULL, NULL, NULL, 58, NULL, NULL, 100.00, NULL, NULL, NULL, 25000.00, 5000.00, 'pei', '2018', 'January', NULL, '2018-11-23 05:52:30', NULL, '2018-11-23 05:52:30'),
	(40, 2, NULL, NULL, NULL, 62, NULL, NULL, 30.00, NULL, NULL, NULL, 7500.00, 1500.00, 'pei', '2018', 'January', NULL, '2018-11-23 05:52:30', NULL, '2018-11-23 05:52:30'),
	(41, 4, NULL, NULL, NULL, 22, NULL, NULL, 30.00, NULL, NULL, NULL, 7500.00, 1500.00, 'pei', '2018', 'January', NULL, '2018-11-23 05:52:30', NULL, '2018-11-23 05:52:30'),
	(42, 64, NULL, NULL, NULL, 17, NULL, NULL, 100.00, NULL, NULL, NULL, 25000.00, 5000.00, 'pei', '2018', 'January', NULL, '2018-11-23 05:52:31', NULL, '2018-11-23 05:52:31'),
	(43, 15, NULL, NULL, NULL, 71, NULL, NULL, 30.00, NULL, NULL, NULL, 7500.00, 1500.00, 'pei', '2018', 'January', NULL, '2018-11-23 05:52:31', NULL, '2018-11-23 05:52:31'),
	(44, 65, NULL, NULL, NULL, 17, NULL, NULL, 100.00, NULL, NULL, NULL, 25000.00, 5000.00, 'pei', '2018', 'January', NULL, '2018-11-23 05:52:31', NULL, '2018-11-23 05:52:31'),
	(45, 66, NULL, NULL, NULL, 6, NULL, NULL, 100.00, NULL, NULL, NULL, 25000.00, 5000.00, 'pei', '2018', 'January', NULL, '2018-11-23 05:52:31', NULL, '2018-11-23 05:52:31'),
	(46, 21, NULL, NULL, NULL, 27, NULL, NULL, 30.00, NULL, NULL, NULL, 7500.00, 1500.00, 'pei', '2018', 'January', NULL, '2018-11-23 05:52:31', NULL, '2018-11-23 05:52:31'),
	(47, 26, NULL, NULL, NULL, 4, NULL, NULL, 30.00, NULL, NULL, NULL, 7500.00, 1500.00, 'pei', '2018', 'January', NULL, '2018-11-23 05:52:31', NULL, '2018-11-23 05:52:31'),
	(48, 69, NULL, NULL, NULL, 11, NULL, NULL, 100.00, NULL, NULL, NULL, 25000.00, 5000.00, 'pei', '2018', 'January', NULL, '2018-11-23 05:52:31', NULL, '2018-11-23 05:52:31'),
	(49, 1, NULL, NULL, NULL, 61, NULL, NULL, 30.00, NULL, NULL, NULL, 7500.00, 1500.00, 'pei', '2018', 'January', NULL, '2018-11-23 05:52:31', NULL, '2018-11-23 05:52:31'),
	(50, 31, NULL, NULL, NULL, 74, NULL, NULL, 30.00, NULL, NULL, NULL, 7500.00, 1500.00, 'pei', '2018', 'January', NULL, '2018-11-23 05:52:31', NULL, '2018-11-23 05:52:31'),
	(51, 71, NULL, NULL, NULL, 59, NULL, NULL, 100.00, NULL, NULL, NULL, 25000.00, 5000.00, 'pei', '2018', 'January', NULL, '2018-11-23 05:52:31', NULL, '2018-11-23 05:52:31'),
	(52, 72, NULL, NULL, NULL, 12, NULL, NULL, 100.00, NULL, NULL, NULL, 25000.00, 5000.00, 'pei', '2018', 'January', NULL, '2018-11-23 05:52:31', NULL, '2018-11-23 05:52:31'),
	(53, 74, NULL, NULL, NULL, 60, NULL, NULL, 100.00, NULL, NULL, NULL, 25000.00, 5000.00, 'pei', '2018', 'January', NULL, '2018-11-23 05:52:31', NULL, '2018-11-23 05:52:31'),
	(54, 76, NULL, NULL, NULL, 25, NULL, NULL, 100.00, NULL, NULL, NULL, 25000.00, 5000.00, 'pei', '2018', 'January', NULL, '2018-11-23 05:52:31', NULL, '2018-11-23 05:52:31'),
	(55, 77, NULL, NULL, NULL, 7, NULL, NULL, 30.00, NULL, NULL, NULL, 7500.00, 1500.00, 'pei', '2018', 'January', NULL, '2018-11-23 05:52:31', NULL, '2018-11-23 05:52:31'),
	(56, 18, NULL, NULL, NULL, 74, NULL, NULL, 30.00, NULL, NULL, NULL, 7500.00, 1500.00, 'pei', '2018', 'January', NULL, '2018-11-23 05:52:31', NULL, '2018-11-23 05:52:31'),
	(57, 12, NULL, NULL, NULL, 69, NULL, NULL, 30.00, NULL, NULL, NULL, 7500.00, 1500.00, 'pei', '2018', 'January', NULL, '2018-11-23 05:52:31', NULL, '2018-11-23 05:52:31'),
	(58, 32, NULL, NULL, NULL, 76, NULL, NULL, 30.00, NULL, NULL, NULL, 7500.00, 1500.00, 'pei', '2018', 'January', NULL, '2018-11-23 05:52:31', NULL, '2018-11-23 05:52:31'),
	(59, 78, NULL, NULL, NULL, 26, NULL, NULL, 100.00, NULL, NULL, NULL, 25000.00, 5000.00, 'pei', '2018', 'January', NULL, '2018-11-23 05:52:31', NULL, '2018-11-23 05:52:31'),
	(60, 17, NULL, NULL, NULL, 73, 0, 1, NULL, NULL, NULL, NULL, NULL, 300.00, 'pbb', '2018', 'January', 2, '2018-11-23 05:52:41', NULL, '2018-11-23 05:52:41'),
	(61, 22, NULL, NULL, NULL, 64, 0, 0, NULL, NULL, NULL, NULL, NULL, 300.00, 'pbb', '2018', 'January', 2, '2018-11-23 05:52:41', NULL, '2018-11-23 05:52:41'),
	(62, 47, NULL, NULL, NULL, 10, 0, 2, NULL, NULL, NULL, NULL, NULL, 300.00, 'pbb', '2018', 'January', 2, '2018-11-23 05:52:41', NULL, '2018-11-23 05:52:41'),
	(63, 10, NULL, NULL, NULL, 67, 0, 0, NULL, NULL, NULL, NULL, NULL, 300.00, 'pbb', '2018', 'January', 2, '2018-11-23 05:52:41', NULL, '2018-11-23 05:52:41'),
	(64, 30, NULL, NULL, NULL, 23, 0, 0, NULL, NULL, NULL, NULL, NULL, 300.00, 'pbb', '2018', 'January', 2, '2018-11-23 05:52:41', NULL, '2018-11-23 05:52:41'),
	(65, 24, NULL, NULL, NULL, 61, 0, 0, NULL, NULL, NULL, NULL, NULL, 300.00, 'pbb', '2018', 'January', 2, '2018-11-23 05:52:42', NULL, '2018-11-23 05:52:42'),
	(66, 35, NULL, NULL, NULL, 64, 0, 0, NULL, NULL, NULL, NULL, NULL, 300.00, 'pbb', '2018', 'January', 2, '2018-11-23 05:52:42', NULL, '2018-11-23 05:52:42'),
	(67, 48, NULL, NULL, NULL, 17, 4, 3, NULL, NULL, NULL, NULL, NULL, 300.00, 'pbb', '2018', 'January', 2, '2018-11-23 05:52:42', NULL, '2018-11-23 05:52:42'),
	(68, 9, NULL, NULL, NULL, 66, 0, 0, NULL, NULL, NULL, NULL, NULL, 300.00, 'pbb', '2018', 'January', 2, '2018-11-23 05:52:42', NULL, '2018-11-23 05:52:42'),
	(69, 5, NULL, NULL, NULL, 13, 0, 0, NULL, NULL, NULL, NULL, NULL, 300.00, 'pbb', '2018', 'January', 2, '2018-11-23 05:52:42', NULL, '2018-11-23 05:52:42'),
	(70, 19, NULL, NULL, NULL, 74, 0, 0, NULL, NULL, NULL, NULL, NULL, 300.00, 'pbb', '2018', 'January', 2, '2018-11-23 05:52:42', NULL, '2018-11-23 05:52:42'),
	(71, 23, NULL, NULL, NULL, 74, 0, 0, NULL, NULL, NULL, NULL, NULL, 300.00, 'pbb', '2018', 'January', 2, '2018-11-23 05:52:42', NULL, '2018-11-23 05:52:42'),
	(72, 29, NULL, NULL, NULL, 75, 0, 0, NULL, NULL, NULL, NULL, NULL, 300.00, 'pbb', '2018', 'January', 2, '2018-11-23 05:52:42', NULL, '2018-11-23 05:52:42'),
	(73, 27, NULL, NULL, NULL, 74, 0, 0, NULL, NULL, NULL, NULL, NULL, 300.00, 'pbb', '2018', 'January', 2, '2018-11-23 05:52:42', NULL, '2018-11-23 05:52:42'),
	(74, 49, NULL, NULL, NULL, 12, 7, 4, NULL, NULL, NULL, NULL, NULL, 300.00, 'pbb', '2018', 'January', 2, '2018-11-23 05:52:42', NULL, '2018-11-23 05:52:42'),
	(75, 13, NULL, NULL, NULL, 14, 0, 0, NULL, NULL, NULL, NULL, NULL, 300.00, 'pbb', '2018', 'January', 2, '2018-11-23 05:52:42', NULL, '2018-11-23 05:52:42'),
	(76, 50, NULL, NULL, NULL, 14, 4, 3, NULL, NULL, NULL, NULL, NULL, 300.00, 'pbb', '2018', 'January', 2, '2018-11-23 05:52:42', NULL, '2018-11-23 05:52:42'),
	(77, 28, NULL, NULL, NULL, 61, 0, 0, NULL, NULL, NULL, NULL, NULL, 300.00, 'pbb', '2018', 'January', 2, '2018-11-23 05:52:42', NULL, '2018-11-23 05:52:42'),
	(78, 14, NULL, NULL, NULL, 70, 0, 0, NULL, NULL, NULL, NULL, NULL, 300.00, 'pbb', '2018', 'January', 2, '2018-11-23 05:52:42', NULL, '2018-11-23 05:52:42'),
	(79, 7, NULL, NULL, NULL, 64, 0, 0, NULL, NULL, NULL, NULL, NULL, 300.00, 'pbb', '2018', 'January', 2, '2018-11-23 05:52:42', NULL, '2018-11-23 05:52:42'),
	(80, 20, NULL, NULL, NULL, 18, 0, 0, NULL, NULL, NULL, NULL, NULL, 300.00, 'pbb', '2018', 'January', 2, '2018-11-23 05:52:42', NULL, '2018-11-23 05:52:42'),
	(81, 51, NULL, NULL, NULL, 8, 1, 1, NULL, NULL, NULL, NULL, NULL, 300.00, 'pbb', '2018', 'January', 2, '2018-11-23 05:52:42', NULL, '2018-11-23 05:52:42'),
	(82, 52, NULL, NULL, NULL, 17, 4, 3, NULL, NULL, NULL, NULL, NULL, 300.00, 'pbb', '2018', 'January', 2, '2018-11-23 05:52:42', NULL, '2018-11-23 05:52:42'),
	(83, 8, NULL, NULL, NULL, 65, 0, 0, NULL, NULL, NULL, NULL, NULL, 300.00, 'pbb', '2018', 'January', 2, '2018-11-23 05:52:42', NULL, '2018-11-23 05:52:42'),
	(84, 11, NULL, NULL, NULL, 68, 0, 0, NULL, NULL, NULL, NULL, NULL, 300.00, 'pbb', '2018', 'January', 2, '2018-11-23 05:52:43', NULL, '2018-11-23 05:52:43'),
	(85, 34, NULL, NULL, NULL, 74, 0, 0, NULL, NULL, NULL, NULL, NULL, 300.00, 'pbb', '2018', 'January', 2, '2018-11-23 05:52:43', NULL, '2018-11-23 05:52:43'),
	(86, 53, NULL, NULL, NULL, 24, 5, 3, NULL, NULL, NULL, NULL, NULL, 300.00, 'pbb', '2018', 'January', 2, '2018-11-23 05:52:43', NULL, '2018-11-23 05:52:43'),
	(87, 33, NULL, NULL, NULL, 77, 0, 0, NULL, NULL, NULL, NULL, NULL, 300.00, 'pbb', '2018', 'January', 2, '2018-11-23 05:52:43', NULL, '2018-11-23 05:52:43'),
	(88, 25, NULL, NULL, NULL, 74, 0, 0, NULL, NULL, NULL, NULL, NULL, 300.00, 'pbb', '2018', 'January', 2, '2018-11-23 05:52:43', NULL, '2018-11-23 05:52:43'),
	(89, 55, NULL, NULL, NULL, 10, 0, 3, NULL, NULL, NULL, NULL, NULL, 300.00, 'pbb', '2018', 'January', 2, '2018-11-23 05:52:43', NULL, '2018-11-23 05:52:43'),
	(90, 56, NULL, NULL, NULL, 12, 3, 2, NULL, NULL, NULL, NULL, NULL, 300.00, 'pbb', '2018', 'January', 2, '2018-11-23 05:52:43', NULL, '2018-11-23 05:52:43'),
	(91, 3, NULL, NULL, NULL, 63, 0, 0, NULL, NULL, NULL, NULL, NULL, 300.00, 'pbb', '2018', 'January', 2, '2018-11-23 05:52:43', NULL, '2018-11-23 05:52:43'),
	(92, 6, NULL, NULL, NULL, 11, 0, 0, NULL, NULL, NULL, NULL, NULL, 300.00, 'pbb', '2018', 'January', 2, '2018-11-23 05:52:43', NULL, '2018-11-23 05:52:43'),
	(93, 58, NULL, NULL, NULL, 17, 4, 3, NULL, NULL, NULL, NULL, NULL, 300.00, 'pbb', '2018', 'January', 2, '2018-11-23 05:52:43', NULL, '2018-11-23 05:52:43'),
	(94, 16, NULL, NULL, NULL, 72, 0, 0, NULL, NULL, NULL, NULL, NULL, 300.00, 'pbb', '2018', 'January', 2, '2018-11-23 05:52:43', NULL, '2018-11-23 05:52:43'),
	(95, 59, NULL, NULL, NULL, 6, 2, 2, NULL, NULL, NULL, NULL, NULL, 300.00, 'pbb', '2018', 'January', 2, '2018-11-23 05:52:43', NULL, '2018-11-23 05:52:43'),
	(96, 60, NULL, NULL, NULL, 2, 0, 1, NULL, NULL, NULL, NULL, NULL, 300.00, 'pbb', '2018', 'January', 2, '2018-11-23 05:52:43', NULL, '2018-11-23 05:52:43'),
	(97, 61, NULL, NULL, NULL, 14, 4, 3, NULL, NULL, NULL, NULL, NULL, 300.00, 'pbb', '2018', 'January', 2, '2018-11-23 05:52:43', NULL, '2018-11-23 05:52:43'),
	(98, 63, NULL, NULL, NULL, 58, 4, 3, NULL, NULL, NULL, NULL, NULL, 300.00, 'pbb', '2018', 'January', 2, '2018-11-23 05:52:43', NULL, '2018-11-23 05:52:43'),
	(99, 2, NULL, NULL, NULL, 62, 0, 0, NULL, NULL, NULL, NULL, NULL, 300.00, 'pbb', '2018', 'January', 2, '2018-11-23 05:52:43', NULL, '2018-11-23 05:52:43'),
	(100, 4, NULL, NULL, NULL, 22, 0, 0, NULL, NULL, NULL, NULL, NULL, 300.00, 'pbb', '2018', 'January', 2, '2018-11-23 05:52:43', NULL, '2018-11-23 05:52:43'),
	(101, 64, NULL, NULL, NULL, 17, 4, 3, NULL, NULL, NULL, NULL, NULL, 300.00, 'pbb', '2018', 'January', 2, '2018-11-23 05:52:43', NULL, '2018-11-23 05:52:43'),
	(102, 15, NULL, NULL, NULL, 71, 0, 0, NULL, NULL, NULL, NULL, NULL, 300.00, 'pbb', '2018', 'January', 2, '2018-11-23 05:52:43', NULL, '2018-11-23 05:52:43'),
	(103, 65, NULL, NULL, NULL, 17, 4, 3, NULL, NULL, NULL, NULL, NULL, 300.00, 'pbb', '2018', 'January', 2, '2018-11-23 05:52:43', NULL, '2018-11-23 05:52:43'),
	(104, 66, NULL, NULL, NULL, 6, 4, 3, NULL, NULL, NULL, NULL, NULL, 300.00, 'pbb', '2018', 'January', 2, '2018-11-23 05:52:43', NULL, '2018-11-23 05:52:43'),
	(105, 21, NULL, NULL, NULL, 27, 0, 0, NULL, NULL, NULL, NULL, NULL, 300.00, 'pbb', '2018', 'January', 2, '2018-11-23 05:52:44', NULL, '2018-11-23 05:52:44'),
	(106, 26, NULL, NULL, NULL, 4, 0, 0, NULL, NULL, NULL, NULL, NULL, 300.00, 'pbb', '2018', 'January', 2, '2018-11-23 05:52:44', NULL, '2018-11-23 05:52:44'),
	(107, 69, NULL, NULL, NULL, 11, 0, 4, NULL, NULL, NULL, NULL, NULL, 300.00, 'pbb', '2018', 'January', 2, '2018-11-23 05:52:44', NULL, '2018-11-23 05:52:44'),
	(108, 1, NULL, NULL, NULL, 61, 0, 0, NULL, NULL, NULL, NULL, NULL, 300.00, 'pbb', '2018', 'January', 2, '2018-11-23 05:52:44', NULL, '2018-11-23 05:52:44'),
	(109, 31, NULL, NULL, NULL, 74, 0, 0, NULL, NULL, NULL, NULL, NULL, 300.00, 'pbb', '2018', 'January', 2, '2018-11-23 05:52:44', NULL, '2018-11-23 05:52:44'),
	(110, 71, NULL, NULL, NULL, 59, 0, 1, NULL, NULL, NULL, NULL, NULL, 300.00, 'pbb', '2018', 'January', 2, '2018-11-23 05:52:44', NULL, '2018-11-23 05:52:44'),
	(111, 72, NULL, NULL, NULL, 12, 8, 5, NULL, NULL, NULL, NULL, NULL, 300.00, 'pbb', '2018', 'January', 2, '2018-11-23 05:52:44', NULL, '2018-11-23 05:52:44'),
	(112, 74, NULL, NULL, NULL, 60, 0, 1, NULL, NULL, NULL, NULL, NULL, 300.00, 'pbb', '2018', 'January', 2, '2018-11-23 05:52:44', NULL, '2018-11-23 05:52:44'),
	(113, 76, NULL, NULL, NULL, 25, 6, 4, NULL, NULL, NULL, NULL, NULL, 300.00, 'pbb', '2018', 'January', 2, '2018-11-23 05:52:44', NULL, '2018-11-23 05:52:44'),
	(114, 77, NULL, NULL, NULL, 7, 4, 3, NULL, NULL, NULL, NULL, NULL, 300.00, 'pbb', '2018', 'January', 2, '2018-11-23 05:52:44', NULL, '2018-11-23 05:52:44'),
	(115, 18, NULL, NULL, NULL, 74, 0, 0, NULL, NULL, NULL, NULL, NULL, 300.00, 'pbb', '2018', 'January', 2, '2018-11-23 05:52:44', NULL, '2018-11-23 05:52:44'),
	(116, 12, NULL, NULL, NULL, 69, 0, 0, NULL, NULL, NULL, NULL, NULL, 300.00, 'pbb', '2018', 'January', 2, '2018-11-23 05:52:44', NULL, '2018-11-23 05:52:44'),
	(117, 32, NULL, NULL, NULL, 76, 0, 0, NULL, NULL, NULL, NULL, NULL, 300.00, 'pbb', '2018', 'January', 2, '2018-11-23 05:52:44', NULL, '2018-11-23 05:52:44'),
	(118, 78, NULL, NULL, NULL, 26, 7, 4, NULL, NULL, NULL, NULL, NULL, 300.00, 'pbb', '2018', 'January', 2, '2018-11-23 05:52:44', NULL, '2018-11-23 05:52:44'),
	(119, 17, NULL, NULL, NULL, 73, NULL, NULL, NULL, NULL, NULL, NULL, NULL, 42730.00, 'midyearbonus', '2018', 'January', NULL, '2018-11-23 05:53:17', NULL, '2018-11-23 05:53:17'),
	(120, 22, NULL, NULL, NULL, 64, NULL, NULL, NULL, NULL, NULL, NULL, NULL, 59597.00, 'midyearbonus', '2018', 'January', NULL, '2018-11-23 05:53:17', NULL, '2018-11-23 05:53:17'),
	(121, 47, NULL, NULL, NULL, 10, NULL, NULL, NULL, NULL, NULL, NULL, NULL, 114981.00, 'midyearbonus', '2018', 'January', NULL, '2018-11-23 05:53:17', NULL, '2018-11-23 05:53:17'),
	(122, 10, NULL, NULL, NULL, 67, NULL, NULL, NULL, NULL, NULL, NULL, NULL, 100708.00, 'midyearbonus', '2018', 'January', NULL, '2018-11-23 05:53:17', NULL, '2018-11-23 05:53:17'),
	(123, 30, NULL, NULL, NULL, 23, NULL, NULL, NULL, NULL, NULL, NULL, NULL, 65604.00, 'midyearbonus', '2018', 'January', NULL, '2018-11-23 05:53:17', NULL, '2018-11-23 05:53:17'),
	(124, 24, NULL, NULL, NULL, 61, NULL, NULL, NULL, NULL, NULL, NULL, NULL, 38085.00, 'midyearbonus', '2018', 'January', NULL, '2018-11-23 05:53:17', NULL, '2018-11-23 05:53:17'),
	(125, 35, NULL, NULL, NULL, 64, NULL, NULL, NULL, NULL, NULL, NULL, NULL, 58717.00, 'midyearbonus', '2018', 'January', NULL, '2018-11-23 05:53:17', NULL, '2018-11-23 05:53:17'),
	(126, 48, NULL, NULL, NULL, 17, NULL, NULL, NULL, NULL, NULL, NULL, NULL, 15895.00, 'midyearbonus', '2018', 'January', NULL, '2018-11-23 05:53:18', NULL, '2018-11-23 05:53:18'),
	(127, 9, NULL, NULL, NULL, 66, NULL, NULL, NULL, NULL, NULL, NULL, NULL, 63252.00, 'midyearbonus', '2018', 'January', NULL, '2018-11-23 05:53:18', NULL, '2018-11-23 05:53:18'),
	(128, 5, NULL, NULL, NULL, 13, NULL, NULL, NULL, NULL, NULL, NULL, NULL, 51428.00, 'midyearbonus', '2018', 'January', NULL, '2018-11-23 05:53:18', NULL, '2018-11-23 05:53:18'),
	(129, 19, NULL, NULL, NULL, 74, NULL, NULL, NULL, NULL, NULL, NULL, NULL, 15380.00, 'midyearbonus', '2018', 'January', NULL, '2018-11-23 05:53:18', NULL, '2018-11-23 05:53:18'),
	(130, 23, NULL, NULL, NULL, 74, NULL, NULL, NULL, NULL, NULL, NULL, NULL, 15254.00, 'midyearbonus', '2018', 'January', NULL, '2018-11-23 05:53:18', NULL, '2018-11-23 05:53:18'),
	(131, 29, NULL, NULL, NULL, 75, NULL, NULL, NULL, NULL, NULL, NULL, NULL, 114981.00, 'midyearbonus', '2018', 'January', NULL, '2018-11-23 05:53:18', NULL, '2018-11-23 05:53:18'),
	(132, 27, NULL, NULL, NULL, 74, NULL, NULL, NULL, NULL, NULL, NULL, NULL, 15254.00, 'midyearbonus', '2018', 'January', NULL, '2018-11-23 05:53:18', NULL, '2018-11-23 05:53:18'),
	(133, 49, NULL, NULL, NULL, 12, NULL, NULL, NULL, NULL, NULL, NULL, NULL, 41413.00, 'midyearbonus', '2018', 'January', NULL, '2018-11-23 05:53:18', NULL, '2018-11-23 05:53:18'),
	(134, 13, NULL, NULL, NULL, 14, NULL, NULL, NULL, NULL, NULL, NULL, NULL, 49184.00, 'midyearbonus', '2018', 'January', NULL, '2018-11-23 05:53:18', NULL, '2018-11-23 05:53:18'),
	(135, 50, NULL, NULL, NULL, 14, NULL, NULL, NULL, NULL, NULL, NULL, NULL, 49184.00, 'midyearbonus', '2018', 'January', NULL, '2018-11-23 05:53:18', NULL, '2018-11-23 05:53:18'),
	(136, 28, NULL, NULL, NULL, 61, NULL, NULL, NULL, NULL, NULL, NULL, NULL, 38085.00, 'midyearbonus', '2018', 'January', NULL, '2018-11-23 05:53:18', NULL, '2018-11-23 05:53:18'),
	(137, 14, NULL, NULL, NULL, 70, NULL, NULL, NULL, NULL, NULL, NULL, NULL, 34130.00, 'midyearbonus', '2018', 'January', NULL, '2018-11-23 05:53:18', NULL, '2018-11-23 05:53:18'),
	(138, 7, NULL, NULL, NULL, 64, NULL, NULL, NULL, NULL, NULL, NULL, NULL, 64200.00, 'midyearbonus', '2018', 'January', NULL, '2018-11-23 05:53:18', NULL, '2018-11-23 05:53:18'),
	(139, 20, NULL, NULL, NULL, 18, NULL, NULL, NULL, NULL, NULL, NULL, NULL, 53341.00, 'midyearbonus', '2018', 'January', NULL, '2018-11-23 05:53:18', NULL, '2018-11-23 05:53:18'),
	(140, 51, NULL, NULL, NULL, 8, NULL, NULL, NULL, NULL, NULL, NULL, NULL, 38085.00, 'midyearbonus', '2018', 'January', NULL, '2018-11-23 05:53:18', NULL, '2018-11-23 05:53:18'),
	(141, 52, NULL, NULL, NULL, 17, NULL, NULL, NULL, NULL, NULL, NULL, NULL, 15895.00, 'midyearbonus', '2018', 'January', NULL, '2018-11-23 05:53:18', NULL, '2018-11-23 05:53:18'),
	(142, 8, NULL, NULL, NULL, 65, NULL, NULL, NULL, NULL, NULL, NULL, NULL, 92108.00, 'midyearbonus', '2018', 'January', NULL, '2018-11-23 05:53:19', NULL, '2018-11-23 05:53:19'),
	(143, 11, NULL, NULL, NULL, 68, NULL, NULL, NULL, NULL, NULL, NULL, NULL, 92108.00, 'midyearbonus', '2018', 'January', NULL, '2018-11-23 05:53:19', NULL, '2018-11-23 05:53:19'),
	(144, 34, NULL, NULL, NULL, 74, NULL, NULL, NULL, NULL, NULL, NULL, NULL, 15254.00, 'midyearbonus', '2018', 'January', NULL, '2018-11-23 05:53:19', NULL, '2018-11-23 05:53:19'),
	(145, 53, NULL, NULL, NULL, 24, NULL, NULL, NULL, NULL, NULL, NULL, NULL, 52554.00, 'midyearbonus', '2018', 'January', NULL, '2018-11-23 05:53:19', NULL, '2018-11-23 05:53:19'),
	(146, 33, NULL, NULL, NULL, 77, NULL, NULL, NULL, NULL, NULL, NULL, NULL, 38085.00, 'midyearbonus', '2018', 'January', NULL, '2018-11-23 05:53:19', NULL, '2018-11-23 05:53:19'),
	(147, 25, NULL, NULL, NULL, 74, NULL, NULL, NULL, NULL, NULL, NULL, NULL, 15254.00, 'midyearbonus', '2018', 'January', NULL, '2018-11-23 05:53:19', NULL, '2018-11-23 05:53:19'),
	(148, 55, NULL, NULL, NULL, 10, NULL, NULL, NULL, NULL, NULL, NULL, NULL, 114981.00, 'midyearbonus', '2018', 'January', NULL, '2018-11-23 05:53:19', NULL, '2018-11-23 05:53:19'),
	(149, 56, NULL, NULL, NULL, 12, NULL, NULL, NULL, NULL, NULL, NULL, NULL, 41413.00, 'midyearbonus', '2018', 'January', NULL, '2018-11-23 05:53:19', NULL, '2018-11-23 05:53:19'),
	(150, 3, NULL, NULL, NULL, 63, NULL, NULL, NULL, NULL, NULL, NULL, NULL, 62318.00, 'midyearbonus', '2018', 'January', NULL, '2018-11-23 05:53:19', NULL, '2018-11-23 05:53:19'),
	(151, 6, NULL, NULL, NULL, 11, NULL, NULL, NULL, NULL, NULL, NULL, NULL, 64200.00, 'midyearbonus', '2018', 'January', NULL, '2018-11-23 05:53:19', NULL, '2018-11-23 05:53:19'),
	(152, 58, NULL, NULL, NULL, 17, NULL, NULL, NULL, NULL, NULL, NULL, NULL, 15895.00, 'midyearbonus', '2018', 'January', NULL, '2018-11-23 05:53:19', NULL, '2018-11-23 05:53:19'),
	(153, 16, NULL, NULL, NULL, 72, NULL, NULL, NULL, NULL, NULL, NULL, NULL, 22149.00, 'midyearbonus', '2018', 'January', NULL, '2018-11-23 05:53:19', NULL, '2018-11-23 05:53:19'),
	(154, 59, NULL, NULL, NULL, 6, NULL, NULL, NULL, NULL, NULL, NULL, NULL, 92108.00, 'midyearbonus', '2018', 'January', NULL, '2018-11-23 05:53:19', NULL, '2018-11-23 05:53:19'),
	(155, 60, NULL, NULL, NULL, 2, NULL, NULL, NULL, NULL, NULL, NULL, NULL, 65604.00, 'midyearbonus', '2018', 'January', NULL, '2018-11-23 05:53:19', NULL, '2018-11-23 05:53:19'),
	(156, 61, NULL, NULL, NULL, 14, NULL, NULL, NULL, NULL, NULL, NULL, NULL, 49921.00, 'midyearbonus', '2018', 'January', NULL, '2018-11-23 05:53:19', NULL, '2018-11-23 05:53:19'),
	(157, 63, NULL, NULL, NULL, 58, NULL, NULL, NULL, NULL, NULL, NULL, NULL, 29010.00, 'midyearbonus', '2018', 'January', NULL, '2018-11-23 05:53:19', NULL, '2018-11-23 05:53:19'),
	(158, 2, NULL, NULL, NULL, 62, NULL, NULL, NULL, NULL, NULL, NULL, NULL, 38085.00, 'midyearbonus', '2018', 'January', NULL, '2018-11-23 05:53:19', NULL, '2018-11-23 05:53:19'),
	(159, 4, NULL, NULL, NULL, 22, NULL, NULL, NULL, NULL, NULL, NULL, NULL, 15254.00, 'midyearbonus', '2018', 'January', NULL, '2018-11-23 05:53:19', NULL, '2018-11-23 05:53:19'),
	(160, 64, NULL, NULL, NULL, 17, NULL, NULL, NULL, NULL, NULL, NULL, NULL, 15380.00, 'midyearbonus', '2018', 'January', NULL, '2018-11-23 05:53:19', NULL, '2018-11-23 05:53:19'),
	(161, 15, NULL, NULL, NULL, 71, NULL, NULL, NULL, NULL, NULL, NULL, NULL, 92108.00, 'midyearbonus', '2018', 'January', NULL, '2018-11-23 05:53:20', NULL, '2018-11-23 05:53:20'),
	(162, 65, NULL, NULL, NULL, 17, NULL, NULL, NULL, NULL, NULL, NULL, NULL, 15895.00, 'midyearbonus', '2018', 'January', NULL, '2018-11-23 05:53:20', NULL, '2018-11-23 05:53:20'),
	(163, 66, NULL, NULL, NULL, 6, NULL, NULL, NULL, NULL, NULL, NULL, NULL, 102217.00, 'midyearbonus', '2018', 'January', NULL, '2018-11-23 05:53:20', NULL, '2018-11-23 05:53:20'),
	(164, 21, NULL, NULL, NULL, 27, NULL, NULL, NULL, NULL, NULL, NULL, NULL, 42730.00, 'midyearbonus', '2018', 'January', NULL, '2018-11-23 05:53:20', NULL, '2018-11-23 05:53:20'),
	(165, 26, NULL, NULL, NULL, 4, NULL, NULL, NULL, NULL, NULL, NULL, NULL, 24224.00, 'midyearbonus', '2018', 'January', NULL, '2018-11-23 05:53:20', NULL, '2018-11-23 05:53:20'),
	(166, 69, NULL, NULL, NULL, 11, NULL, NULL, NULL, NULL, NULL, NULL, NULL, 65162.00, 'midyearbonus', '2018', 'January', NULL, '2018-11-23 05:53:20', NULL, '2018-11-23 05:53:20'),
	(167, 1, NULL, NULL, NULL, 61, NULL, NULL, NULL, NULL, NULL, NULL, NULL, 38543.00, 'midyearbonus', '2018', 'January', NULL, '2018-11-23 05:53:20', NULL, '2018-11-23 05:53:20'),
	(168, 31, NULL, NULL, NULL, 74, NULL, NULL, NULL, NULL, NULL, NULL, NULL, 15254.00, 'midyearbonus', '2018', 'January', NULL, '2018-11-23 05:53:20', NULL, '2018-11-23 05:53:20'),
	(169, 71, NULL, NULL, NULL, 59, NULL, NULL, NULL, NULL, NULL, NULL, NULL, 17627.00, 'midyearbonus', '2018', 'January', NULL, '2018-11-23 05:53:20', NULL, '2018-11-23 05:53:20'),
	(170, 72, NULL, NULL, NULL, 12, NULL, NULL, NULL, NULL, NULL, NULL, NULL, 38085.00, 'midyearbonus', '2018', 'January', NULL, '2018-11-23 05:53:20', NULL, '2018-11-23 05:53:20'),
	(171, 74, NULL, NULL, NULL, 60, NULL, NULL, NULL, NULL, NULL, NULL, NULL, 128467.00, 'midyearbonus', '2018', 'January', NULL, '2018-11-23 05:53:20', NULL, '2018-11-23 05:53:20'),
	(172, 76, NULL, NULL, NULL, 25, NULL, NULL, NULL, NULL, NULL, NULL, NULL, 62318.00, 'midyearbonus', '2018', 'January', NULL, '2018-11-23 05:53:20', NULL, '2018-11-23 05:53:20'),
	(173, 77, NULL, NULL, NULL, 7, NULL, NULL, NULL, NULL, NULL, NULL, NULL, 15254.00, 'midyearbonus', '2018', 'January', NULL, '2018-11-23 05:53:20', NULL, '2018-11-23 05:53:20'),
	(174, 18, NULL, NULL, NULL, 74, NULL, NULL, NULL, NULL, NULL, NULL, NULL, 15380.00, 'midyearbonus', '2018', 'January', NULL, '2018-11-23 05:53:20', NULL, '2018-11-23 05:53:20'),
	(175, 12, NULL, NULL, NULL, 69, NULL, NULL, NULL, NULL, NULL, NULL, NULL, 41413.00, 'midyearbonus', '2018', 'January', NULL, '2018-11-23 05:53:20', NULL, '2018-11-23 05:53:20'),
	(176, 32, NULL, NULL, NULL, 76, NULL, NULL, NULL, NULL, NULL, NULL, NULL, 92108.00, 'midyearbonus', '2018', 'January', NULL, '2018-11-23 05:53:20', NULL, '2018-11-23 05:53:20'),
	(177, 78, NULL, NULL, NULL, 26, NULL, NULL, NULL, NULL, NULL, NULL, NULL, 65162.00, 'midyearbonus', '2018', 'January', NULL, '2018-11-23 05:53:20', NULL, '2018-11-23 05:53:20'),
	(178, 17, NULL, NULL, NULL, 73, NULL, NULL, 10.00, NULL, NULL, 500.00, NULL, NULL, 'yearendbonus', '2018', 'January', NULL, '2018-11-23 05:53:31', NULL, '2018-11-23 05:53:31'),
	(179, 22, NULL, NULL, NULL, 64, NULL, NULL, 10.00, NULL, NULL, 500.00, NULL, NULL, 'yearendbonus', '2018', 'January', NULL, '2018-11-23 05:53:31', NULL, '2018-11-23 05:53:31'),
	(180, 47, NULL, NULL, NULL, 10, NULL, NULL, 100.00, NULL, NULL, 5000.00, NULL, 114981.00, 'yearendbonus', '2018', 'January', NULL, '2018-11-23 05:53:32', NULL, '2018-11-23 05:53:32'),
	(181, 10, NULL, NULL, NULL, 67, NULL, NULL, 10.00, NULL, NULL, 500.00, NULL, NULL, 'yearendbonus', '2018', 'January', NULL, '2018-11-23 05:53:32', NULL, '2018-11-23 05:53:32'),
	(182, 30, NULL, NULL, NULL, 23, NULL, NULL, 10.00, NULL, NULL, 500.00, NULL, NULL, 'yearendbonus', '2018', 'January', NULL, '2018-11-23 05:53:32', NULL, '2018-11-23 05:53:32'),
	(183, 24, NULL, NULL, NULL, 61, NULL, NULL, 10.00, NULL, NULL, 500.00, NULL, NULL, 'yearendbonus', '2018', 'January', NULL, '2018-11-23 05:53:32', NULL, '2018-11-23 05:53:32'),
	(184, 35, NULL, NULL, NULL, 64, NULL, NULL, 10.00, NULL, NULL, 500.00, NULL, NULL, 'yearendbonus', '2018', 'January', NULL, '2018-11-23 05:53:32', NULL, '2018-11-23 05:53:32'),
	(185, 48, NULL, NULL, NULL, 17, NULL, NULL, 100.00, NULL, NULL, 5000.00, NULL, 15895.00, 'yearendbonus', '2018', 'January', NULL, '2018-11-23 05:53:32', NULL, '2018-11-23 05:53:32'),
	(186, 9, NULL, NULL, NULL, 66, NULL, NULL, 10.00, NULL, NULL, 500.00, NULL, NULL, 'yearendbonus', '2018', 'January', NULL, '2018-11-23 05:53:32', NULL, '2018-11-23 05:53:32'),
	(187, 5, NULL, NULL, NULL, 13, NULL, NULL, 10.00, NULL, NULL, 500.00, NULL, NULL, 'yearendbonus', '2018', 'January', NULL, '2018-11-23 05:53:32', NULL, '2018-11-23 05:53:32'),
	(188, 19, NULL, NULL, NULL, 74, NULL, NULL, 10.00, NULL, NULL, 500.00, NULL, NULL, 'yearendbonus', '2018', 'January', NULL, '2018-11-23 05:53:32', NULL, '2018-11-23 05:53:32'),
	(189, 23, NULL, NULL, NULL, 74, NULL, NULL, 10.00, NULL, NULL, 500.00, NULL, NULL, 'yearendbonus', '2018', 'January', NULL, '2018-11-23 05:53:32', NULL, '2018-11-23 05:53:32'),
	(190, 29, NULL, NULL, NULL, 75, NULL, NULL, 10.00, NULL, NULL, 500.00, NULL, NULL, 'yearendbonus', '2018', 'January', NULL, '2018-11-23 05:53:32', NULL, '2018-11-23 05:53:32'),
	(191, 27, NULL, NULL, NULL, 74, NULL, NULL, 10.00, NULL, NULL, 500.00, NULL, NULL, 'yearendbonus', '2018', 'January', NULL, '2018-11-23 05:53:32', NULL, '2018-11-23 05:53:32'),
	(192, 49, NULL, NULL, NULL, 12, NULL, NULL, 100.00, NULL, NULL, 5000.00, NULL, 41413.00, 'yearendbonus', '2018', 'January', NULL, '2018-11-23 05:53:32', NULL, '2018-11-23 05:53:32'),
	(193, 13, NULL, NULL, NULL, 14, NULL, NULL, 10.00, NULL, NULL, 500.00, NULL, NULL, 'yearendbonus', '2018', 'January', NULL, '2018-11-23 05:53:32', NULL, '2018-11-23 05:53:32'),
	(194, 50, NULL, NULL, NULL, 14, NULL, NULL, 100.00, NULL, NULL, 5000.00, NULL, 49184.00, 'yearendbonus', '2018', 'January', NULL, '2018-11-23 05:53:32', NULL, '2018-11-23 05:53:32'),
	(195, 28, NULL, NULL, NULL, 61, NULL, NULL, 10.00, NULL, NULL, 500.00, NULL, NULL, 'yearendbonus', '2018', 'January', NULL, '2018-11-23 05:53:32', NULL, '2018-11-23 05:53:32'),
	(196, 14, NULL, NULL, NULL, 70, NULL, NULL, 10.00, NULL, NULL, 500.00, NULL, NULL, 'yearendbonus', '2018', 'January', NULL, '2018-11-23 05:53:33', NULL, '2018-11-23 05:53:33'),
	(197, 7, NULL, NULL, NULL, 64, NULL, NULL, 10.00, NULL, NULL, 500.00, NULL, NULL, 'yearendbonus', '2018', 'January', NULL, '2018-11-23 05:53:33', NULL, '2018-11-23 05:53:33'),
	(198, 20, NULL, NULL, NULL, 18, NULL, NULL, 10.00, NULL, NULL, 500.00, NULL, NULL, 'yearendbonus', '2018', 'January', NULL, '2018-11-23 05:53:33', NULL, '2018-11-23 05:53:33'),
	(199, 51, NULL, NULL, NULL, 8, NULL, NULL, 100.00, NULL, NULL, 5000.00, NULL, 38085.00, 'yearendbonus', '2018', 'January', NULL, '2018-11-23 05:53:33', NULL, '2018-11-23 05:53:33'),
	(200, 52, NULL, NULL, NULL, 17, NULL, NULL, 100.00, NULL, NULL, 5000.00, NULL, 15895.00, 'yearendbonus', '2018', 'January', NULL, '2018-11-23 05:53:33', NULL, '2018-11-23 05:53:33'),
	(201, 8, NULL, NULL, NULL, 65, NULL, NULL, 10.00, NULL, NULL, 500.00, NULL, NULL, 'yearendbonus', '2018', 'January', NULL, '2018-11-23 05:53:33', NULL, '2018-11-23 05:53:33'),
	(202, 11, NULL, NULL, NULL, 68, NULL, NULL, 10.00, NULL, NULL, 500.00, NULL, NULL, 'yearendbonus', '2018', 'January', NULL, '2018-11-23 05:53:33', NULL, '2018-11-23 05:53:33'),
	(203, 34, NULL, NULL, NULL, 74, NULL, NULL, 10.00, NULL, NULL, 500.00, NULL, NULL, 'yearendbonus', '2018', 'January', NULL, '2018-11-23 05:53:33', NULL, '2018-11-23 05:53:33'),
	(204, 53, NULL, NULL, NULL, 24, NULL, NULL, 100.00, NULL, NULL, 5000.00, NULL, 52554.00, 'yearendbonus', '2018', 'January', NULL, '2018-11-23 05:53:33', NULL, '2018-11-23 05:53:33'),
	(205, 33, NULL, NULL, NULL, 77, NULL, NULL, 10.00, NULL, NULL, 500.00, NULL, NULL, 'yearendbonus', '2018', 'January', NULL, '2018-11-23 05:53:33', NULL, '2018-11-23 05:53:33'),
	(206, 25, NULL, NULL, NULL, 74, NULL, NULL, 10.00, NULL, NULL, 500.00, NULL, NULL, 'yearendbonus', '2018', 'January', NULL, '2018-11-23 05:53:33', NULL, '2018-11-23 05:53:33'),
	(207, 55, NULL, NULL, NULL, 10, NULL, NULL, 100.00, NULL, NULL, 5000.00, NULL, 114981.00, 'yearendbonus', '2018', 'January', NULL, '2018-11-23 05:53:33', NULL, '2018-11-23 05:53:33'),
	(208, 56, NULL, NULL, NULL, 12, NULL, NULL, 100.00, NULL, NULL, 5000.00, NULL, 41413.00, 'yearendbonus', '2018', 'January', NULL, '2018-11-23 05:53:33', NULL, '2018-11-23 05:53:33'),
	(209, 3, NULL, NULL, NULL, 63, NULL, NULL, 10.00, NULL, NULL, 500.00, NULL, NULL, 'yearendbonus', '2018', 'January', NULL, '2018-11-23 05:53:33', NULL, '2018-11-23 05:53:33'),
	(210, 6, NULL, NULL, NULL, 11, NULL, NULL, 10.00, NULL, NULL, 500.00, NULL, NULL, 'yearendbonus', '2018', 'January', NULL, '2018-11-23 05:53:33', NULL, '2018-11-23 05:53:33'),
	(211, 58, NULL, NULL, NULL, 17, NULL, NULL, 100.00, NULL, NULL, 5000.00, NULL, 15895.00, 'yearendbonus', '2018', 'January', NULL, '2018-11-23 05:53:33', NULL, '2018-11-23 05:53:33'),
	(212, 16, NULL, NULL, NULL, 72, NULL, NULL, 10.00, NULL, NULL, 500.00, NULL, NULL, 'yearendbonus', '2018', 'January', NULL, '2018-11-23 05:53:33', NULL, '2018-11-23 05:53:33'),
	(213, 59, NULL, NULL, NULL, 6, NULL, NULL, 95.00, NULL, NULL, 4750.00, NULL, 87502.60, 'yearendbonus', '2018', 'January', NULL, '2018-11-23 05:53:33', NULL, '2018-11-23 05:53:33'),
	(214, 60, NULL, NULL, NULL, 2, NULL, NULL, 100.00, NULL, NULL, 5000.00, NULL, 65604.00, 'yearendbonus', '2018', 'January', NULL, '2018-11-23 05:53:33', NULL, '2018-11-23 05:53:33'),
	(215, 61, NULL, NULL, NULL, 14, NULL, NULL, 100.00, NULL, NULL, 5000.00, NULL, 49921.00, 'yearendbonus', '2018', 'January', NULL, '2018-11-23 05:53:33', NULL, '2018-11-23 05:53:33'),
	(216, 63, NULL, NULL, NULL, 58, NULL, NULL, 100.00, NULL, NULL, 5000.00, NULL, 29010.00, 'yearendbonus', '2018', 'January', NULL, '2018-11-23 05:53:33', NULL, '2018-11-23 05:53:33'),
	(217, 2, NULL, NULL, NULL, 62, NULL, NULL, 10.00, NULL, NULL, 500.00, NULL, NULL, 'yearendbonus', '2018', 'January', NULL, '2018-11-23 05:53:34', NULL, '2018-11-23 05:53:34'),
	(218, 4, NULL, NULL, NULL, 22, NULL, NULL, 10.00, NULL, NULL, 500.00, NULL, NULL, 'yearendbonus', '2018', 'January', NULL, '2018-11-23 05:53:34', NULL, '2018-11-23 05:53:34'),
	(219, 64, NULL, NULL, NULL, 17, NULL, NULL, 100.00, NULL, NULL, 5000.00, NULL, 15380.00, 'yearendbonus', '2018', 'January', NULL, '2018-11-23 05:53:34', NULL, '2018-11-23 05:53:34'),
	(220, 15, NULL, NULL, NULL, 71, NULL, NULL, 10.00, NULL, NULL, 500.00, NULL, NULL, 'yearendbonus', '2018', 'January', NULL, '2018-11-23 05:53:34', NULL, '2018-11-23 05:53:34'),
	(221, 65, NULL, NULL, NULL, 17, NULL, NULL, 100.00, NULL, NULL, 5000.00, NULL, 15895.00, 'yearendbonus', '2018', 'January', NULL, '2018-11-23 05:53:34', NULL, '2018-11-23 05:53:34'),
	(222, 66, NULL, NULL, NULL, 6, NULL, NULL, 100.00, NULL, NULL, 5000.00, NULL, 102217.00, 'yearendbonus', '2018', 'January', NULL, '2018-11-23 05:53:34', NULL, '2018-11-23 05:53:34'),
	(223, 21, NULL, NULL, NULL, 27, NULL, NULL, 10.00, NULL, NULL, 500.00, NULL, NULL, 'yearendbonus', '2018', 'January', NULL, '2018-11-23 05:53:34', NULL, '2018-11-23 05:53:34'),
	(224, 26, NULL, NULL, NULL, 4, NULL, NULL, 10.00, NULL, NULL, 500.00, NULL, NULL, 'yearendbonus', '2018', 'January', NULL, '2018-11-23 05:53:34', NULL, '2018-11-23 05:53:34'),
	(225, 69, NULL, NULL, NULL, 11, NULL, NULL, 100.00, NULL, NULL, 5000.00, NULL, 65162.00, 'yearendbonus', '2018', 'January', NULL, '2018-11-23 05:53:34', NULL, '2018-11-23 05:53:34'),
	(226, 1, NULL, NULL, NULL, 61, NULL, NULL, 10.00, NULL, NULL, 500.00, NULL, NULL, 'yearendbonus', '2018', 'January', NULL, '2018-11-23 05:53:34', NULL, '2018-11-23 05:53:34'),
	(227, 31, NULL, NULL, NULL, 74, NULL, NULL, 10.00, NULL, NULL, 500.00, NULL, NULL, 'yearendbonus', '2018', 'January', NULL, '2018-11-23 05:53:34', NULL, '2018-11-23 05:53:34'),
	(228, 71, NULL, NULL, NULL, 59, NULL, NULL, 100.00, NULL, NULL, 5000.00, NULL, 17627.00, 'yearendbonus', '2018', 'January', NULL, '2018-11-23 05:53:34', NULL, '2018-11-23 05:53:34'),
	(229, 72, NULL, NULL, NULL, 12, NULL, NULL, 100.00, NULL, NULL, 5000.00, NULL, 38085.00, 'yearendbonus', '2018', 'January', NULL, '2018-11-23 05:53:34', NULL, '2018-11-23 05:53:34'),
	(230, 74, NULL, NULL, NULL, 60, NULL, NULL, 100.00, NULL, NULL, 5000.00, NULL, 128467.00, 'yearendbonus', '2018', 'January', NULL, '2018-11-23 05:53:34', NULL, '2018-11-23 05:53:34'),
	(231, 76, NULL, NULL, NULL, 25, NULL, NULL, 100.00, NULL, NULL, 5000.00, NULL, 62318.00, 'yearendbonus', '2018', 'January', NULL, '2018-11-23 05:53:34', NULL, '2018-11-23 05:53:34'),
	(232, 77, NULL, NULL, NULL, 7, NULL, NULL, 10.00, NULL, NULL, 500.00, NULL, NULL, 'yearendbonus', '2018', 'January', NULL, '2018-11-23 05:53:34', NULL, '2018-11-23 05:53:34'),
	(233, 18, NULL, NULL, NULL, 74, NULL, NULL, 10.00, NULL, NULL, 500.00, NULL, NULL, 'yearendbonus', '2018', 'January', NULL, '2018-11-23 05:53:34', NULL, '2018-11-23 05:53:34'),
	(234, 12, NULL, NULL, NULL, 69, NULL, NULL, 10.00, NULL, NULL, 500.00, NULL, NULL, 'yearendbonus', '2018', 'January', NULL, '2018-11-23 05:53:34', NULL, '2018-11-23 05:53:34'),
	(235, 32, NULL, NULL, NULL, 76, NULL, NULL, 10.00, NULL, NULL, 500.00, NULL, NULL, 'yearendbonus', '2018', 'January', NULL, '2018-11-23 05:53:34', NULL, '2018-11-23 05:53:34'),
	(236, 78, NULL, NULL, NULL, 26, NULL, NULL, 100.00, NULL, NULL, 5000.00, NULL, 65162.00, 'yearendbonus', '2018', 'January', NULL, '2018-11-23 05:53:34', NULL, '2018-11-23 05:53:34'),
	(237, 17, NULL, NULL, NULL, 73, 0, 1, NULL, NULL, NULL, NULL, NULL, 400.00, 'honoraria', '2018', 'January', 2, '2018-11-23 05:53:46', NULL, '2018-11-23 05:53:46'),
	(238, 22, NULL, NULL, NULL, 64, 0, 0, NULL, NULL, NULL, NULL, NULL, 400.00, 'honoraria', '2018', 'January', 2, '2018-11-23 05:53:46', NULL, '2018-11-23 05:53:46'),
	(239, 47, NULL, NULL, NULL, 10, 0, 2, NULL, NULL, NULL, NULL, NULL, 400.00, 'honoraria', '2018', 'January', 2, '2018-11-23 05:53:47', NULL, '2018-11-23 05:53:47'),
	(240, 10, NULL, NULL, NULL, 67, 0, 0, NULL, NULL, NULL, NULL, NULL, 400.00, 'honoraria', '2018', 'January', 2, '2018-11-23 05:53:47', NULL, '2018-11-23 05:53:47'),
	(241, 30, NULL, NULL, NULL, 23, 0, 0, NULL, NULL, NULL, NULL, NULL, 400.00, 'honoraria', '2018', 'January', 2, '2018-11-23 05:53:47', NULL, '2018-11-23 05:53:47'),
	(242, 24, NULL, NULL, NULL, 61, 0, 0, NULL, NULL, NULL, NULL, NULL, 400.00, 'honoraria', '2018', 'January', 2, '2018-11-23 05:53:47', NULL, '2018-11-23 05:53:47'),
	(243, 35, NULL, NULL, NULL, 64, 0, 0, NULL, NULL, NULL, NULL, NULL, 400.00, 'honoraria', '2018', 'January', 2, '2018-11-23 05:53:47', NULL, '2018-11-23 05:53:47'),
	(244, 48, NULL, NULL, NULL, 17, 4, 3, NULL, NULL, NULL, NULL, NULL, 400.00, 'honoraria', '2018', 'January', 2, '2018-11-23 05:53:47', NULL, '2018-11-23 05:53:47'),
	(245, 9, NULL, NULL, NULL, 66, 0, 0, NULL, NULL, NULL, NULL, NULL, 400.00, 'honoraria', '2018', 'January', 2, '2018-11-23 05:53:47', NULL, '2018-11-23 05:53:47'),
	(246, 5, NULL, NULL, NULL, 13, 0, 0, NULL, NULL, NULL, NULL, NULL, 400.00, 'honoraria', '2018', 'January', 2, '2018-11-23 05:53:47', NULL, '2018-11-23 05:53:47'),
	(247, 19, NULL, NULL, NULL, 74, 0, 0, NULL, NULL, NULL, NULL, NULL, 400.00, 'honoraria', '2018', 'January', 2, '2018-11-23 05:53:47', NULL, '2018-11-23 05:53:47'),
	(248, 23, NULL, NULL, NULL, 74, 0, 0, NULL, NULL, NULL, NULL, NULL, 400.00, 'honoraria', '2018', 'January', 2, '2018-11-23 05:53:47', NULL, '2018-11-23 05:53:47'),
	(249, 29, NULL, NULL, NULL, 75, 0, 0, NULL, NULL, NULL, NULL, NULL, 400.00, 'honoraria', '2018', 'January', 2, '2018-11-23 05:53:47', NULL, '2018-11-23 05:53:47'),
	(250, 27, NULL, NULL, NULL, 74, 0, 0, NULL, NULL, NULL, NULL, NULL, 400.00, 'honoraria', '2018', 'January', 2, '2018-11-23 05:53:47', NULL, '2018-11-23 05:53:47'),
	(251, 49, NULL, NULL, NULL, 12, 7, 4, NULL, NULL, NULL, NULL, NULL, 400.00, 'honoraria', '2018', 'January', 2, '2018-11-23 05:53:47', NULL, '2018-11-23 05:53:47'),
	(252, 13, NULL, NULL, NULL, 14, 0, 0, NULL, NULL, NULL, NULL, NULL, 400.00, 'honoraria', '2018', 'January', 2, '2018-11-23 05:53:48', NULL, '2018-11-23 05:53:48'),
	(253, 50, NULL, NULL, NULL, 14, 4, 3, NULL, NULL, NULL, NULL, NULL, 400.00, 'honoraria', '2018', 'January', 2, '2018-11-23 05:53:48', NULL, '2018-11-23 05:53:48'),
	(254, 28, NULL, NULL, NULL, 61, 0, 0, NULL, NULL, NULL, NULL, NULL, 400.00, 'honoraria', '2018', 'January', 2, '2018-11-23 05:53:48', NULL, '2018-11-23 05:53:48'),
	(255, 14, NULL, NULL, NULL, 70, 0, 0, NULL, NULL, NULL, NULL, NULL, 400.00, 'honoraria', '2018', 'January', 2, '2018-11-23 05:53:48', NULL, '2018-11-23 05:53:48'),
	(256, 7, NULL, NULL, NULL, 64, 0, 0, NULL, NULL, NULL, NULL, NULL, 400.00, 'honoraria', '2018', 'January', 2, '2018-11-23 05:53:48', NULL, '2018-11-23 05:53:48'),
	(257, 20, NULL, NULL, NULL, 18, 0, 0, NULL, NULL, NULL, NULL, NULL, 400.00, 'honoraria', '2018', 'January', 2, '2018-11-23 05:53:48', NULL, '2018-11-23 05:53:48'),
	(258, 51, NULL, NULL, NULL, 8, 1, 1, NULL, NULL, NULL, NULL, NULL, 400.00, 'honoraria', '2018', 'January', 2, '2018-11-23 05:53:48', NULL, '2018-11-23 05:53:48'),
	(259, 52, NULL, NULL, NULL, 17, 4, 3, NULL, NULL, NULL, NULL, NULL, 400.00, 'honoraria', '2018', 'January', 2, '2018-11-23 05:53:48', NULL, '2018-11-23 05:53:48'),
	(260, 8, NULL, NULL, NULL, 65, 0, 0, NULL, NULL, NULL, NULL, NULL, 400.00, 'honoraria', '2018', 'January', 2, '2018-11-23 05:53:48', NULL, '2018-11-23 05:53:48'),
	(261, 11, NULL, NULL, NULL, 68, 0, 0, NULL, NULL, NULL, NULL, NULL, 400.00, 'honoraria', '2018', 'January', 2, '2018-11-23 05:53:48', NULL, '2018-11-23 05:53:48'),
	(262, 34, NULL, NULL, NULL, 74, 0, 0, NULL, NULL, NULL, NULL, NULL, 400.00, 'honoraria', '2018', 'January', 2, '2018-11-23 05:53:48', NULL, '2018-11-23 05:53:48'),
	(263, 53, NULL, NULL, NULL, 24, 5, 3, NULL, NULL, NULL, NULL, NULL, 400.00, 'honoraria', '2018', 'January', 2, '2018-11-23 05:53:48', NULL, '2018-11-23 05:53:48'),
	(264, 33, NULL, NULL, NULL, 77, 0, 0, NULL, NULL, NULL, NULL, NULL, 400.00, 'honoraria', '2018', 'January', 2, '2018-11-23 05:53:48', NULL, '2018-11-23 05:53:48'),
	(265, 25, NULL, NULL, NULL, 74, 0, 0, NULL, NULL, NULL, NULL, NULL, 400.00, 'honoraria', '2018', 'January', 2, '2018-11-23 05:53:48', NULL, '2018-11-23 05:53:48'),
	(266, 55, NULL, NULL, NULL, 10, 0, 3, NULL, NULL, NULL, NULL, NULL, 400.00, 'honoraria', '2018', 'January', 2, '2018-11-23 05:53:48', NULL, '2018-11-23 05:53:48'),
	(267, 56, NULL, NULL, NULL, 12, 3, 2, NULL, NULL, NULL, NULL, NULL, 400.00, 'honoraria', '2018', 'January', 2, '2018-11-23 05:53:48', NULL, '2018-11-23 05:53:48'),
	(268, 3, NULL, NULL, NULL, 63, 0, 0, NULL, NULL, NULL, NULL, NULL, 400.00, 'honoraria', '2018', 'January', 2, '2018-11-23 05:53:48', NULL, '2018-11-23 05:53:48'),
	(269, 6, NULL, NULL, NULL, 11, 0, 0, NULL, NULL, NULL, NULL, NULL, 400.00, 'honoraria', '2018', 'January', 2, '2018-11-23 05:53:48', NULL, '2018-11-23 05:53:48'),
	(270, 58, NULL, NULL, NULL, 17, 4, 3, NULL, NULL, NULL, NULL, NULL, 400.00, 'honoraria', '2018', 'January', 2, '2018-11-23 05:53:48', NULL, '2018-11-23 05:53:48'),
	(271, 16, NULL, NULL, NULL, 72, 0, 0, NULL, NULL, NULL, NULL, NULL, 400.00, 'honoraria', '2018', 'January', 2, '2018-11-23 05:53:48', NULL, '2018-11-23 05:53:48'),
	(272, 59, NULL, NULL, NULL, 6, 2, 2, NULL, NULL, NULL, NULL, NULL, 400.00, 'honoraria', '2018', 'January', 2, '2018-11-23 05:53:48', NULL, '2018-11-23 05:53:48'),
	(273, 60, NULL, NULL, NULL, 2, 0, 1, NULL, NULL, NULL, NULL, NULL, 400.00, 'honoraria', '2018', 'January', 2, '2018-11-23 05:53:48', NULL, '2018-11-23 05:53:48'),
	(274, 61, NULL, NULL, NULL, 14, 4, 3, NULL, NULL, NULL, NULL, NULL, 400.00, 'honoraria', '2018', 'January', 2, '2018-11-23 05:53:48', NULL, '2018-11-23 05:53:48'),
	(275, 63, NULL, NULL, NULL, 58, 4, 3, NULL, NULL, NULL, NULL, NULL, 400.00, 'honoraria', '2018', 'January', 2, '2018-11-23 05:53:48', NULL, '2018-11-23 05:53:48'),
	(276, 2, NULL, NULL, NULL, 62, 0, 0, NULL, NULL, NULL, NULL, NULL, 400.00, 'honoraria', '2018', 'January', 2, '2018-11-23 05:53:49', NULL, '2018-11-23 05:53:49'),
	(277, 4, NULL, NULL, NULL, 22, 0, 0, NULL, NULL, NULL, NULL, NULL, 400.00, 'honoraria', '2018', 'January', 2, '2018-11-23 05:53:49', NULL, '2018-11-23 05:53:49'),
	(278, 64, NULL, NULL, NULL, 17, 4, 3, NULL, NULL, NULL, NULL, NULL, 400.00, 'honoraria', '2018', 'January', 2, '2018-11-23 05:53:49', NULL, '2018-11-23 05:53:49'),
	(279, 15, NULL, NULL, NULL, 71, 0, 0, NULL, NULL, NULL, NULL, NULL, 400.00, 'honoraria', '2018', 'January', 2, '2018-11-23 05:53:49', NULL, '2018-11-23 05:53:49'),
	(280, 65, NULL, NULL, NULL, 17, 4, 3, NULL, NULL, NULL, NULL, NULL, 400.00, 'honoraria', '2018', 'January', 2, '2018-11-23 05:53:49', NULL, '2018-11-23 05:53:49'),
	(281, 66, NULL, NULL, NULL, 6, 4, 3, NULL, NULL, NULL, NULL, NULL, 400.00, 'honoraria', '2018', 'January', 2, '2018-11-23 05:53:49', NULL, '2018-11-23 05:53:49'),
	(282, 21, NULL, NULL, NULL, 27, 0, 0, NULL, NULL, NULL, NULL, NULL, 400.00, 'honoraria', '2018', 'January', 2, '2018-11-23 05:53:49', NULL, '2018-11-23 05:53:49'),
	(283, 26, NULL, NULL, NULL, 4, 0, 0, NULL, NULL, NULL, NULL, NULL, 400.00, 'honoraria', '2018', 'January', 2, '2018-11-23 05:53:49', NULL, '2018-11-23 05:53:49'),
	(284, 69, NULL, NULL, NULL, 11, 0, 4, NULL, NULL, NULL, NULL, NULL, 400.00, 'honoraria', '2018', 'January', 2, '2018-11-23 05:53:49', NULL, '2018-11-23 05:53:49'),
	(285, 1, NULL, NULL, NULL, 61, 0, 0, NULL, NULL, NULL, NULL, NULL, 400.00, 'honoraria', '2018', 'January', 2, '2018-11-23 05:53:49', NULL, '2018-11-23 05:53:49'),
	(286, 31, NULL, NULL, NULL, 74, 0, 0, NULL, NULL, NULL, NULL, NULL, 400.00, 'honoraria', '2018', 'January', 2, '2018-11-23 05:53:49', NULL, '2018-11-23 05:53:49'),
	(287, 71, NULL, NULL, NULL, 59, 0, 1, NULL, NULL, NULL, NULL, NULL, 400.00, 'honoraria', '2018', 'January', 2, '2018-11-23 05:53:49', NULL, '2018-11-23 05:53:49'),
	(288, 72, NULL, NULL, NULL, 12, 8, 5, NULL, NULL, NULL, NULL, NULL, 400.00, 'honoraria', '2018', 'January', 2, '2018-11-23 05:53:49', NULL, '2018-11-23 05:53:49'),
	(289, 74, NULL, NULL, NULL, 60, 0, 1, NULL, NULL, NULL, NULL, NULL, 400.00, 'honoraria', '2018', 'January', 2, '2018-11-23 05:53:49', NULL, '2018-11-23 05:53:49'),
	(290, 76, NULL, NULL, NULL, 25, 6, 4, NULL, NULL, NULL, NULL, NULL, 400.00, 'honoraria', '2018', 'January', 2, '2018-11-23 05:53:50', NULL, '2018-11-23 05:53:50'),
	(291, 77, NULL, NULL, NULL, 7, 4, 3, NULL, NULL, NULL, NULL, NULL, 400.00, 'honoraria', '2018', 'January', 2, '2018-11-23 05:53:50', NULL, '2018-11-23 05:53:50'),
	(292, 18, NULL, NULL, NULL, 74, 0, 0, NULL, NULL, NULL, NULL, NULL, 400.00, 'honoraria', '2018', 'January', 2, '2018-11-23 05:53:50', NULL, '2018-11-23 05:53:50'),
	(293, 12, NULL, NULL, NULL, 69, 0, 0, NULL, NULL, NULL, NULL, NULL, 400.00, 'honoraria', '2018', 'January', 2, '2018-11-23 05:53:50', NULL, '2018-11-23 05:53:50'),
	(294, 32, NULL, NULL, NULL, 76, 0, 0, NULL, NULL, NULL, NULL, NULL, 400.00, 'honoraria', '2018', 'January', 2, '2018-11-23 05:53:50', NULL, '2018-11-23 05:53:50'),
	(295, 78, NULL, NULL, NULL, 26, 7, 4, NULL, NULL, NULL, NULL, NULL, 400.00, 'honoraria', '2018', 'January', 2, '2018-11-23 05:53:50', NULL, '2018-11-23 05:53:50');
/*!40000 ALTER TABLE `pms_specialpayroll_transactions` ENABLE KEYS */;

-- Dumping structure for table mwss.pms_special_annual_tax
DROP TABLE IF EXISTS `pms_special_annual_tax`;
CREATE TABLE IF NOT EXISTS `pms_special_annual_tax` (
  `id` int(11) NOT NULL AUTO_INCREMENT,
  `employee_number` varchar(225) DEFAULT NULL,
  `employee_id` int(11) DEFAULT NULL,
  `clothing_allowance_amount` decimal(13,2) DEFAULT NULL,
  `cash_gift_amount` decimal(13,2) DEFAULT NULL,
  `loyalty_amount` decimal(13,2) DEFAULT NULL,
  `performance_base_amount` decimal(13,2) DEFAULT NULL,
  `collective_negotiation_amount` decimal(13,2) DEFAULT NULL,
  `pei_amount` decimal(13,2) DEFAULT NULL,
  `mid_year_amount` decimal(13,2) DEFAULT NULL,
  `year_end_amount` decimal(13,2) DEFAULT NULL,
  `honoraria_amount` decimal(13,2) DEFAULT NULL,
  `for_year` varchar(50) DEFAULT NULL,
  `created_by` int(11) DEFAULT NULL,
  `updated_by` int(11) DEFAULT NULL,
  `created_at` timestamp NULL DEFAULT NULL,
  `updated_at` timestamp NULL DEFAULT NULL,
  PRIMARY KEY (`id`)
) ENGINE=InnoDB AUTO_INCREMENT=3 DEFAULT CHARSET=latin1;

-- Dumping data for table mwss.pms_special_annual_tax: ~1 rows (approximately)
/*!40000 ALTER TABLE `pms_special_annual_tax` DISABLE KEYS */;
INSERT INTO `pms_special_annual_tax` (`id`, `employee_number`, `employee_id`, `clothing_allowance_amount`, `cash_gift_amount`, `loyalty_amount`, `performance_base_amount`, `collective_negotiation_amount`, `pei_amount`, `mid_year_amount`, `year_end_amount`, `honoraria_amount`, `for_year`, `created_by`, `updated_by`, `created_at`, `updated_at`) VALUES
	(1, '105', 3, 0.00, 5000.00, 0.00, 0.00, 0.00, 0.00, 42730.00, 42730.00, 0.00, '2018', NULL, NULL, '2018-11-10 13:07:22', '2018-11-10 13:07:22'),
	(2, '50', 47, 0.00, 5000.00, 0.00, 0.00, 0.00, 0.00, 62318.00, 62318.00, 0.00, '2018', NULL, NULL, '2018-11-22 12:54:41', '2018-11-22 12:54:41');
/*!40000 ALTER TABLE `pms_special_annual_tax` ENABLE KEYS */;

-- Dumping structure for table mwss.pms_step_increments
DROP TABLE IF EXISTS `pms_step_increments`;
CREATE TABLE IF NOT EXISTS `pms_step_increments` (
  `id` int(11) NOT NULL AUTO_INCREMENT,
  `employee_id` int(11) DEFAULT NULL,
  `employee_number` varchar(225) DEFAULT NULL,
  `old_basic_pay_amount` decimal(13,2) DEFAULT NULL,
  `new_basic_pay_amount` decimal(13,2) DEFAULT NULL,
  `salary_adjustment_amount` decimal(13,2) DEFAULT NULL,
  `gross_pay_amount` decimal(13,2) DEFAULT NULL,
  `gsis_cont_amount` decimal(13,2) DEFAULT NULL,
  `philhealth_cont_amount` decimal(13,2) DEFAULT NULL,
  `provident_fund_amount` decimal(13,2) DEFAULT NULL,
  `wtax_amount` decimal(13,2) DEFAULT NULL,
  `first_deduction_amount` decimal(13,2) DEFAULT NULL,
  `second_deduction_amount` decimal(13,2) DEFAULT NULL,
  `third_deduction_amount` decimal(13,2) DEFAULT NULL,
  `fourth_deduction_amount` decimal(13,2) DEFAULT NULL,
  `date_from` date DEFAULT NULL,
  `date_to` date DEFAULT NULL,
  `transaction_date` date DEFAULT NULL,
  `created_by` int(11) DEFAULT NULL,
  `updated_by` int(11) DEFAULT NULL,
  `created_at` timestamp NULL DEFAULT NULL,
  `updated_at` timestamp NULL DEFAULT NULL,
  PRIMARY KEY (`id`)
) ENGINE=InnoDB AUTO_INCREMENT=2 DEFAULT CHARSET=latin1;

-- Dumping data for table mwss.pms_step_increments: ~1 rows (approximately)
/*!40000 ALTER TABLE `pms_step_increments` DISABLE KEYS */;
INSERT INTO `pms_step_increments` (`id`, `employee_id`, `employee_number`, `old_basic_pay_amount`, `new_basic_pay_amount`, `salary_adjustment_amount`, `gross_pay_amount`, `gsis_cont_amount`, `philhealth_cont_amount`, `provident_fund_amount`, `wtax_amount`, `first_deduction_amount`, `second_deduction_amount`, `third_deduction_amount`, `fourth_deduction_amount`, `date_from`, `date_to`, `transaction_date`, `created_by`, `updated_by`, `created_at`, `updated_at`) VALUES
	(1, 17, NULL, 0.00, 42730.00, 42730.00, 52903.81, 52903.81, 0.00, NULL, 0.00, 0.00, 0.00, 0.00, 0.00, '2018-11-04', '2018-11-30', '2018-11-23', 2, NULL, '2018-11-23 02:19:39', '2018-11-23 02:19:39');
/*!40000 ALTER TABLE `pms_step_increments` ENABLE KEYS */;

-- Dumping structure for table mwss.pms_taxannualtable
DROP TABLE IF EXISTS `pms_taxannualtable`;
CREATE TABLE IF NOT EXISTS `pms_taxannualtable` (
  `id` bigint(50) NOT NULL AUTO_INCREMENT,
  `code` varchar(10) DEFAULT NULL,
  `name` varchar(300) DEFAULT NULL,
  `below` decimal(6,2) DEFAULT NULL,
  `above` decimal(6,2) DEFAULT NULL,
  `rate` varchar(255) DEFAULT NULL,
  `effectivity_date` date DEFAULT NULL,
  `remarks` varchar(300) DEFAULT NULL,
  `created_at` timestamp NULL DEFAULT NULL,
  `updated_at` timestamp NULL DEFAULT NULL,
  `updated_by` int(11) DEFAULT NULL,
  PRIMARY KEY (`id`)
) ENGINE=InnoDB DEFAULT CHARSET=latin1;

-- Dumping data for table mwss.pms_taxannualtable: ~0 rows (approximately)
/*!40000 ALTER TABLE `pms_taxannualtable` DISABLE KEYS */;
/*!40000 ALTER TABLE `pms_taxannualtable` ENABLE KEYS */;

-- Dumping structure for table mwss.pms_taxespolicy
DROP TABLE IF EXISTS `pms_taxespolicy`;
CREATE TABLE IF NOT EXISTS `pms_taxespolicy` (
  `id` int(11) NOT NULL AUTO_INCREMENT,
  `policy_name` varchar(225) DEFAULT NULL,
  `pay_period` varchar(225) DEFAULT NULL,
  `deduction_period` varchar(225) DEFAULT NULL,
  `policy_type` varchar(225) DEFAULT NULL,
  `based_on` varchar(225) DEFAULT NULL,
  `computation` varchar(225) DEFAULT NULL,
  `is_withholding` varchar(225) DEFAULT NULL,
  `job_grade_rate` decimal(9,2) DEFAULT NULL,
  `remarks` varchar(225) DEFAULT NULL,
  `created_at` timestamp NULL DEFAULT NULL,
  `updated_at` timestamp NULL DEFAULT NULL,
  `updated_by` int(11) DEFAULT NULL,
  PRIMARY KEY (`id`)
) ENGINE=InnoDB AUTO_INCREMENT=11 DEFAULT CHARSET=latin1;

-- Dumping data for table mwss.pms_taxespolicy: ~6 rows (approximately)
/*!40000 ALTER TABLE `pms_taxespolicy` DISABLE KEYS */;
INSERT INTO `pms_taxespolicy` (`id`, `policy_name`, `pay_period`, `deduction_period`, `policy_type`, `based_on`, `computation`, `is_withholding`, `job_grade_rate`, `remarks`, `created_at`, `updated_at`, `updated_by`) VALUES
	(2, 'STANDARD POLICY', 'Monthly', 'Both', 'System Generated', 'Gross Salary', 'Gross Taxable', 'Monthly', NULL, NULL, '2018-06-19 17:24:26', '2018-06-21 04:31:17', NULL),
	(6, 'EWT 2 %', 'Monthly', 'Both', 'System Generated', 'Gross Salary', 'Gross Taxable', 'Annual', 0.02, NULL, '2018-08-07 06:01:11', '2018-08-09 09:45:31', NULL),
	(7, 'EWT 5 %', 'Monthly', 'Both', 'System Generated', 'Gross Salary', 'Gross Taxable', NULL, 0.05, NULL, '2018-08-07 06:01:49', '2018-08-07 06:01:49', NULL),
	(8, 'PWT 5 %', 'Monthly', 'Both', 'System Generated', 'Gross Salary', 'Gross Taxable', NULL, 0.05, NULL, '2018-08-07 06:02:10', '2018-08-07 06:02:10', NULL),
	(9, 'ITW 10 %', 'Monthly', 'Both', 'System Generated', 'Gross Salary', 'Gross Taxable', NULL, 0.10, NULL, '2018-08-09 09:46:08', '2018-08-09 09:46:08', NULL),
	(10, 'ITW 3 %', 'Monthly', 'Both', 'System Generated', 'Gross Salary', 'Gross Taxable', 'Annual', 0.03, NULL, '2018-08-09 09:46:49', '2018-08-09 09:48:15', NULL);
/*!40000 ALTER TABLE `pms_taxespolicy` ENABLE KEYS */;

-- Dumping structure for table mwss.pms_taxtable
DROP TABLE IF EXISTS `pms_taxtable`;
CREATE TABLE IF NOT EXISTS `pms_taxtable` (
  `id` bigint(50) NOT NULL AUTO_INCREMENT,
  `payperiod` varchar(225) DEFAULT NULL,
  `salary_bracket_level1` decimal(9,2) DEFAULT NULL,
  `salary_bracket_level2` decimal(9,2) DEFAULT NULL,
  `salary_bracket_level3` decimal(9,2) DEFAULT NULL,
  `salary_bracket_level4` decimal(9,2) DEFAULT NULL,
  `salary_bracket_level5` decimal(9,2) DEFAULT NULL,
  `salary_bracket_level6` decimal(9,2) DEFAULT NULL,
  `status` varchar(225) DEFAULT NULL,
  `effectivity_date` date DEFAULT NULL,
  `remarks` varchar(300) DEFAULT NULL,
  `created_at` timestamp NULL DEFAULT NULL,
  `updated_at` timestamp NULL DEFAULT NULL,
  `updated_by` int(11) DEFAULT NULL,
  PRIMARY KEY (`id`)
) ENGINE=InnoDB AUTO_INCREMENT=5 DEFAULT CHARSET=latin1;

-- Dumping data for table mwss.pms_taxtable: ~4 rows (approximately)
/*!40000 ALTER TABLE `pms_taxtable` DISABLE KEYS */;
INSERT INTO `pms_taxtable` (`id`, `payperiod`, `salary_bracket_level1`, `salary_bracket_level2`, `salary_bracket_level3`, `salary_bracket_level4`, `salary_bracket_level5`, `salary_bracket_level6`, `status`, `effectivity_date`, `remarks`, `created_at`, `updated_at`, `updated_by`) VALUES
	(1, 'Daily', 0.00, 0.00, 82.19, 356.16, 1342.47, 6602.74, NULL, '2018-06-12', NULL, '2018-06-11 09:52:22', '2018-06-11 09:52:22', NULL),
	(2, 'Monthly', 0.00, 0.00, 2500.00, 10833.33, 40833.33, 200833.33, NULL, '2018-06-12', NULL, '2018-06-11 09:52:22', '2018-06-11 09:52:22', NULL),
	(3, 'Semi Monthly', 0.00, 0.00, 1250.00, 5416.67, 20416.67, 100416.67, NULL, '2018-06-12', NULL, '2018-06-11 09:52:22', '2018-06-11 09:52:22', NULL),
	(4, 'Weekly', 0.00, 0.00, 576.92, 2500.00, 9423.08, 46346.15, NULL, '2018-06-12', NULL, '2018-06-11 09:52:22', '2018-06-11 09:52:22', NULL);
/*!40000 ALTER TABLE `pms_taxtable` ENABLE KEYS */;

-- Dumping structure for table mwss.pms_transactions
DROP TABLE IF EXISTS `pms_transactions`;
CREATE TABLE IF NOT EXISTS `pms_transactions` (
  `id` int(11) NOT NULL AUTO_INCREMENT,
  `employee_number` varchar(225) DEFAULT NULL,
  `employee_id` int(11) DEFAULT NULL,
  `salaryinfo_id` int(11) DEFAULT NULL,
  `division_id` int(11) DEFAULT NULL,
  `company_id` int(11) DEFAULT NULL,
  `position_item_id` int(11) DEFAULT NULL,
  `position_id` int(11) DEFAULT NULL,
  `office_id` int(11) DEFAULT NULL,
  `department_id` int(11) DEFAULT NULL,
  `empstatus_id` int(11) DEFAULT NULL,
  `employeeinfo_id` int(11) DEFAULT NULL,
  `actual_workdays` int(11) DEFAULT NULL,
  `adjust_workdays` int(11) DEFAULT NULL,
  `actual_absences` int(11) DEFAULT NULL,
  `adjust_absences` int(11) DEFAULT NULL,
  `actual_tardiness` int(11) DEFAULT NULL,
  `adjust_tardiness` int(11) DEFAULT NULL,
  `actual_undertime` int(11) DEFAULT NULL,
  `adjust_undertime` int(11) DEFAULT NULL,
  `actual_basicpay_amount` decimal(9,2) DEFAULT NULL,
  `adjust_basicpay_amount` decimal(9,2) DEFAULT NULL,
  `total_basicpay_amount` decimal(9,2) DEFAULT NULL,
  `actual_absences_amount` decimal(9,2) DEFAULT NULL,
  `adjust_absences_amount` decimal(9,2) DEFAULT NULL,
  `total_absences_amount` decimal(9,2) DEFAULT NULL,
  `actual_tardines_amount` decimal(9,2) DEFAULT NULL,
  `adjust_tardines_amount` decimal(9,2) DEFAULT NULL,
  `total_tardines_amount` decimal(9,2) DEFAULT NULL,
  `actual_undertime_amount` decimal(9,2) DEFAULT NULL,
  `adjust_undertime_amount` decimal(9,2) DEFAULT NULL,
  `total_undertime_amount` decimal(9,2) DEFAULT NULL,
  `basic_net_pay` decimal(9,2) DEFAULT NULL,
  `actual_contribution` decimal(9,2) DEFAULT NULL,
  `adjust_contribution` decimal(9,2) DEFAULT NULL,
  `total_contribution` decimal(9,2) DEFAULT NULL,
  `actual_loan` decimal(9,2) DEFAULT NULL,
  `adjust_loan` decimal(9,2) DEFAULT NULL,
  `total_loan` decimal(9,2) DEFAULT NULL,
  `actual_otherdeduct` decimal(9,2) DEFAULT NULL,
  `adjust_otherdeduct` decimal(9,2) DEFAULT NULL,
  `total_otherdeduct` decimal(9,2) DEFAULT NULL,
  `net_deduction` decimal(9,2) DEFAULT NULL,
  `ecc_amount` decimal(9,2) DEFAULT NULL,
  `tax_amount` decimal(9,2) DEFAULT NULL,
  `gross_pay` decimal(9,2) DEFAULT NULL,
  `gross_taxable_pay` decimal(9,2) DEFAULT NULL,
  `net_pay` decimal(9,2) DEFAULT NULL,
  `pay_period` varchar(225) DEFAULT NULL,
  `hold` int(11) DEFAULT NULL,
  `year` varchar(225) DEFAULT NULL,
  `month` varchar(225) DEFAULT NULL,
  `created_at` timestamp NULL DEFAULT NULL,
  `updated_at` timestamp NULL DEFAULT NULL,
  `updated_by` int(11) DEFAULT NULL,
  PRIMARY KEY (`id`)
) ENGINE=InnoDB AUTO_INCREMENT=110 DEFAULT CHARSET=latin1;

-- Dumping data for table mwss.pms_transactions: ~0 rows (approximately)
/*!40000 ALTER TABLE `pms_transactions` DISABLE KEYS */;
INSERT INTO `pms_transactions` (`id`, `employee_number`, `employee_id`, `salaryinfo_id`, `division_id`, `company_id`, `position_item_id`, `position_id`, `office_id`, `department_id`, `empstatus_id`, `employeeinfo_id`, `actual_workdays`, `adjust_workdays`, `actual_absences`, `adjust_absences`, `actual_tardiness`, `adjust_tardiness`, `actual_undertime`, `adjust_undertime`, `actual_basicpay_amount`, `adjust_basicpay_amount`, `total_basicpay_amount`, `actual_absences_amount`, `adjust_absences_amount`, `total_absences_amount`, `actual_tardines_amount`, `adjust_tardines_amount`, `total_tardines_amount`, `actual_undertime_amount`, `adjust_undertime_amount`, `total_undertime_amount`, `basic_net_pay`, `actual_contribution`, `adjust_contribution`, `total_contribution`, `actual_loan`, `adjust_loan`, `total_loan`, `actual_otherdeduct`, `adjust_otherdeduct`, `total_otherdeduct`, `net_deduction`, `ecc_amount`, `tax_amount`, `gross_pay`, `gross_taxable_pay`, `net_pay`, `pay_period`, `hold`, `year`, `month`, `created_at`, `updated_at`, `updated_by`) VALUES
	(1, '105', 17, 17, 0, NULL, 0, 73, 1, 0, 3, 1, 21, NULL, NULL, NULL, NULL, NULL, NULL, NULL, 42730.00, NULL, NULL, NULL, NULL, NULL, NULL, NULL, NULL, NULL, NULL, NULL, 42730.00, NULL, NULL, 4495.70, NULL, NULL, 0.00, NULL, NULL, 0.00, 4495.70, 100.00, 4849.25, 42730.00, 38234.30, 33385.05, NULL, NULL, '2018', 'November', '2018-11-23 05:46:28', '2018-11-23 05:46:28', NULL),
	(2, '115', 22, 22, 0, NULL, 0, 64, 0, 0, 3, 2, 21, NULL, NULL, NULL, NULL, NULL, NULL, NULL, 59597.00, NULL, NULL, NULL, NULL, NULL, NULL, NULL, NULL, NULL, NULL, NULL, 59597.00, NULL, NULL, 6013.73, NULL, NULL, 3324.21, NULL, NULL, 0.00, 9337.94, 100.00, 9066.00, 59597.00, 53583.27, 44517.27, NULL, NULL, '2018', 'November', '2018-11-23 05:46:28', '2018-11-23 05:46:28', NULL),
	(3, '50', 47, 47, 0, NULL, 1, 10, 2, 0, 3, 3, 21, NULL, NULL, NULL, NULL, NULL, NULL, NULL, 114981.00, NULL, NULL, NULL, NULL, NULL, NULL, NULL, NULL, NULL, NULL, NULL, 114981.00, NULL, NULL, 10998.29, NULL, NULL, 9107.68, NULL, NULL, 2353.00, 22458.97, 100.00, 25327.53, 114981.00, 103982.71, 78655.18, NULL, NULL, '2018', 'November', '2018-11-23 05:46:29', '2018-11-23 05:46:29', NULL),
	(4, '38', 10, 10, 0, NULL, 0, 67, 0, 0, 3, 4, 21, NULL, NULL, NULL, NULL, NULL, NULL, NULL, 100708.00, NULL, NULL, NULL, NULL, NULL, NULL, NULL, NULL, NULL, NULL, NULL, 100708.00, NULL, NULL, 9713.72, NULL, NULL, 1100.00, NULL, NULL, 10136.00, 20949.72, 100.00, 21045.63, 100708.00, 90994.28, 69948.65, NULL, NULL, '2018', 'November', '2018-11-23 05:46:29', '2018-11-23 05:46:29', NULL),
	(5, '129', 30, 30, 0, NULL, 0, 23, 0, 0, 3, 5, 21, NULL, NULL, NULL, NULL, NULL, NULL, NULL, 65604.00, NULL, NULL, NULL, NULL, NULL, NULL, NULL, NULL, NULL, NULL, NULL, 65604.00, NULL, NULL, 6554.36, NULL, NULL, 0.00, NULL, NULL, 0.00, 6554.36, 100.00, 10567.75, 65604.00, 59049.64, 48481.89, NULL, NULL, '2018', 'November', '2018-11-23 05:46:29', '2018-11-23 05:46:29', NULL),
	(6, '120', 24, 24, 0, NULL, 0, 61, 0, 0, 3, 6, 21, NULL, NULL, NULL, NULL, NULL, NULL, NULL, 38085.00, NULL, NULL, NULL, NULL, NULL, NULL, NULL, NULL, NULL, NULL, NULL, 38085.00, NULL, NULL, 4051.32, NULL, NULL, 0.00, NULL, NULL, 1568.00, 5619.32, 100.00, 3688.00, 38085.00, 34033.68, 30345.68, NULL, NULL, '2018', 'November', '2018-11-23 05:46:30', '2018-11-23 05:46:30', NULL),
	(7, '138', 35, 35, 0, NULL, 0, 64, 0, 0, 3, 7, 21, NULL, NULL, NULL, NULL, NULL, NULL, NULL, 58717.00, NULL, NULL, NULL, NULL, NULL, NULL, NULL, NULL, NULL, NULL, NULL, 58717.00, NULL, NULL, 5934.53, NULL, NULL, 0.00, NULL, NULL, 0.00, 5934.53, 100.00, 8846.00, 58717.00, 52782.47, 43936.47, NULL, NULL, '2018', 'November', '2018-11-23 05:46:30', '2018-11-23 05:46:30', NULL),
	(8, '69', 48, 48, 4, NULL, 2, 17, 3, 0, 3, 8, 21, NULL, NULL, NULL, NULL, NULL, NULL, NULL, 15895.00, NULL, NULL, NULL, NULL, NULL, NULL, NULL, NULL, NULL, NULL, NULL, 15895.00, NULL, NULL, 1749.11, NULL, NULL, 5904.15, NULL, NULL, 1600.00, 9253.26, 100.00, 0.00, 15895.00, 14145.89, 14145.89, NULL, NULL, '2018', 'November', '2018-11-23 05:46:30', '2018-11-23 05:46:30', NULL),
	(9, '37', 9, 9, 0, NULL, 0, 66, 0, 0, 3, 9, 21, NULL, NULL, NULL, NULL, NULL, NULL, NULL, 63252.00, NULL, NULL, NULL, NULL, NULL, NULL, NULL, NULL, NULL, NULL, NULL, 63252.00, NULL, NULL, 6342.68, NULL, NULL, 11987.88, NULL, NULL, 3100.00, 21430.56, 100.00, 9979.75, 63252.00, 56909.32, 46929.57, NULL, NULL, '2018', 'November', '2018-11-23 05:46:31', '2018-11-23 05:46:31', NULL),
	(10, '23', 5, 5, 0, NULL, 0, 13, 0, 0, 3, 10, 21, NULL, NULL, NULL, NULL, NULL, NULL, NULL, 51428.00, NULL, NULL, NULL, NULL, NULL, NULL, NULL, NULL, NULL, NULL, NULL, 51428.00, NULL, NULL, 5278.52, NULL, NULL, 23816.52, NULL, NULL, 2100.00, 31195.04, 100.00, 7023.75, 51428.00, 46149.48, 39125.73, NULL, NULL, '2018', 'November', '2018-11-23 05:46:31', '2018-11-23 05:46:31', NULL),
	(11, '110', 19, 19, 0, NULL, 0, 74, 0, 0, 3, 11, 21, NULL, NULL, NULL, NULL, NULL, NULL, NULL, 15380.00, NULL, NULL, NULL, NULL, NULL, NULL, NULL, NULL, NULL, NULL, NULL, 15380.00, NULL, NULL, 1695.67, NULL, NULL, 0.00, NULL, NULL, 1200.00, 2895.67, 100.00, 0.00, 15380.00, 13684.33, 13684.33, NULL, NULL, '2018', 'November', '2018-11-23 05:46:31', '2018-11-23 05:46:31', NULL),
	(12, '117', 23, 23, 0, NULL, 0, 74, 0, 0, 3, 12, 21, NULL, NULL, NULL, NULL, NULL, NULL, NULL, 15254.00, NULL, NULL, NULL, NULL, NULL, NULL, NULL, NULL, NULL, NULL, NULL, 15254.00, NULL, NULL, 1682.60, NULL, NULL, 1462.65, NULL, NULL, 700.00, 3845.25, 100.00, 0.00, 15254.00, 13571.40, 13571.40, NULL, NULL, '2018', 'November', '2018-11-23 05:46:31', '2018-11-23 05:46:31', NULL),
	(13, '128', 29, 29, 0, NULL, 0, 75, 0, 0, 3, 13, 21, NULL, NULL, NULL, NULL, NULL, NULL, NULL, 114981.00, NULL, NULL, NULL, NULL, NULL, NULL, NULL, NULL, NULL, NULL, NULL, 114981.00, NULL, NULL, 10998.29, NULL, NULL, 0.00, NULL, NULL, 1760.00, 12758.29, 100.00, 25327.53, 114981.00, 103982.71, 78655.18, NULL, NULL, '2018', 'November', '2018-11-23 05:46:32', '2018-11-23 05:46:32', NULL),
	(14, '126', 27, 27, 0, NULL, 0, 74, 0, 0, 3, 14, 21, NULL, NULL, NULL, NULL, NULL, NULL, NULL, 15254.00, NULL, NULL, NULL, NULL, NULL, NULL, NULL, NULL, NULL, NULL, NULL, 15254.00, NULL, NULL, 1682.60, NULL, NULL, 0.00, NULL, NULL, 0.00, 1682.60, 100.00, 0.00, 15254.00, 13571.40, 13571.40, NULL, NULL, '2018', 'November', '2018-11-23 05:46:32', '2018-11-23 05:46:32', NULL),
	(15, '36', 49, 49, 7, NULL, 3, 12, 4, 0, 3, 15, 21, NULL, NULL, NULL, NULL, NULL, NULL, NULL, 41413.00, NULL, NULL, NULL, NULL, NULL, NULL, NULL, NULL, NULL, NULL, NULL, 41413.00, NULL, NULL, 4396.60, NULL, NULL, 19752.81, NULL, NULL, 2100.00, 26249.41, 100.00, 4520.00, 41413.00, 37016.40, 32496.40, NULL, NULL, '2018', 'November', '2018-11-23 05:46:32', '2018-11-23 05:46:32', NULL),
	(16, '59', 13, 13, 0, NULL, 0, 14, 0, 0, 3, 16, 21, NULL, NULL, NULL, NULL, NULL, NULL, NULL, 49184.00, NULL, NULL, NULL, NULL, NULL, NULL, NULL, NULL, NULL, NULL, NULL, 49184.00, NULL, NULL, 5076.56, NULL, NULL, 5600.00, NULL, NULL, 3100.00, 13776.56, 100.00, 6462.75, 49184.00, 44107.44, 37644.69, NULL, NULL, '2018', 'November', '2018-11-23 05:46:32', '2018-11-23 05:46:32', NULL),
	(17, '96', 50, 50, 4, NULL, 4, 14, 3, 0, 3, 17, 21, NULL, NULL, NULL, NULL, NULL, NULL, NULL, 49184.00, NULL, NULL, NULL, NULL, NULL, NULL, NULL, NULL, NULL, NULL, NULL, 49184.00, NULL, NULL, 5076.56, NULL, NULL, 1100.00, NULL, NULL, 2600.00, 8776.56, 100.00, 6462.75, 49184.00, 44107.44, 37644.69, NULL, NULL, '2018', 'November', '2018-11-23 05:46:33', '2018-11-23 05:46:33', NULL),
	(18, '127', 28, 28, 0, NULL, 0, 61, 0, 0, 3, 19, 21, NULL, NULL, NULL, NULL, NULL, NULL, NULL, 38085.00, NULL, NULL, NULL, NULL, NULL, NULL, NULL, NULL, NULL, NULL, NULL, 38085.00, NULL, NULL, 4051.32, NULL, NULL, 0.00, NULL, NULL, 0.00, 4051.32, 100.00, 3688.00, 38085.00, 34033.68, 30345.68, NULL, NULL, '2018', 'November', '2018-11-23 05:46:33', '2018-11-23 05:46:33', NULL),
	(19, '61', 14, 14, 0, NULL, 0, 70, 0, 0, 3, 18, 21, NULL, NULL, NULL, NULL, NULL, NULL, NULL, 34130.00, NULL, NULL, NULL, NULL, NULL, NULL, NULL, NULL, NULL, NULL, NULL, 34130.00, NULL, NULL, 3640.99, NULL, NULL, 12939.07, NULL, NULL, 1600.00, 18180.06, 100.00, 2699.25, 34130.00, 30489.01, 27789.76, NULL, NULL, '2018', 'November', '2018-11-23 05:46:33', '2018-11-23 05:46:33', NULL),
	(20, '29', 7, 7, 0, NULL, 0, 64, 0, 0, 3, 20, 21, NULL, NULL, NULL, NULL, NULL, NULL, NULL, 64200.00, NULL, NULL, NULL, NULL, NULL, NULL, NULL, NULL, NULL, NULL, NULL, 64200.00, NULL, NULL, 6428.00, NULL, NULL, 18205.91, NULL, NULL, 2100.00, 26733.91, 100.00, 10216.75, 64200.00, 57772.00, 47555.25, NULL, NULL, '2018', 'November', '2018-11-23 05:46:33', '2018-11-23 05:46:33', NULL),
	(21, '113', 20, 20, 0, NULL, 0, 18, 0, 0, 3, 21, 21, NULL, NULL, NULL, NULL, NULL, NULL, NULL, 53341.00, NULL, NULL, NULL, NULL, NULL, NULL, NULL, NULL, NULL, NULL, NULL, 53341.00, NULL, NULL, 5450.69, NULL, NULL, 6980.84, NULL, NULL, 0.00, 12431.53, 100.00, 7502.00, 53341.00, 47890.31, 40388.31, NULL, NULL, '2018', 'November', '2018-11-23 05:46:34', '2018-11-23 05:46:34', NULL),
	(22, '130', 51, 51, 1, NULL, 5, 8, 1, 0, 3, 22, 21, NULL, NULL, NULL, NULL, NULL, NULL, NULL, 38085.00, NULL, NULL, NULL, NULL, NULL, NULL, NULL, NULL, NULL, NULL, NULL, 38085.00, NULL, NULL, 4051.32, NULL, NULL, 0.00, NULL, NULL, 0.00, 4051.32, 100.00, 3688.00, 38085.00, 34033.68, 30345.68, NULL, NULL, '2018', 'November', '2018-11-23 05:46:34', '2018-11-23 05:46:34', NULL),
	(23, '72', 52, 52, 4, NULL, 6, 17, 3, 0, 3, 23, 21, NULL, NULL, NULL, NULL, NULL, NULL, NULL, 15895.00, NULL, NULL, NULL, NULL, NULL, NULL, NULL, NULL, NULL, NULL, NULL, 15895.00, NULL, NULL, 1749.11, NULL, NULL, 7864.76, NULL, NULL, 1400.00, 11013.87, 100.00, 0.00, 15895.00, 14145.89, 14145.89, NULL, NULL, '2018', 'November', '2018-11-23 05:46:34', '2018-11-23 05:46:34', NULL),
	(24, '30', 8, 8, 0, NULL, 0, 65, 0, 0, 3, 24, 21, NULL, NULL, NULL, NULL, NULL, NULL, NULL, 92108.00, NULL, NULL, NULL, NULL, NULL, NULL, NULL, NULL, NULL, NULL, NULL, 92108.00, NULL, NULL, 8939.72, NULL, NULL, 32430.30, NULL, NULL, 1756.00, 43126.02, 100.00, 18465.63, 92108.00, 83168.28, 64702.65, NULL, NULL, '2018', 'November', '2018-11-23 05:46:35', '2018-11-23 05:46:35', NULL),
	(25, '40', 11, 11, 0, NULL, 0, 68, 0, 0, 3, 25, 21, NULL, NULL, NULL, NULL, NULL, NULL, NULL, 92108.00, NULL, NULL, NULL, NULL, NULL, NULL, NULL, NULL, NULL, NULL, NULL, 92108.00, NULL, NULL, 8939.72, NULL, NULL, 11188.71, NULL, NULL, 934.00, 21062.43, 100.00, 18465.63, 92108.00, 83168.28, 64702.65, NULL, NULL, '2018', 'November', '2018-11-23 05:46:36', '2018-11-23 05:46:36', NULL),
	(26, '136', 34, 34, 0, NULL, 0, 74, 0, 0, 3, 26, 21, NULL, NULL, NULL, NULL, NULL, NULL, NULL, 15254.00, NULL, NULL, NULL, NULL, NULL, NULL, NULL, NULL, NULL, NULL, NULL, 15254.00, NULL, NULL, 1682.60, NULL, NULL, 0.00, NULL, NULL, 0.00, 1682.60, 100.00, 0.00, 15254.00, 13571.40, 13571.40, NULL, NULL, '2018', 'November', '2018-11-23 05:46:36', '2018-11-23 05:46:36', NULL),
	(27, '131', 53, 53, 5, NULL, 7, 24, 3, 0, 3, 27, 21, NULL, NULL, NULL, NULL, NULL, NULL, NULL, 52554.00, NULL, NULL, NULL, NULL, NULL, NULL, NULL, NULL, NULL, NULL, NULL, 52554.00, NULL, NULL, 5379.86, NULL, NULL, 0.00, NULL, NULL, 2000.00, 7379.86, 100.00, 7305.25, 52554.00, 47174.14, 39868.89, NULL, NULL, '2018', 'November', '2018-11-23 05:46:37', '2018-11-23 05:46:37', NULL),
	(28, '135', 33, 33, 0, NULL, 0, 77, 0, 0, 3, 28, 21, NULL, NULL, NULL, NULL, NULL, NULL, NULL, 38085.00, NULL, NULL, NULL, NULL, NULL, NULL, NULL, NULL, NULL, NULL, NULL, 38085.00, NULL, NULL, 4051.32, NULL, NULL, 0.00, NULL, NULL, 0.00, 4051.32, 100.00, 3688.00, 38085.00, 34033.68, 30345.68, NULL, NULL, '2018', 'November', '2018-11-23 05:46:37', '2018-11-23 05:46:37', NULL),
	(29, '121', 25, 25, 0, NULL, 0, 74, 0, 0, 3, 29, 21, NULL, NULL, NULL, NULL, NULL, NULL, NULL, 15254.00, NULL, NULL, NULL, NULL, NULL, NULL, NULL, NULL, NULL, NULL, NULL, 15254.00, NULL, NULL, 1682.60, NULL, NULL, 0.00, NULL, NULL, 1190.00, 2872.60, 100.00, 0.00, 15254.00, 13571.40, 13571.40, NULL, NULL, '2018', 'November', '2018-11-23 05:46:37', '2018-11-23 05:46:37', NULL),
	(30, '123', 55, 55, 0, NULL, 8, 10, 3, 0, 3, 30, 21, NULL, NULL, NULL, NULL, NULL, NULL, NULL, 114981.00, NULL, NULL, NULL, NULL, NULL, NULL, NULL, NULL, NULL, NULL, NULL, 114981.00, NULL, NULL, 10998.29, NULL, NULL, 0.00, NULL, NULL, 0.00, 10998.29, 100.00, 25327.53, 114981.00, 103982.71, 78655.18, NULL, NULL, '2018', 'November', '2018-11-23 05:46:37', '2018-11-23 05:46:37', NULL),
	(31, '24', 56, 56, 3, NULL, 9, 12, 2, 0, 3, 31, 21, NULL, NULL, NULL, NULL, NULL, NULL, NULL, 41413.00, NULL, NULL, NULL, NULL, NULL, NULL, NULL, NULL, NULL, NULL, NULL, 41413.00, NULL, NULL, 4396.60, NULL, NULL, 15020.71, NULL, NULL, 1756.00, 21173.31, 100.00, 4520.00, 41413.00, 37016.40, 32496.40, NULL, NULL, '2018', 'November', '2018-11-23 05:46:38', '2018-11-23 05:46:38', NULL),
	(32, '21', 3, 3, 0, NULL, 0, 63, 0, 0, 3, 32, 21, NULL, NULL, NULL, NULL, NULL, NULL, NULL, 62318.00, NULL, NULL, NULL, NULL, NULL, NULL, NULL, NULL, NULL, NULL, NULL, 62318.00, NULL, NULL, 6258.62, NULL, NULL, 13550.09, NULL, NULL, 4064.00, 23872.71, 100.00, 9746.25, 62318.00, 56059.38, 46313.13, NULL, NULL, '2018', 'November', '2018-11-23 05:46:38', '2018-11-23 05:46:38', NULL),
	(33, '28', 6, 6, 0, NULL, 0, 11, 0, 0, 3, 33, 21, NULL, NULL, NULL, NULL, NULL, NULL, NULL, 64200.00, NULL, NULL, NULL, NULL, NULL, NULL, NULL, NULL, NULL, NULL, NULL, 64200.00, NULL, NULL, 6428.00, NULL, NULL, 300.00, NULL, NULL, 950.00, 7678.00, 100.00, 10216.75, 64200.00, 57772.00, 47555.25, NULL, NULL, '2018', 'November', '2018-11-23 05:46:39', '2018-11-23 05:46:39', NULL),
	(34, '70', 58, 58, 4, NULL, 10, 17, 3, 0, 3, 34, 21, NULL, NULL, NULL, NULL, NULL, NULL, NULL, 15895.00, NULL, NULL, NULL, NULL, NULL, NULL, NULL, NULL, NULL, NULL, NULL, 15895.00, NULL, NULL, 1749.11, NULL, NULL, 6931.76, NULL, NULL, 1100.00, 9780.87, 100.00, 0.00, 15895.00, 14145.89, 14145.89, NULL, NULL, '2018', 'November', '2018-11-23 05:46:39', '2018-11-23 05:46:39', NULL),
	(35, '97', 16, 16, 0, NULL, 0, 72, 0, 0, 3, 35, 21, NULL, NULL, NULL, NULL, NULL, NULL, NULL, 22149.00, NULL, NULL, NULL, NULL, NULL, NULL, NULL, NULL, NULL, NULL, NULL, 22149.00, NULL, NULL, 2397.96, NULL, NULL, 8159.57, NULL, NULL, 1210.00, 11767.53, 100.00, 263.20, 22149.00, 19751.04, 19487.84, NULL, NULL, '2018', 'November', '2018-11-23 05:46:40', '2018-11-23 05:46:40', NULL),
	(36, '133', 59, 59, 2, NULL, 11, 6, 2, 0, 3, 36, 21, NULL, NULL, NULL, NULL, NULL, NULL, NULL, 92108.00, NULL, NULL, NULL, NULL, NULL, NULL, NULL, NULL, NULL, NULL, NULL, 92108.00, NULL, NULL, 8939.72, NULL, NULL, 18639.53, NULL, NULL, 0.00, 27579.25, 100.00, 18465.63, 92108.00, 83168.28, 64702.65, NULL, NULL, '2018', 'November', '2018-11-23 05:46:41', '2018-11-23 05:46:41', NULL),
	(37, '125', 60, 60, 0, NULL, 12, 2, 1, 0, 3, 37, 21, NULL, NULL, NULL, NULL, NULL, NULL, NULL, 65604.00, NULL, NULL, NULL, NULL, NULL, NULL, NULL, NULL, NULL, NULL, NULL, 65604.00, NULL, NULL, 6554.36, NULL, NULL, 0.00, NULL, NULL, 0.00, 6554.36, 100.00, 10567.75, 65604.00, 59049.64, 48481.89, NULL, NULL, '2018', 'November', '2018-11-23 05:46:41', '2018-11-23 05:46:41', NULL),
	(38, '81', 61, 61, 4, NULL, 13, 14, 3, 0, 3, 38, 21, NULL, NULL, NULL, NULL, NULL, NULL, NULL, 49921.00, NULL, NULL, NULL, NULL, NULL, NULL, NULL, NULL, NULL, NULL, NULL, 49921.00, NULL, NULL, 5142.89, NULL, NULL, 15308.43, NULL, NULL, 4100.00, 24551.32, 100.00, 6647.00, 49921.00, 44778.11, 38131.11, NULL, NULL, '2018', 'November', '2018-11-23 05:46:42', '2018-11-23 05:46:42', NULL),
	(39, '112', 63, 63, 4, NULL, 14, 58, 3, 0, 3, 39, 21, NULL, NULL, NULL, NULL, NULL, NULL, NULL, 29010.00, NULL, NULL, NULL, NULL, NULL, NULL, NULL, NULL, NULL, NULL, NULL, 29010.00, NULL, NULL, 3109.79, NULL, NULL, 0.00, NULL, NULL, 3226.00, 6335.79, 100.00, 1635.40, 29010.00, 25900.21, 24264.81, NULL, NULL, '2018', 'November', '2018-11-23 05:46:43', '2018-11-23 05:46:43', NULL),
	(40, '15', 2, 2, 0, NULL, 0, 62, 0, 0, 3, 40, 21, NULL, NULL, NULL, NULL, NULL, NULL, NULL, 38085.00, NULL, NULL, NULL, NULL, NULL, NULL, NULL, NULL, NULL, NULL, NULL, 38085.00, NULL, NULL, 4051.32, NULL, NULL, 13319.76, NULL, NULL, 1100.00, 18471.08, 100.00, 3688.00, 38085.00, 34033.68, 30345.68, NULL, NULL, '2018', 'November', '2018-11-23 05:46:43', '2018-11-23 05:46:43', NULL),
	(41, '22', 4, 4, 0, NULL, 0, 22, 0, 0, 3, 41, 21, NULL, NULL, NULL, NULL, NULL, NULL, NULL, 15254.00, NULL, NULL, NULL, NULL, NULL, NULL, NULL, NULL, NULL, NULL, NULL, 15254.00, NULL, NULL, 1682.60, NULL, NULL, 5416.85, NULL, NULL, 1300.00, 8399.45, 100.00, 0.00, 15254.00, 13571.40, 13571.40, NULL, NULL, '2018', 'November', '2018-11-23 05:46:44', '2018-11-23 05:46:44', NULL),
	(42, '118', 64, 64, 4, NULL, 15, 17, 3, 0, 3, 42, 21, NULL, NULL, NULL, NULL, NULL, NULL, NULL, 15380.00, NULL, NULL, NULL, NULL, NULL, NULL, NULL, NULL, NULL, NULL, NULL, 15380.00, NULL, NULL, 1695.67, NULL, NULL, 2123.61, NULL, NULL, 0.00, 3819.28, 100.00, 0.00, 15380.00, 13684.33, 13684.33, NULL, NULL, '2018', 'November', '2018-11-23 05:46:44', '2018-11-23 05:46:44', NULL),
	(43, '80', 15, 15, 0, NULL, 0, 71, 0, 0, 3, 43, 21, NULL, NULL, NULL, NULL, NULL, NULL, NULL, 92108.00, NULL, NULL, NULL, NULL, NULL, NULL, NULL, NULL, NULL, NULL, NULL, 92108.00, NULL, NULL, 8939.72, NULL, NULL, 1100.00, NULL, NULL, 4700.00, 14739.72, 100.00, 18465.63, 92108.00, 83168.28, 64702.65, NULL, NULL, '2018', 'November', '2018-11-23 05:46:44', '2018-11-23 05:46:44', NULL),
	(44, '73', 65, 65, 4, NULL, 16, 17, 3, 0, 3, 44, 21, NULL, NULL, NULL, NULL, NULL, NULL, NULL, 15895.00, NULL, NULL, NULL, NULL, NULL, NULL, NULL, NULL, NULL, NULL, NULL, 15895.00, NULL, NULL, 1749.11, NULL, NULL, 3573.76, NULL, NULL, 1100.00, 6422.87, 100.00, 0.00, 15895.00, 14145.89, 14145.89, NULL, NULL, '2018', 'November', '2018-11-23 05:46:45', '2018-11-23 05:46:45', NULL),
	(45, '12', 66, 66, 4, NULL, 17, 6, 3, 0, 3, 45, 21, NULL, NULL, NULL, NULL, NULL, NULL, NULL, 102217.00, NULL, NULL, NULL, NULL, NULL, NULL, NULL, NULL, NULL, NULL, NULL, 102217.00, NULL, NULL, 9849.53, NULL, NULL, 54284.21, NULL, NULL, 5100.00, 69233.74, 100.00, 21498.33, 102217.00, 92367.47, 70869.14, NULL, NULL, '2018', 'November', '2018-11-23 05:46:45', '2018-11-23 05:46:45', NULL),
	(46, '114', 21, 21, 0, NULL, 0, 27, 0, 0, 3, 46, 21, NULL, NULL, NULL, NULL, NULL, NULL, NULL, 42730.00, NULL, NULL, NULL, NULL, NULL, NULL, NULL, NULL, NULL, NULL, NULL, 42730.00, NULL, NULL, 4495.70, NULL, NULL, 0.00, NULL, NULL, 2137.00, 6632.70, 100.00, 4849.25, 42730.00, 38234.30, 33385.05, NULL, NULL, '2018', 'November', '2018-11-23 05:46:45', '2018-11-23 05:46:45', NULL),
	(47, '122', 26, 26, 0, NULL, 0, 4, 0, 0, 3, 47, 21, NULL, NULL, NULL, NULL, NULL, NULL, NULL, 24224.00, NULL, NULL, NULL, NULL, NULL, NULL, NULL, NULL, NULL, NULL, NULL, 24224.00, NULL, NULL, 2613.24, NULL, NULL, 0.00, NULL, NULL, 6212.00, 8825.24, 100.00, 678.20, 24224.00, 21610.76, 20932.56, NULL, NULL, '2018', 'November', '2018-11-23 05:46:45', '2018-11-23 05:46:45', NULL),
	(48, '33', 69, 69, 0, NULL, 18, 11, 4, 0, 3, 48, 21, NULL, NULL, NULL, NULL, NULL, NULL, NULL, 65162.00, NULL, NULL, NULL, NULL, NULL, NULL, NULL, NULL, NULL, NULL, NULL, 65162.00, NULL, NULL, 6514.58, NULL, NULL, 17949.57, NULL, NULL, 3100.00, 27564.15, 100.00, 10457.25, 65162.00, 58647.42, 48190.17, NULL, NULL, '2018', 'November', '2018-11-23 05:46:46', '2018-11-23 05:46:46', NULL),
	(49, '11', 1, 1, 0, NULL, 0, 61, 0, 0, 3, 49, 22, NULL, NULL, NULL, NULL, NULL, NULL, NULL, 38543.00, NULL, NULL, NULL, NULL, NULL, NULL, NULL, NULL, NULL, NULL, NULL, 38543.00, NULL, NULL, 4098.84, NULL, NULL, 0.00, NULL, NULL, 4360.00, 8458.84, 100.00, 3802.50, 38543.00, 34444.16, 30641.66, NULL, NULL, '2018', 'January', '2018-11-23 05:48:17', '2018-11-23 05:48:17', NULL),
	(50, '132', 31, 31, 0, NULL, 0, 74, 0, 0, 3, 50, 22, NULL, NULL, NULL, NULL, NULL, NULL, NULL, 15254.00, NULL, NULL, NULL, NULL, NULL, NULL, NULL, NULL, NULL, NULL, NULL, 15254.00, NULL, NULL, 1682.60, NULL, NULL, 0.00, NULL, NULL, 330.00, 2012.60, 100.00, 0.00, 15254.00, 13571.40, 13571.40, NULL, NULL, '2018', 'January', '2018-11-23 05:48:17', '2018-11-23 05:48:17', NULL),
	(51, '71', 71, 71, 0, NULL, 19, 59, 1, 0, 3, 51, 22, NULL, NULL, NULL, NULL, NULL, NULL, NULL, 17627.00, NULL, NULL, NULL, NULL, NULL, NULL, NULL, NULL, NULL, NULL, NULL, 17627.00, NULL, NULL, 1928.80, NULL, NULL, 6570.47, NULL, NULL, 1600.00, 10099.27, 100.00, 0.00, 17627.00, 15698.20, 15698.20, NULL, NULL, '2018', 'January', '2018-11-23 05:48:17', '2018-11-23 05:48:17', NULL),
	(52, '85', 72, 72, 8, NULL, 20, 12, 5, 0, 3, 52, 22, NULL, NULL, NULL, NULL, NULL, NULL, NULL, 38085.00, NULL, NULL, NULL, NULL, NULL, NULL, NULL, NULL, NULL, NULL, NULL, 38085.00, NULL, NULL, 4051.32, NULL, NULL, 19559.76, NULL, NULL, 600.00, 24211.08, 100.00, 3688.00, 38085.00, 34033.68, 30345.68, NULL, NULL, '2018', 'January', '2018-11-23 05:48:18', '2018-11-23 05:48:18', NULL),
	(53, '124', 74, 74, 0, NULL, 21, 60, 1, 0, 1, 53, 22, NULL, NULL, NULL, NULL, NULL, NULL, NULL, 128467.00, NULL, NULL, NULL, NULL, NULL, NULL, NULL, NULL, NULL, NULL, NULL, 128467.00, NULL, NULL, 12212.03, NULL, NULL, 0.00, NULL, NULL, 1760.00, 13972.03, 100.00, 29373.33, 128467.00, 116254.97, 86881.64, NULL, NULL, '2018', 'January', '2018-11-23 05:48:18', '2018-11-23 05:48:18', NULL),
	(54, '18', 76, 76, 6, NULL, 22, 25, 4, 0, 3, 54, 22, NULL, NULL, NULL, NULL, NULL, NULL, NULL, 62318.00, NULL, NULL, NULL, NULL, NULL, NULL, NULL, NULL, NULL, NULL, NULL, 62318.00, NULL, NULL, 6258.62, NULL, NULL, 30195.69, NULL, NULL, 2600.00, 39054.31, 100.00, 9746.25, 62318.00, 56059.38, 46313.13, NULL, NULL, '2018', 'January', '2018-11-23 05:48:18', '2018-11-23 05:48:18', NULL),
	(55, '137', 77, 77, 4, NULL, 23, 7, 3, 0, 3, 55, 22, NULL, NULL, NULL, NULL, NULL, NULL, NULL, 15254.00, NULL, NULL, NULL, NULL, NULL, NULL, NULL, NULL, NULL, NULL, NULL, 15254.00, NULL, NULL, 1682.60, NULL, NULL, 0.00, NULL, NULL, 0.00, 1682.60, 100.00, 0.00, 15254.00, 13571.40, 13571.40, NULL, NULL, '2018', 'January', '2018-11-23 05:48:18', '2018-11-23 05:48:18', NULL),
	(56, '109', 18, 18, 0, NULL, 0, 74, 0, 0, 3, 56, 22, NULL, NULL, NULL, NULL, NULL, NULL, NULL, 15380.00, NULL, NULL, NULL, NULL, NULL, NULL, NULL, NULL, NULL, NULL, NULL, 15380.00, NULL, NULL, 1695.67, NULL, NULL, 8495.27, NULL, NULL, 700.00, 10890.94, 100.00, 0.00, 15380.00, 13684.33, 13684.33, NULL, NULL, '2018', 'January', '2018-11-23 05:48:19', '2018-11-23 05:48:19', NULL),
	(57, '51', 12, 12, 0, NULL, 0, 69, 0, 0, 3, 57, 22, NULL, NULL, NULL, NULL, NULL, NULL, NULL, 41413.00, NULL, NULL, NULL, NULL, NULL, NULL, NULL, NULL, NULL, NULL, NULL, 41413.00, NULL, NULL, 4396.60, NULL, NULL, 1300.00, NULL, NULL, 1800.00, 7496.60, 100.00, 4520.00, 41413.00, 37016.40, 32496.40, NULL, NULL, '2018', 'January', '2018-11-23 05:48:19', '2018-11-23 05:48:19', NULL),
	(58, '134', 32, 32, 0, NULL, 0, 76, 0, 0, 3, 58, 22, NULL, NULL, NULL, NULL, NULL, NULL, NULL, 92108.00, NULL, NULL, NULL, NULL, NULL, NULL, NULL, NULL, NULL, NULL, NULL, 92108.00, NULL, NULL, 8939.72, NULL, NULL, 0.00, NULL, NULL, 0.00, 8939.72, 100.00, 18465.63, 92108.00, 83168.28, 64702.65, NULL, NULL, '2018', 'January', '2018-11-23 05:48:20', '2018-11-23 05:48:20', NULL),
	(59, '35', 78, 78, 7, NULL, 24, 26, 4, 0, 3, 59, 22, NULL, NULL, NULL, NULL, NULL, NULL, NULL, 65162.00, NULL, NULL, NULL, NULL, NULL, NULL, NULL, NULL, NULL, NULL, NULL, 65162.00, NULL, NULL, 6514.58, NULL, NULL, 8100.00, NULL, NULL, 3600.00, 18214.58, 100.00, 10457.25, 65162.00, 58647.42, 48190.17, NULL, NULL, '2018', 'January', '2018-11-23 05:48:20', '2018-11-23 05:48:20', NULL),
	(60, '105', 17, 17, 0, NULL, 0, 73, 1, 0, 3, 1, 22, NULL, NULL, NULL, NULL, NULL, NULL, NULL, 42730.00, NULL, NULL, NULL, NULL, NULL, NULL, NULL, NULL, NULL, NULL, NULL, 42730.00, NULL, NULL, 4495.70, NULL, NULL, 0.00, NULL, NULL, 0.00, 4495.70, 100.00, 4849.25, 42730.00, 38234.30, 33385.05, NULL, NULL, '2018', 'January', '2018-11-23 05:48:38', '2018-11-23 05:48:38', NULL),
	(62, '50', 47, 47, 0, NULL, 1, 10, 2, 0, 3, 3, 22, NULL, NULL, NULL, NULL, NULL, NULL, NULL, 114981.00, NULL, NULL, NULL, NULL, NULL, NULL, NULL, NULL, NULL, NULL, NULL, 114981.00, NULL, NULL, 10998.29, NULL, NULL, 9107.68, NULL, NULL, 2353.00, 22458.97, 100.00, 25327.53, 114981.00, 103982.71, 78655.18, NULL, NULL, '2018', 'January', '2018-11-23 05:48:38', '2018-11-23 05:48:38', NULL),
	(63, '38', 10, 10, 0, NULL, 0, 67, 0, 0, 3, 4, 22, NULL, NULL, NULL, NULL, NULL, NULL, NULL, 100708.00, NULL, NULL, NULL, NULL, NULL, NULL, NULL, NULL, NULL, NULL, NULL, 100708.00, NULL, NULL, 9713.72, NULL, NULL, 1100.00, NULL, NULL, 10136.00, 20949.72, 100.00, 21045.63, 100708.00, 90994.28, 69948.65, NULL, NULL, '2018', 'January', '2018-11-23 05:48:39', '2018-11-23 05:48:39', NULL),
	(64, '129', 30, 30, 0, NULL, 0, 23, 0, 0, 3, 5, 22, NULL, NULL, NULL, NULL, NULL, NULL, NULL, 65604.00, NULL, NULL, NULL, NULL, NULL, NULL, NULL, NULL, NULL, NULL, NULL, 65604.00, NULL, NULL, 6554.36, NULL, NULL, 0.00, NULL, NULL, 0.00, 6554.36, 100.00, 10567.75, 65604.00, 59049.64, 48481.89, NULL, NULL, '2018', 'January', '2018-11-23 05:48:39', '2018-11-23 05:48:39', NULL),
	(65, '120', 24, 24, 0, NULL, 0, 61, 0, 0, 3, 6, 22, NULL, NULL, NULL, NULL, NULL, NULL, NULL, 38085.00, NULL, NULL, NULL, NULL, NULL, NULL, NULL, NULL, NULL, NULL, NULL, 38085.00, NULL, NULL, 4051.32, NULL, NULL, 0.00, NULL, NULL, 1568.00, 5619.32, 100.00, 3688.00, 38085.00, 34033.68, 30345.68, NULL, NULL, '2018', 'January', '2018-11-23 05:48:39', '2018-11-23 05:48:39', NULL),
	(66, '138', 35, 35, 0, NULL, 0, 64, 0, 0, 3, 7, 22, NULL, NULL, NULL, NULL, NULL, NULL, NULL, 58717.00, NULL, NULL, NULL, NULL, NULL, NULL, NULL, NULL, NULL, NULL, NULL, 58717.00, NULL, NULL, 5934.53, NULL, NULL, 0.00, NULL, NULL, 0.00, 5934.53, 100.00, 8846.00, 58717.00, 52782.47, 43936.47, NULL, NULL, '2018', 'January', '2018-11-23 05:48:39', '2018-11-23 05:48:39', NULL),
	(67, '69', 48, 48, 4, NULL, 2, 17, 3, 0, 3, 8, 22, NULL, NULL, NULL, NULL, NULL, NULL, NULL, 15895.00, NULL, NULL, NULL, NULL, NULL, NULL, NULL, NULL, NULL, NULL, NULL, 15895.00, NULL, NULL, 1749.11, NULL, NULL, 5904.15, NULL, NULL, 1600.00, 9253.26, 100.00, 0.00, 15895.00, 14145.89, 14145.89, NULL, NULL, '2018', 'January', '2018-11-23 05:48:39', '2018-11-23 05:48:39', NULL),
	(68, '37', 9, 9, 0, NULL, 0, 66, 0, 0, 3, 9, 22, NULL, NULL, NULL, NULL, NULL, NULL, NULL, 63252.00, NULL, NULL, NULL, NULL, NULL, NULL, NULL, NULL, NULL, NULL, NULL, 63252.00, NULL, NULL, 6342.68, NULL, NULL, 11987.88, NULL, NULL, 3100.00, 21430.56, 100.00, 9979.75, 63252.00, 56909.32, 46929.57, NULL, NULL, '2018', 'January', '2018-11-23 05:48:40', '2018-11-23 05:48:40', NULL),
	(69, '23', 5, 5, 0, NULL, 0, 13, 0, 0, 3, 10, 22, NULL, NULL, NULL, NULL, NULL, NULL, NULL, 51428.00, NULL, NULL, NULL, NULL, NULL, NULL, NULL, NULL, NULL, NULL, NULL, 51428.00, NULL, NULL, 5278.52, NULL, NULL, 23816.52, NULL, NULL, 2100.00, 31195.04, 100.00, 7023.75, 51428.00, 46149.48, 39125.73, NULL, NULL, '2018', 'January', '2018-11-23 05:48:41', '2018-11-23 05:48:41', NULL),
	(70, '110', 19, 19, 0, NULL, 0, 74, 0, 0, 3, 11, 22, NULL, NULL, NULL, NULL, NULL, NULL, NULL, 15380.00, NULL, NULL, NULL, NULL, NULL, NULL, NULL, NULL, NULL, NULL, NULL, 15380.00, NULL, NULL, 1695.67, NULL, NULL, 0.00, NULL, NULL, 1200.00, 2895.67, 100.00, 0.00, 15380.00, 13684.33, 13684.33, NULL, NULL, '2018', 'January', '2018-11-23 05:48:41', '2018-11-23 05:48:41', NULL),
	(71, '117', 23, 23, 0, NULL, 0, 74, 0, 0, 3, 12, 22, NULL, NULL, NULL, NULL, NULL, NULL, NULL, 15254.00, NULL, NULL, NULL, NULL, NULL, NULL, NULL, NULL, NULL, NULL, NULL, 15254.00, NULL, NULL, 1682.60, NULL, NULL, 1462.65, NULL, NULL, 700.00, 3845.25, 100.00, 0.00, 15254.00, 13571.40, 13571.40, NULL, NULL, '2018', 'January', '2018-11-23 05:48:41', '2018-11-23 05:48:41', NULL),
	(72, '128', 29, 29, 0, NULL, 0, 75, 0, 0, 3, 13, 22, NULL, NULL, NULL, NULL, NULL, NULL, NULL, 114981.00, NULL, NULL, NULL, NULL, NULL, NULL, NULL, NULL, NULL, NULL, NULL, 114981.00, NULL, NULL, 10998.29, NULL, NULL, 0.00, NULL, NULL, 1760.00, 12758.29, 100.00, 25327.53, 114981.00, 103982.71, 78655.18, NULL, NULL, '2018', 'January', '2018-11-23 05:48:42', '2018-11-23 05:48:42', NULL),
	(73, '126', 27, 27, 0, NULL, 0, 74, 0, 0, 3, 14, 22, NULL, NULL, NULL, NULL, NULL, NULL, NULL, 15254.00, NULL, NULL, NULL, NULL, NULL, NULL, NULL, NULL, NULL, NULL, NULL, 15254.00, NULL, NULL, 1682.60, NULL, NULL, 0.00, NULL, NULL, 0.00, 1682.60, 100.00, 0.00, 15254.00, 13571.40, 13571.40, NULL, NULL, '2018', 'January', '2018-11-23 05:48:42', '2018-11-23 05:48:42', NULL),
	(74, '36', 49, 49, 7, NULL, 3, 12, 4, 0, 3, 15, 22, NULL, NULL, NULL, NULL, NULL, NULL, NULL, 41413.00, NULL, NULL, NULL, NULL, NULL, NULL, NULL, NULL, NULL, NULL, NULL, 41413.00, NULL, NULL, 4396.60, NULL, NULL, 19752.81, NULL, NULL, 2100.00, 26249.41, 100.00, 4520.00, 41413.00, 37016.40, 32496.40, NULL, NULL, '2018', 'January', '2018-11-23 05:48:43', '2018-11-23 05:48:43', NULL),
	(75, '59', 13, 13, 0, NULL, 0, 14, 0, 0, 3, 16, 22, NULL, NULL, NULL, NULL, NULL, NULL, NULL, 49184.00, NULL, NULL, NULL, NULL, NULL, NULL, NULL, NULL, NULL, NULL, NULL, 49184.00, NULL, NULL, 5076.56, NULL, NULL, 5600.00, NULL, NULL, 3100.00, 13776.56, 100.00, 6462.75, 49184.00, 44107.44, 37644.69, NULL, NULL, '2018', 'January', '2018-11-23 05:48:43', '2018-11-23 05:48:43', NULL),
	(76, '96', 50, 50, 4, NULL, 4, 14, 3, 0, 3, 17, 22, NULL, NULL, NULL, NULL, NULL, NULL, NULL, 49184.00, NULL, NULL, NULL, NULL, NULL, NULL, NULL, NULL, NULL, NULL, NULL, 49184.00, NULL, NULL, 5076.56, NULL, NULL, 1100.00, NULL, NULL, 2600.00, 8776.56, 100.00, 6462.75, 49184.00, 44107.44, 37644.69, NULL, NULL, '2018', 'January', '2018-11-23 05:48:44', '2018-11-23 05:48:44', NULL),
	(77, '127', 28, 28, 0, NULL, 0, 61, 0, 0, 3, 19, 22, NULL, NULL, NULL, NULL, NULL, NULL, NULL, 38085.00, NULL, NULL, NULL, NULL, NULL, NULL, NULL, NULL, NULL, NULL, NULL, 38085.00, NULL, NULL, 4051.32, NULL, NULL, 0.00, NULL, NULL, 0.00, 4051.32, 100.00, 3688.00, 38085.00, 34033.68, 30345.68, NULL, NULL, '2018', 'January', '2018-11-23 05:48:44', '2018-11-23 05:48:44', NULL),
	(78, '61', 14, 14, 0, NULL, 0, 70, 0, 0, 3, 18, 22, NULL, NULL, NULL, NULL, NULL, NULL, NULL, 34130.00, NULL, NULL, NULL, NULL, NULL, NULL, NULL, NULL, NULL, NULL, NULL, 34130.00, NULL, NULL, 3640.99, NULL, NULL, 12939.07, NULL, NULL, 1600.00, 18180.06, 100.00, 2699.25, 34130.00, 30489.01, 27789.76, NULL, NULL, '2018', 'January', '2018-11-23 05:48:44', '2018-11-23 05:48:44', NULL),
	(79, '29', 7, 7, 0, NULL, 0, 64, 0, 0, 3, 20, 22, NULL, NULL, NULL, NULL, NULL, NULL, NULL, 64200.00, NULL, NULL, NULL, NULL, NULL, NULL, NULL, NULL, NULL, NULL, NULL, 64200.00, NULL, NULL, 6428.00, NULL, NULL, 18205.91, NULL, NULL, 2100.00, 26733.91, 100.00, 10216.75, 64200.00, 57772.00, 47555.25, NULL, NULL, '2018', 'January', '2018-11-23 05:48:45', '2018-11-23 05:48:45', NULL),
	(80, '113', 20, 20, 0, NULL, 0, 18, 0, 0, 3, 21, 22, NULL, NULL, NULL, NULL, NULL, NULL, NULL, 53341.00, NULL, NULL, NULL, NULL, NULL, NULL, NULL, NULL, NULL, NULL, NULL, 53341.00, NULL, NULL, 5450.69, NULL, NULL, 6980.84, NULL, NULL, 0.00, 12431.53, 100.00, 7502.00, 53341.00, 47890.31, 40388.31, NULL, NULL, '2018', 'January', '2018-11-23 05:48:45', '2018-11-23 05:48:45', NULL),
	(81, '130', 51, 51, 1, NULL, 5, 8, 1, 0, 3, 22, 22, NULL, NULL, NULL, NULL, NULL, NULL, NULL, 38085.00, NULL, NULL, NULL, NULL, NULL, NULL, NULL, NULL, NULL, NULL, NULL, 38085.00, NULL, NULL, 4051.32, NULL, NULL, 0.00, NULL, NULL, 0.00, 4051.32, 100.00, 3688.00, 38085.00, 34033.68, 30345.68, NULL, NULL, '2018', 'January', '2018-11-23 05:48:45', '2018-11-23 05:48:45', NULL),
	(82, '72', 52, 52, 4, NULL, 6, 17, 3, 0, 3, 23, 22, NULL, NULL, NULL, NULL, NULL, NULL, NULL, 15895.00, NULL, NULL, NULL, NULL, NULL, NULL, NULL, NULL, NULL, NULL, NULL, 15895.00, NULL, NULL, 1749.11, NULL, NULL, 7864.76, NULL, NULL, 1400.00, 11013.87, 100.00, 0.00, 15895.00, 14145.89, 14145.89, NULL, NULL, '2018', 'January', '2018-11-23 05:48:46', '2018-11-23 05:48:46', NULL),
	(83, '30', 8, 8, 0, NULL, 0, 65, 0, 0, 3, 24, 22, NULL, NULL, NULL, NULL, NULL, NULL, NULL, 92108.00, NULL, NULL, NULL, NULL, NULL, NULL, NULL, NULL, NULL, NULL, NULL, 92108.00, NULL, NULL, 8939.72, NULL, NULL, 32430.30, NULL, NULL, 1756.00, 43126.02, 100.00, 18465.63, 92108.00, 83168.28, 64702.65, NULL, NULL, '2018', 'January', '2018-11-23 05:48:47', '2018-11-23 05:48:47', NULL),
	(84, '40', 11, 11, 0, NULL, 0, 68, 0, 0, 3, 25, 22, NULL, NULL, NULL, NULL, NULL, NULL, NULL, 92108.00, NULL, NULL, NULL, NULL, NULL, NULL, NULL, NULL, NULL, NULL, NULL, 92108.00, NULL, NULL, 8939.72, NULL, NULL, 11188.71, NULL, NULL, 934.00, 21062.43, 100.00, 18465.63, 92108.00, 83168.28, 64702.65, NULL, NULL, '2018', 'January', '2018-11-23 05:48:47', '2018-11-23 05:48:47', NULL),
	(85, '136', 34, 34, 0, NULL, 0, 74, 0, 0, 3, 26, 22, NULL, NULL, NULL, NULL, NULL, NULL, NULL, 15254.00, NULL, NULL, NULL, NULL, NULL, NULL, NULL, NULL, NULL, NULL, NULL, 15254.00, NULL, NULL, 1682.60, NULL, NULL, 0.00, NULL, NULL, 0.00, 1682.60, 100.00, 0.00, 15254.00, 13571.40, 13571.40, NULL, NULL, '2018', 'January', '2018-11-23 05:48:47', '2018-11-23 05:48:47', NULL),
	(86, '131', 53, 53, 5, NULL, 7, 24, 3, 0, 3, 27, 22, NULL, NULL, NULL, NULL, NULL, NULL, NULL, 52554.00, NULL, NULL, NULL, NULL, NULL, NULL, NULL, NULL, NULL, NULL, NULL, 52554.00, NULL, NULL, 5379.86, NULL, NULL, 0.00, NULL, NULL, 2000.00, 7379.86, 100.00, 7305.25, 52554.00, 47174.14, 39868.89, NULL, NULL, '2018', 'January', '2018-11-23 05:48:47', '2018-11-23 05:48:47', NULL),
	(87, '135', 33, 33, 0, NULL, 0, 77, 0, 0, 3, 28, 22, NULL, NULL, NULL, NULL, NULL, NULL, NULL, 38085.00, NULL, NULL, NULL, NULL, NULL, NULL, NULL, NULL, NULL, NULL, NULL, 38085.00, NULL, NULL, 4051.32, NULL, NULL, 0.00, NULL, NULL, 0.00, 4051.32, 100.00, 3688.00, 38085.00, 34033.68, 30345.68, NULL, NULL, '2018', 'January', '2018-11-23 05:48:47', '2018-11-23 05:48:47', NULL),
	(88, '121', 25, 25, 0, NULL, 0, 74, 0, 0, 3, 29, 22, NULL, NULL, NULL, NULL, NULL, NULL, NULL, 15254.00, NULL, NULL, NULL, NULL, NULL, NULL, NULL, NULL, NULL, NULL, NULL, 15254.00, NULL, NULL, 1682.60, NULL, NULL, 0.00, NULL, NULL, 1190.00, 2872.60, 100.00, 0.00, 15254.00, 13571.40, 13571.40, NULL, NULL, '2018', 'January', '2018-11-23 05:48:48', '2018-11-23 05:48:48', NULL),
	(89, '123', 55, 55, 0, NULL, 8, 10, 3, 0, 3, 30, 22, NULL, NULL, NULL, NULL, NULL, NULL, NULL, 114981.00, NULL, NULL, NULL, NULL, NULL, NULL, NULL, NULL, NULL, NULL, NULL, 114981.00, NULL, NULL, 10998.29, NULL, NULL, 0.00, NULL, NULL, 0.00, 10998.29, 100.00, 25327.53, 114981.00, 103982.71, 78655.18, NULL, NULL, '2018', 'January', '2018-11-23 05:48:48', '2018-11-23 05:48:48', NULL),
	(90, '24', 56, 56, 3, NULL, 9, 12, 2, 0, 3, 31, 22, NULL, NULL, NULL, NULL, NULL, NULL, NULL, 41413.00, NULL, NULL, NULL, NULL, NULL, NULL, NULL, NULL, NULL, NULL, NULL, 41413.00, NULL, NULL, 4396.60, NULL, NULL, 15020.71, NULL, NULL, 1756.00, 21173.31, 100.00, 4520.00, 41413.00, 37016.40, 32496.40, NULL, NULL, '2018', 'January', '2018-11-23 05:48:48', '2018-11-23 05:48:48', NULL),
	(91, '21', 3, 3, 0, NULL, 0, 63, 0, 0, 3, 32, 22, NULL, NULL, NULL, NULL, NULL, NULL, NULL, 62318.00, NULL, NULL, NULL, NULL, NULL, NULL, NULL, NULL, NULL, NULL, NULL, 62318.00, NULL, NULL, 6258.62, NULL, NULL, 13550.09, NULL, NULL, 4064.00, 23872.71, 100.00, 9746.25, 62318.00, 56059.38, 46313.13, NULL, NULL, '2018', 'January', '2018-11-23 05:48:49', '2018-11-23 05:48:49', NULL),
	(92, '28', 6, 6, 0, NULL, 0, 11, 0, 0, 3, 33, 22, NULL, NULL, NULL, NULL, NULL, NULL, NULL, 64200.00, NULL, NULL, NULL, NULL, NULL, NULL, NULL, NULL, NULL, NULL, NULL, 64200.00, NULL, NULL, 6428.00, NULL, NULL, 300.00, NULL, NULL, 950.00, 7678.00, 100.00, 10216.75, 64200.00, 57772.00, 47555.25, NULL, NULL, '2018', 'January', '2018-11-23 05:48:50', '2018-11-23 05:48:50', NULL),
	(93, '70', 58, 58, 4, NULL, 10, 17, 3, 0, 3, 34, 22, NULL, NULL, NULL, NULL, NULL, NULL, NULL, 15895.00, NULL, NULL, NULL, NULL, NULL, NULL, NULL, NULL, NULL, NULL, NULL, 15895.00, NULL, NULL, 1749.11, NULL, NULL, 6931.76, NULL, NULL, 1100.00, 9780.87, 100.00, 0.00, 15895.00, 14145.89, 14145.89, NULL, NULL, '2018', 'January', '2018-11-23 05:48:50', '2018-11-23 05:48:50', NULL),
	(94, '97', 16, 16, 0, NULL, 0, 72, 0, 0, 3, 35, 22, NULL, NULL, NULL, NULL, NULL, NULL, NULL, 22149.00, NULL, NULL, NULL, NULL, NULL, NULL, NULL, NULL, NULL, NULL, NULL, 22149.00, NULL, NULL, 2397.96, NULL, NULL, 8159.57, NULL, NULL, 1210.00, 11767.53, 100.00, 263.20, 22149.00, 19751.04, 19487.84, NULL, NULL, '2018', 'January', '2018-11-23 05:48:51', '2018-11-23 05:48:51', NULL),
	(95, '133', 59, 59, 2, NULL, 11, 6, 2, 0, 3, 36, 22, NULL, NULL, NULL, NULL, NULL, NULL, NULL, 92108.00, NULL, NULL, NULL, NULL, NULL, NULL, NULL, NULL, NULL, NULL, NULL, 92108.00, NULL, NULL, 8939.72, NULL, NULL, 18639.53, NULL, NULL, 0.00, 27579.25, 100.00, 18465.63, 92108.00, 83168.28, 64702.65, NULL, NULL, '2018', 'January', '2018-11-23 05:48:51', '2018-11-23 05:48:51', NULL),
	(96, '125', 60, 60, 0, NULL, 12, 2, 1, 0, 3, 37, 22, NULL, NULL, NULL, NULL, NULL, NULL, NULL, 65604.00, NULL, NULL, NULL, NULL, NULL, NULL, NULL, NULL, NULL, NULL, NULL, 65604.00, NULL, NULL, 6554.36, NULL, NULL, 0.00, NULL, NULL, 0.00, 6554.36, 100.00, 10567.75, 65604.00, 59049.64, 48481.89, NULL, NULL, '2018', 'January', '2018-11-23 05:48:52', '2018-11-23 05:48:52', NULL),
	(97, '81', 61, 61, 4, NULL, 13, 14, 3, 0, 3, 38, 22, NULL, NULL, NULL, NULL, NULL, NULL, NULL, 49921.00, NULL, NULL, NULL, NULL, NULL, NULL, NULL, NULL, NULL, NULL, NULL, 49921.00, NULL, NULL, 5142.89, NULL, NULL, 15308.43, NULL, NULL, 4100.00, 24551.32, 100.00, 6647.00, 49921.00, 44778.11, 38131.11, NULL, NULL, '2018', 'January', '2018-11-23 05:48:53', '2018-11-23 05:48:53', NULL),
	(98, '112', 63, 63, 4, NULL, 14, 58, 3, 0, 3, 39, 22, NULL, NULL, NULL, NULL, NULL, NULL, NULL, 29010.00, NULL, NULL, NULL, NULL, NULL, NULL, NULL, NULL, NULL, NULL, NULL, 29010.00, NULL, NULL, 3109.79, NULL, NULL, 0.00, NULL, NULL, 3226.00, 6335.79, 100.00, 1635.40, 29010.00, 25900.21, 24264.81, NULL, NULL, '2018', 'January', '2018-11-23 05:48:53', '2018-11-23 05:48:53', NULL),
	(99, '15', 2, 2, 0, NULL, 0, 62, 0, 0, 3, 40, 22, NULL, NULL, NULL, NULL, NULL, NULL, NULL, 38085.00, NULL, NULL, NULL, NULL, NULL, NULL, NULL, NULL, NULL, NULL, NULL, 38085.00, NULL, NULL, 4051.32, NULL, NULL, 13319.76, NULL, NULL, 1100.00, 18471.08, 100.00, 3688.00, 38085.00, 34033.68, 30345.68, NULL, NULL, '2018', 'January', '2018-11-23 05:48:54', '2018-11-23 05:48:54', NULL),
	(100, '22', 4, 4, 0, NULL, 0, 22, 0, 0, 3, 41, 22, NULL, NULL, NULL, NULL, NULL, NULL, NULL, 15254.00, NULL, NULL, NULL, NULL, NULL, NULL, NULL, NULL, NULL, NULL, NULL, 15254.00, NULL, NULL, 1682.60, NULL, NULL, 5416.85, NULL, NULL, 1300.00, 8399.45, 100.00, 0.00, 15254.00, 13571.40, 13571.40, NULL, NULL, '2018', 'January', '2018-11-23 05:48:55', '2018-11-23 05:48:55', NULL),
	(101, '118', 64, 64, 4, NULL, 15, 17, 3, 0, 3, 42, 22, NULL, NULL, NULL, NULL, NULL, NULL, NULL, 15380.00, NULL, NULL, NULL, NULL, NULL, NULL, NULL, NULL, NULL, NULL, NULL, 15380.00, NULL, NULL, 1695.67, NULL, NULL, 2123.61, NULL, NULL, 0.00, 3819.28, 100.00, 0.00, 15380.00, 13684.33, 13684.33, NULL, NULL, '2018', 'January', '2018-11-23 05:48:55', '2018-11-23 05:48:55', NULL),
	(102, '80', 15, 15, 0, NULL, 0, 71, 0, 0, 3, 43, 22, NULL, NULL, NULL, NULL, NULL, NULL, NULL, 92108.00, NULL, NULL, NULL, NULL, NULL, NULL, NULL, NULL, NULL, NULL, NULL, 92108.00, NULL, NULL, 8939.72, NULL, NULL, 1100.00, NULL, NULL, 4700.00, 14739.72, 100.00, 18465.63, 92108.00, 83168.28, 64702.65, NULL, NULL, '2018', 'January', '2018-11-23 05:48:55', '2018-11-23 05:48:55', NULL),
	(103, '73', 65, 65, 4, NULL, 16, 17, 3, 0, 3, 44, 22, NULL, NULL, NULL, NULL, NULL, NULL, NULL, 15895.00, NULL, NULL, NULL, NULL, NULL, NULL, NULL, NULL, NULL, NULL, NULL, 15895.00, NULL, NULL, 1749.11, NULL, NULL, 3573.76, NULL, NULL, 1100.00, 6422.87, 100.00, 0.00, 15895.00, 14145.89, 14145.89, NULL, NULL, '2018', 'January', '2018-11-23 05:48:56', '2018-11-23 05:48:56', NULL),
	(104, '12', 66, 66, 4, NULL, 17, 6, 3, 0, 3, 45, 22, NULL, NULL, NULL, NULL, NULL, NULL, NULL, 102217.00, NULL, NULL, NULL, NULL, NULL, NULL, NULL, NULL, NULL, NULL, NULL, 102217.00, NULL, NULL, 9849.53, NULL, NULL, 54284.21, NULL, NULL, 5100.00, 69233.74, 100.00, 21498.33, 102217.00, 92367.47, 70869.14, NULL, NULL, '2018', 'January', '2018-11-23 05:48:57', '2018-11-23 05:48:57', NULL),
	(105, '114', 21, 21, 0, NULL, 0, 27, 0, 0, 3, 46, 22, NULL, NULL, NULL, NULL, NULL, NULL, NULL, 42730.00, NULL, NULL, NULL, NULL, NULL, NULL, NULL, NULL, NULL, NULL, NULL, 42730.00, NULL, NULL, 4495.70, NULL, NULL, 0.00, NULL, NULL, 2137.00, 6632.70, 100.00, 4849.25, 42730.00, 38234.30, 33385.05, NULL, NULL, '2018', 'January', '2018-11-23 05:48:57', '2018-11-23 05:48:57', NULL),
	(106, '122', 26, 26, 0, NULL, 0, 4, 0, 0, 3, 47, 22, NULL, NULL, NULL, NULL, NULL, NULL, NULL, 24224.00, NULL, NULL, NULL, NULL, NULL, NULL, NULL, NULL, NULL, NULL, NULL, 24224.00, NULL, NULL, 2613.24, NULL, NULL, 0.00, NULL, NULL, 6212.00, 8825.24, 100.00, 678.20, 24224.00, 21610.76, 20932.56, NULL, NULL, '2018', 'January', '2018-11-23 05:48:58', '2018-11-23 05:48:58', NULL),
	(107, '33', 69, 69, 0, NULL, 18, 11, 4, 0, 3, 48, 22, NULL, NULL, NULL, NULL, NULL, NULL, NULL, 65162.00, NULL, NULL, NULL, NULL, NULL, NULL, NULL, NULL, NULL, NULL, NULL, 65162.00, NULL, NULL, 6514.58, NULL, NULL, 17949.57, NULL, NULL, 3100.00, 27564.15, 100.00, 10457.25, 65162.00, 58647.42, 48190.17, NULL, NULL, '2018', 'January', '2018-11-23 05:48:59', '2018-11-23 05:48:59', NULL),
	(109, '115', 22, 22, 0, NULL, 0, 64, 0, 0, 3, 2, 22, NULL, NULL, NULL, NULL, NULL, NULL, NULL, 59597.00, NULL, NULL, NULL, NULL, NULL, NULL, NULL, NULL, NULL, NULL, NULL, 59597.00, NULL, NULL, 6013.73, NULL, NULL, 3324.21, NULL, NULL, 0.00, 9337.94, 100.00, 9066.00, 59597.00, 53583.27, 44517.27, NULL, NULL, '2018', 'January', '2018-11-23 05:50:12', '2018-11-23 05:50:12', NULL);
/*!40000 ALTER TABLE `pms_transactions` ENABLE KEYS */;

-- Dumping structure for table mwss.pms_travelrates
DROP TABLE IF EXISTS `pms_travelrates`;
CREATE TABLE IF NOT EXISTS `pms_travelrates` (
  `id` int(11) NOT NULL AUTO_INCREMENT,
  `rate_amount` decimal(9,2) DEFAULT NULL,
  `status` varchar(50) DEFAULT NULL,
  `created_by` int(11) DEFAULT NULL,
  `updated_by` int(11) DEFAULT NULL,
  `created_at` timestamp NULL DEFAULT NULL,
  `updated_at` timestamp NULL DEFAULT NULL,
  PRIMARY KEY (`id`)
) ENGINE=InnoDB AUTO_INCREMENT=3 DEFAULT CHARSET=latin1;

-- Dumping data for table mwss.pms_travelrates: ~0 rows (approximately)
/*!40000 ALTER TABLE `pms_travelrates` DISABLE KEYS */;
INSERT INTO `pms_travelrates` (`id`, `rate_amount`, `status`, `created_by`, `updated_by`, `created_at`, `updated_at`) VALUES
	(2, 800.00, 'travelrate', 2, NULL, '2018-09-10 10:52:44', '2018-09-10 10:52:44');
/*!40000 ALTER TABLE `pms_travelrates` ENABLE KEYS */;

-- Dumping structure for table mwss.pms_travelrate_transactions
DROP TABLE IF EXISTS `pms_travelrate_transactions`;
CREATE TABLE IF NOT EXISTS `pms_travelrate_transactions` (
  `id` int(11) NOT NULL AUTO_INCREMENT,
  `employee_id` int(11) DEFAULT NULL,
  `employee_number` varchar(225) DEFAULT NULL,
  `position_id` int(11) DEFAULT NULL,
  `travel_rate_id` int(11) DEFAULT NULL,
  `rate_id` int(11) DEFAULT NULL,
  `number_of_days` int(11) DEFAULT NULL,
  `travel_rate_amount` decimal(9,2) DEFAULT NULL,
  `net_amount` decimal(9,2) DEFAULT NULL,
  `remarks` varchar(50) DEFAULT NULL,
  `created_by` int(11) DEFAULT NULL,
  `updated_by` int(11) DEFAULT NULL,
  `created_at` timestamp NULL DEFAULT NULL,
  `updated_at` timestamp NULL DEFAULT NULL,
  PRIMARY KEY (`id`)
) ENGINE=InnoDB AUTO_INCREMENT=4 DEFAULT CHARSET=latin1;

-- Dumping data for table mwss.pms_travelrate_transactions: ~1 rows (approximately)
/*!40000 ALTER TABLE `pms_travelrate_transactions` DISABLE KEYS */;
INSERT INTO `pms_travelrate_transactions` (`id`, `employee_id`, `employee_number`, `position_id`, `travel_rate_id`, `rate_id`, `number_of_days`, `travel_rate_amount`, `net_amount`, `remarks`, `created_by`, `updated_by`, `created_at`, `updated_at`) VALUES
	(2, 22, NULL, 64, 2, 16, 12, 600.00, 7200.00, '2018-11-22', 2, NULL, '2018-11-22 16:29:50', '2018-11-22 16:29:50'),
	(3, 47, NULL, 10, 2, 15, 11, 800.00, 8800.00, '2018-11-23', 2, NULL, '2018-11-23 05:52:22', '2018-11-23 05:52:22');
/*!40000 ALTER TABLE `pms_travelrate_transactions` ENABLE KEYS */;

-- Dumping structure for table mwss.pms_wagerates
DROP TABLE IF EXISTS `pms_wagerates`;
CREATE TABLE IF NOT EXISTS `pms_wagerates` (
  `id` int(11) NOT NULL AUTO_INCREMENT,
  `wage_region` varchar(225) DEFAULT NULL,
  `wage_rate` decimal(9,2) DEFAULT NULL,
  `effectivity_date` date DEFAULT NULL,
  `based_on` varchar(225) DEFAULT NULL,
  `remarks` varchar(225) DEFAULT NULL,
  `created_at` timestamp NULL DEFAULT NULL,
  `updated_at` timestamp NULL DEFAULT NULL,
  `updated_by` int(11) DEFAULT NULL,
  PRIMARY KEY (`id`)
) ENGINE=InnoDB AUTO_INCREMENT=2 DEFAULT CHARSET=latin1;

-- Dumping data for table mwss.pms_wagerates: ~0 rows (approximately)
/*!40000 ALTER TABLE `pms_wagerates` DISABLE KEYS */;
INSERT INTO `pms_wagerates` (`id`, `wage_region`, `wage_rate`, `effectivity_date`, `based_on`, `remarks`, `created_at`, `updated_at`, `updated_by`) VALUES
	(1, 'National Capital Region', 200.00, '2018-06-19', NULL, NULL, '2018-06-12 03:34:42', '2018-06-12 03:34:42', NULL);
/*!40000 ALTER TABLE `pms_wagerates` ENABLE KEYS */;

/*!40101 SET SQL_MODE=IFNULL(@OLD_SQL_MODE, '') */;
/*!40014 SET FOREIGN_KEY_CHECKS=IF(@OLD_FOREIGN_KEY_CHECKS IS NULL, 1, @OLD_FOREIGN_KEY_CHECKS) */;
/*!40101 SET CHARACTER_SET_CLIENT=@OLD_CHARACTER_SET_CLIENT */;
